{
    "ACH": {
        "precision": 0.9122807017543859,
        "recall": 0.8813559322033898,
        "f1-score": 0.8965517241379309,
        "support": 118
    },
    "ATE": {
        "precision": 0.8823529411764706,
        "recall": 0.8823529411764706,
        "f1-score": 0.8823529411764706,
        "support": 17
    },
    "BOR": {
        "precision": 0.8888888888888888,
        "recall": 0.8888888888888888,
        "f1-score": 0.8888888888888888,
        "support": 9
    },
    "CAL": {
        "precision": 0.9484536082474226,
        "recall": 0.9292929292929293,
        "f1-score": 0.9387755102040816,
        "support": 99
    },
    "LOC": {
        "precision": 0.8623853211009175,
        "recall": 0.8034188034188035,
        "f1-score": 0.8318584070796462,
        "support": 117
    },
    "TAM": {
        "precision": 0.8571428571428571,
        "recall": 0.896551724137931,
        "f1-score": 0.8764044943820224,
        "support": 87
    },
    "micro avg": {
        "precision": 0.8947368421052632,
        "recall": 0.8747203579418344,
        "f1-score": 0.8846153846153846,
        "support": 447
    },
    "macro avg": {
        "precision": 0.891917386385157,
        "recall": 0.8803102031864022,
        "f1-score": 0.8858053276448401,
        "support": 447
    },
    "weighted avg": {
        "precision": 0.8948915909703541,
        "recall": 0.8747203579418344,
        "f1-score": 0.8843545941790482,
        "support": 447
    }
}