{
    "ACH": {
        "precision": 0.9469026548672567,
        "recall": 0.9067796610169492,
        "f1-score": 0.9264069264069263,
        "support": 118
    },
    "ATE": {
        "precision": 0.8421052631578947,
        "recall": 0.9411764705882353,
        "f1-score": 0.8888888888888888,
        "support": 17
    },
    "BOR": {
        "precision": 1.0,
        "recall": 1.0,
        "f1-score": 1.0,
        "support": 9
    },
    "CAL": {
        "precision": 0.9306930693069307,
        "recall": 0.9494949494949495,
        "f1-score": 0.9400000000000001,
        "support": 99
    },
    "LOC": {
        "precision": 0.8771929824561403,
        "recall": 0.8547008547008547,
        "f1-score": 0.8658008658008658,
        "support": 117
    },
    "TAM": {
        "precision": 0.8235294117647058,
        "recall": 0.9655172413793104,
        "f1-score": 0.888888888888889,
        "support": 87
    },
    "micro avg": {
        "precision": 0.8951965065502183,
        "recall": 0.9172259507829977,
        "f1-score": 0.9060773480662985,
        "support": 447
    },
    "macro avg": {
        "precision": 0.903403896925488,
        "recall": 0.9362781961967165,
        "f1-score": 0.9183309283309283,
        "support": 447
    },
    "weighted avg": {
        "precision": 0.8981377055487796,
        "recall": 0.9172259507829977,
        "f1-score": 0.9063068524813491,
        "support": 447
    }
}