{
    "ACH": {
        "precision": 0.9130434782608695,
        "recall": 0.8898305084745762,
        "f1-score": 0.9012875536480687,
        "support": 118
    },
    "ATE": {
        "precision": 0.8333333333333334,
        "recall": 0.8823529411764706,
        "f1-score": 0.8571428571428571,
        "support": 17
    },
    "BOR": {
        "precision": 0.8888888888888888,
        "recall": 0.8888888888888888,
        "f1-score": 0.8888888888888888,
        "support": 9
    },
    "CAL": {
        "precision": 0.9574468085106383,
        "recall": 0.9090909090909091,
        "f1-score": 0.9326424870466321,
        "support": 99
    },
    "LOC": {
        "precision": 0.8715596330275229,
        "recall": 0.811965811965812,
        "f1-score": 0.8407079646017699,
        "support": 117
    },
    "TAM": {
        "precision": 0.8924731182795699,
        "recall": 0.9540229885057471,
        "f1-score": 0.9222222222222222,
        "support": 87
    },
    "micro avg": {
        "precision": 0.9041095890410958,
        "recall": 0.8859060402684564,
        "f1-score": 0.894915254237288,
        "support": 447
    },
    "macro avg": {
        "precision": 0.8927908767168038,
        "recall": 0.8893586746837339,
        "f1-score": 0.8904819955917399,
        "support": 447
    },
    "weighted avg": {
        "precision": 0.904498142054911,
        "recall": 0.8859060402684564,
        "f1-score": 0.8945215465576234,
        "support": 447
    }
}