{
    "ACH": {
        "precision": 0.9043478260869565,
        "recall": 0.8813559322033898,
        "f1-score": 0.8927038626609441,
        "support": 118
    },
    "ATE": {
        "precision": 0.8333333333333334,
        "recall": 0.8823529411764706,
        "f1-score": 0.8571428571428571,
        "support": 17
    },
    "BOR": {
        "precision": 0.8181818181818182,
        "recall": 1.0,
        "f1-score": 0.9,
        "support": 9
    },
    "CAL": {
        "precision": 0.8846153846153846,
        "recall": 0.9292929292929293,
        "f1-score": 0.9064039408866995,
        "support": 99
    },
    "LOC": {
        "precision": 0.8151260504201681,
        "recall": 0.8290598290598291,
        "f1-score": 0.8220338983050848,
        "support": 117
    },
    "TAM": {
        "precision": 0.7345132743362832,
        "recall": 0.9540229885057471,
        "f1-score": 0.83,
        "support": 87
    },
    "micro avg": {
        "precision": 0.8333333333333334,
        "recall": 0.8948545861297539,
        "f1-score": 0.8629989212513485,
        "support": 447
    },
    "macro avg": {
        "precision": 0.831686281162324,
        "recall": 0.9126807700397275,
        "f1-score": 0.8680474264992643,
        "support": 447
    },
    "weighted avg": {
        "precision": 0.8391334951944145,
        "recall": 0.8948545861297539,
        "f1-score": 0.8638309633442911,
        "support": 447
    }
}