{
    "ACH": {
        "precision": 0.923728813559322,
        "recall": 0.923728813559322,
        "f1-score": 0.923728813559322,
        "support": 118
    },
    "ATE": {
        "precision": 0.8333333333333334,
        "recall": 0.8823529411764706,
        "f1-score": 0.8571428571428571,
        "support": 17
    },
    "BOR": {
        "precision": 1.0,
        "recall": 1.0,
        "f1-score": 1.0,
        "support": 9
    },
    "CAL": {
        "precision": 0.912621359223301,
        "recall": 0.9494949494949495,
        "f1-score": 0.9306930693069307,
        "support": 99
    },
    "LOC": {
        "precision": 0.8571428571428571,
        "recall": 0.8205128205128205,
        "f1-score": 0.8384279475982533,
        "support": 117
    },
    "TAM": {
        "precision": 0.9101123595505618,
        "recall": 0.9310344827586207,
        "f1-score": 0.9204545454545454,
        "support": 87
    },
    "micro avg": {
        "precision": 0.8997772828507795,
        "recall": 0.9038031319910514,
        "f1-score": 0.9017857142857143,
        "support": 447
    },
    "macro avg": {
        "precision": 0.9061564538015624,
        "recall": 0.917854001250364,
        "f1-score": 0.9117412055103179,
        "support": 447
    },
    "weighted avg": {
        "precision": 0.899287854130619,
        "recall": 0.9038031319910514,
        "f1-score": 0.9013101963229436,
        "support": 447
    }
}