{
    "ACH": {
        "precision": 0.9541284403669725,
        "recall": 0.8813559322033898,
        "f1-score": 0.9162995594713658,
        "support": 118
    },
    "ATE": {
        "precision": 0.9375,
        "recall": 0.8823529411764706,
        "f1-score": 0.9090909090909091,
        "support": 17
    },
    "BOR": {
        "precision": 0.875,
        "recall": 0.7777777777777778,
        "f1-score": 0.823529411764706,
        "support": 9
    },
    "CAL": {
        "precision": 0.9285714285714286,
        "recall": 0.9191919191919192,
        "f1-score": 0.9238578680203046,
        "support": 99
    },
    "LOC": {
        "precision": 0.8773584905660378,
        "recall": 0.7948717948717948,
        "f1-score": 0.8340807174887892,
        "support": 117
    },
    "TAM": {
        "precision": 0.8586956521739131,
        "recall": 0.9080459770114943,
        "f1-score": 0.88268156424581,
        "support": 87
    },
    "micro avg": {
        "precision": 0.9067599067599068,
        "recall": 0.8702460850111857,
        "f1-score": 0.8881278538812786,
        "support": 447
    },
    "macro avg": {
        "precision": 0.905209001946392,
        "recall": 0.8605993903721411,
        "f1-score": 0.8815900050136474,
        "support": 447
    },
    "weighted avg": {
        "precision": 0.9075742562130448,
        "recall": 0.8702460850111857,
        "f1-score": 0.8877680696815053,
        "support": 447
    }
}