{
    "ACH": {
        "precision": 0.9428571428571428,
        "recall": 0.8389830508474576,
        "f1-score": 0.8878923766816144,
        "support": 118
    },
    "ATE": {
        "precision": 0.8125,
        "recall": 0.7647058823529411,
        "f1-score": 0.787878787878788,
        "support": 17
    },
    "BOR": {
        "precision": 0.9,
        "recall": 1.0,
        "f1-score": 0.9473684210526316,
        "support": 9
    },
    "CAL": {
        "precision": 0.9325842696629213,
        "recall": 0.8383838383838383,
        "f1-score": 0.8829787234042553,
        "support": 99
    },
    "LOC": {
        "precision": 0.8787878787878788,
        "recall": 0.7435897435897436,
        "f1-score": 0.8055555555555556,
        "support": 117
    },
    "TAM": {
        "precision": 0.8953488372093024,
        "recall": 0.8850574712643678,
        "f1-score": 0.8901734104046243,
        "support": 87
    },
    "micro avg": {
        "precision": 0.908641975308642,
        "recall": 0.8232662192393736,
        "f1-score": 0.863849765258216,
        "support": 447
    },
    "macro avg": {
        "precision": 0.8936796880862076,
        "recall": 0.8451199977397247,
        "f1-score": 0.866974545829578,
        "support": 447
    },
    "weighted avg": {
        "precision": 0.9087450027050631,
        "recall": 0.8232662192393736,
        "f1-score": 0.8630906844610003,
        "support": 447
    }
}