{
    "ACH": {
        "precision": 0.9454545454545454,
        "recall": 0.8813559322033898,
        "f1-score": 0.9122807017543859,
        "support": 118
    },
    "ATE": {
        "precision": 0.9166666666666666,
        "recall": 0.6470588235294118,
        "f1-score": 0.7586206896551724,
        "support": 17
    },
    "BOR": {
        "precision": 0.8888888888888888,
        "recall": 0.8888888888888888,
        "f1-score": 0.8888888888888888,
        "support": 9
    },
    "CAL": {
        "precision": 0.9387755102040817,
        "recall": 0.9292929292929293,
        "f1-score": 0.934010152284264,
        "support": 99
    },
    "LOC": {
        "precision": 0.8508771929824561,
        "recall": 0.8290598290598291,
        "f1-score": 0.8398268398268399,
        "support": 117
    },
    "TAM": {
        "precision": 0.898876404494382,
        "recall": 0.9195402298850575,
        "f1-score": 0.9090909090909091,
        "support": 87
    },
    "micro avg": {
        "precision": 0.9074074074074074,
        "recall": 0.8769574944071589,
        "f1-score": 0.8919226393629125,
        "support": 447
    },
    "macro avg": {
        "precision": 0.90658986811517,
        "recall": 0.8491994388099177,
        "f1-score": 0.87378636358341,
        "support": 447
    },
    "weighted avg": {
        "precision": 0.9079208590092447,
        "recall": 0.8769574944071589,
        "f1-score": 0.8911931296598365,
        "support": 447
    }
}