{
    "ACH": {
        "precision": 0.926605504587156,
        "recall": 0.8559322033898306,
        "f1-score": 0.8898678414096917,
        "support": 118
    },
    "ATE": {
        "precision": 0.8333333333333334,
        "recall": 0.8823529411764706,
        "f1-score": 0.8571428571428571,
        "support": 17
    },
    "BOR": {
        "precision": 0.6363636363636364,
        "recall": 0.7777777777777778,
        "f1-score": 0.7000000000000001,
        "support": 9
    },
    "CAL": {
        "precision": 0.9278350515463918,
        "recall": 0.9090909090909091,
        "f1-score": 0.9183673469387756,
        "support": 99
    },
    "LOC": {
        "precision": 0.8545454545454545,
        "recall": 0.8034188034188035,
        "f1-score": 0.8281938325991189,
        "support": 117
    },
    "TAM": {
        "precision": 0.8690476190476191,
        "recall": 0.8390804597701149,
        "f1-score": 0.8538011695906432,
        "support": 87
    },
    "micro avg": {
        "precision": 0.8857808857808858,
        "recall": 0.8501118568232662,
        "f1-score": 0.867579908675799,
        "support": 447
    },
    "macro avg": {
        "precision": 0.8412884332372652,
        "recall": 0.8446088491039845,
        "f1-score": 0.8412288412801812,
        "support": 447
    },
    "weighted avg": {
        "precision": 0.8874228637075563,
        "recall": 0.8501118568232662,
        "f1-score": 0.8679498464724695,
        "support": 447
    }
}