{
    "ACH": {
        "precision": 0.9292035398230089,
        "recall": 0.8898305084745762,
        "f1-score": 0.9090909090909091,
        "support": 118
    },
    "ATE": {
        "precision": 0.8888888888888888,
        "recall": 0.9411764705882353,
        "f1-score": 0.9142857142857143,
        "support": 17
    },
    "BOR": {
        "precision": 0.8888888888888888,
        "recall": 0.8888888888888888,
        "f1-score": 0.8888888888888888,
        "support": 9
    },
    "CAL": {
        "precision": 0.9393939393939394,
        "recall": 0.9393939393939394,
        "f1-score": 0.9393939393939394,
        "support": 99
    },
    "LOC": {
        "precision": 0.8918918918918919,
        "recall": 0.8461538461538461,
        "f1-score": 0.868421052631579,
        "support": 117
    },
    "TAM": {
        "precision": 0.8681318681318682,
        "recall": 0.9080459770114943,
        "f1-score": 0.8876404494382023,
        "support": 87
    },
    "micro avg": {
        "precision": 0.9070294784580499,
        "recall": 0.8948545861297539,
        "f1-score": 0.9009009009009009,
        "support": 447
    },
    "macro avg": {
        "precision": 0.9010665028364144,
        "recall": 0.9022482717518301,
        "f1-score": 0.9012868256215388,
        "support": 447
    },
    "weighted avg": {
        "precision": 0.9074629814072708,
        "recall": 0.8948545861297539,
        "f1-score": 0.9007730798089546,
        "support": 447
    }
}