{
    "ACH": {
        "precision": 0.9137931034482759,
        "recall": 0.8983050847457628,
        "f1-score": 0.9059829059829059,
        "support": 118
    },
    "ATE": {
        "precision": 0.8235294117647058,
        "recall": 0.8235294117647058,
        "f1-score": 0.8235294117647058,
        "support": 17
    },
    "BOR": {
        "precision": 1.0,
        "recall": 0.8888888888888888,
        "f1-score": 0.9411764705882353,
        "support": 9
    },
    "CAL": {
        "precision": 0.9207920792079208,
        "recall": 0.9393939393939394,
        "f1-score": 0.9300000000000002,
        "support": 99
    },
    "LOC": {
        "precision": 0.8103448275862069,
        "recall": 0.8034188034188035,
        "f1-score": 0.8068669527896996,
        "support": 117
    },
    "TAM": {
        "precision": 0.8297872340425532,
        "recall": 0.896551724137931,
        "f1-score": 0.861878453038674,
        "support": 87
    },
    "micro avg": {
        "precision": 0.8694690265486725,
        "recall": 0.8791946308724832,
        "f1-score": 0.8743047830923247,
        "support": 447
    },
    "macro avg": {
        "precision": 0.8830411093416104,
        "recall": 0.8750146420583386,
        "f1-score": 0.8782390323607036,
        "support": 447
    },
    "weighted avg": {
        "precision": 0.8702188730151432,
        "recall": 0.8791946308724832,
        "f1-score": 0.8743477181924756,
        "support": 447
    }
}