{
    "ACH": {
        "precision": 0.9428571428571428,
        "recall": 0.8389830508474576,
        "f1-score": 0.8878923766816144,
        "support": 118
    },
    "ATE": {
        "precision": 0.8235294117647058,
        "recall": 0.8235294117647058,
        "f1-score": 0.8235294117647058,
        "support": 17
    },
    "BOR": {
        "precision": 0.8888888888888888,
        "recall": 0.8888888888888888,
        "f1-score": 0.8888888888888888,
        "support": 9
    },
    "CAL": {
        "precision": 0.9183673469387755,
        "recall": 0.9090909090909091,
        "f1-score": 0.9137055837563451,
        "support": 99
    },
    "LOC": {
        "precision": 0.8434782608695652,
        "recall": 0.8290598290598291,
        "f1-score": 0.8362068965517241,
        "support": 117
    },
    "TAM": {
        "precision": 0.8586956521739131,
        "recall": 0.9080459770114943,
        "f1-score": 0.88268156424581,
        "support": 87
    },
    "micro avg": {
        "precision": 0.8876146788990825,
        "recall": 0.8657718120805369,
        "f1-score": 0.8765571913929784,
        "support": 447
    },
    "macro avg": {
        "precision": 0.8793027839154987,
        "recall": 0.8662663444438808,
        "f1-score": 0.8721507869815147,
        "support": 447
    },
    "weighted avg": {
        "precision": 0.8894160815770722,
        "recall": 0.8657718120805369,
        "f1-score": 0.8766390519602816,
        "support": 447
    }
}