{
    "ACH": {
        "precision": 0.8983050847457628,
        "recall": 0.8983050847457628,
        "f1-score": 0.8983050847457628,
        "support": 118
    },
    "ATE": {
        "precision": 0.7142857142857143,
        "recall": 0.8823529411764706,
        "f1-score": 0.7894736842105262,
        "support": 17
    },
    "BOR": {
        "precision": 0.8,
        "recall": 0.8888888888888888,
        "f1-score": 0.8421052631578948,
        "support": 9
    },
    "CAL": {
        "precision": 0.92,
        "recall": 0.9292929292929293,
        "f1-score": 0.9246231155778895,
        "support": 99
    },
    "LOC": {
        "precision": 0.8319327731092437,
        "recall": 0.8461538461538461,
        "f1-score": 0.8389830508474577,
        "support": 117
    },
    "TAM": {
        "precision": 0.8764044943820225,
        "recall": 0.896551724137931,
        "f1-score": 0.8863636363636365,
        "support": 87
    },
    "micro avg": {
        "precision": 0.8708971553610503,
        "recall": 0.8903803131991052,
        "f1-score": 0.8805309734513275,
        "support": 447
    },
    "macro avg": {
        "precision": 0.8401546777537905,
        "recall": 0.8902575690659713,
        "f1-score": 0.8633089724838613,
        "support": 447
    },
    "weighted avg": {
        "precision": 0.8724970528140372,
        "recall": 0.8903803131991052,
        "f1-score": 0.8810119502348993,
        "support": 447
    }
}