{
    "ACH": {
        "precision": 0.9210526315789473,
        "recall": 0.8898305084745762,
        "f1-score": 0.9051724137931034,
        "support": 118
    },
    "ATE": {
        "precision": 0.8235294117647058,
        "recall": 0.8235294117647058,
        "f1-score": 0.8235294117647058,
        "support": 17
    },
    "BOR": {
        "precision": 1.0,
        "recall": 1.0,
        "f1-score": 1.0,
        "support": 9
    },
    "CAL": {
        "precision": 0.9207920792079208,
        "recall": 0.9393939393939394,
        "f1-score": 0.9300000000000002,
        "support": 99
    },
    "LOC": {
        "precision": 0.8125,
        "recall": 0.7777777777777778,
        "f1-score": 0.7947598253275109,
        "support": 117
    },
    "TAM": {
        "precision": 0.8804347826086957,
        "recall": 0.9310344827586207,
        "f1-score": 0.9050279329608939,
        "support": 87
    },
    "micro avg": {
        "precision": 0.8831460674157303,
        "recall": 0.8791946308724832,
        "f1-score": 0.8811659192825112,
        "support": 447
    },
    "macro avg": {
        "precision": 0.8930514841933782,
        "recall": 0.8935943533616034,
        "f1-score": 0.8930815973077024,
        "support": 447
    },
    "weighted avg": {
        "precision": 0.8825569406148913,
        "recall": 0.8791946308724832,
        "f1-score": 0.8805473703769637,
        "support": 447
    }
}