{
    "ACH": {
        "precision": 0.8974358974358975,
        "recall": 0.8898305084745762,
        "f1-score": 0.8936170212765957,
        "support": 118
    },
    "ATE": {
        "precision": 0.9333333333333333,
        "recall": 0.8235294117647058,
        "f1-score": 0.8749999999999999,
        "support": 17
    },
    "BOR": {
        "precision": 1.0,
        "recall": 1.0,
        "f1-score": 1.0,
        "support": 9
    },
    "CAL": {
        "precision": 0.9081632653061225,
        "recall": 0.898989898989899,
        "f1-score": 0.9035532994923858,
        "support": 99
    },
    "LOC": {
        "precision": 0.8303571428571429,
        "recall": 0.7948717948717948,
        "f1-score": 0.8122270742358079,
        "support": 117
    },
    "TAM": {
        "precision": 0.8387096774193549,
        "recall": 0.896551724137931,
        "f1-score": 0.8666666666666666,
        "support": 87
    },
    "micro avg": {
        "precision": 0.8738738738738738,
        "recall": 0.8680089485458613,
        "f1-score": 0.8709315375982042,
        "support": 447
    },
    "macro avg": {
        "precision": 0.9013332193919753,
        "recall": 0.8839622230398178,
        "f1-score": 0.891844010278576,
        "support": 447
    },
    "weighted avg": {
        "precision": 0.8742545715417859,
        "recall": 0.8680089485458613,
        "f1-score": 0.8707028027874137,
        "support": 447
    }
}