{
    "ACH": {
        "precision": 0.8907563025210085,
        "recall": 0.8983050847457628,
        "f1-score": 0.8945147679324895,
        "support": 118
    },
    "ATE": {
        "precision": 0.875,
        "recall": 0.8235294117647058,
        "f1-score": 0.8484848484848485,
        "support": 17
    },
    "BOR": {
        "precision": 0.8,
        "recall": 0.8888888888888888,
        "f1-score": 0.8421052631578948,
        "support": 9
    },
    "CAL": {
        "precision": 0.8857142857142857,
        "recall": 0.9393939393939394,
        "f1-score": 0.9117647058823529,
        "support": 99
    },
    "LOC": {
        "precision": 0.85,
        "recall": 0.8717948717948718,
        "f1-score": 0.8607594936708861,
        "support": 117
    },
    "TAM": {
        "precision": 0.8602150537634409,
        "recall": 0.9195402298850575,
        "f1-score": 0.888888888888889,
        "support": 87
    },
    "micro avg": {
        "precision": 0.8704103671706264,
        "recall": 0.901565995525727,
        "f1-score": 0.8857142857142858,
        "support": 447
    },
    "macro avg": {
        "precision": 0.8602809403331225,
        "recall": 0.890242071078871,
        "f1-score": 0.8744196613362268,
        "support": 447
    },
    "weighted avg": {
        "precision": 0.87060104622061,
        "recall": 0.901565995525727,
        "f1-score": 0.8855991775925663,
        "support": 447
    }
}