{
    "ACH": {
        "precision": 0.8918918918918919,
        "recall": 0.8389830508474576,
        "f1-score": 0.8646288209606986,
        "support": 118
    },
    "ATE": {
        "precision": 0.7142857142857143,
        "recall": 0.5882352941176471,
        "f1-score": 0.6451612903225806,
        "support": 17
    },
    "BOR": {
        "precision": 0.4666666666666667,
        "recall": 0.7777777777777778,
        "f1-score": 0.5833333333333334,
        "support": 9
    },
    "CAL": {
        "precision": 0.925531914893617,
        "recall": 0.8787878787878788,
        "f1-score": 0.9015544041450778,
        "support": 99
    },
    "LOC": {
        "precision": 0.8135593220338984,
        "recall": 0.41025641025641024,
        "f1-score": 0.5454545454545455,
        "support": 117
    },
    "TAM": {
        "precision": 0.6754385964912281,
        "recall": 0.8850574712643678,
        "f1-score": 0.7661691542288558,
        "support": 87
    },
    "micro avg": {
        "precision": 0.8058968058968059,
        "recall": 0.7337807606263982,
        "f1-score": 0.7681498829039813,
        "support": 447
    },
    "macro avg": {
        "precision": 0.7478956843771694,
        "recall": 0.7298496471752566,
        "f1-score": 0.7177169247408486,
        "support": 447
    },
    "weighted avg": {
        "precision": 0.8213945381057525,
        "recall": 0.7337807606263982,
        "f1-score": 0.7560911119805398,
        "support": 447
    }
}