{
    "ACH": {
        "precision": 0.956140350877193,
        "recall": 0.923728813559322,
        "f1-score": 0.939655172413793,
        "support": 118
    },
    "ATE": {
        "precision": 0.8125,
        "recall": 0.7647058823529411,
        "f1-score": 0.787878787878788,
        "support": 17
    },
    "BOR": {
        "precision": 0.9,
        "recall": 1.0,
        "f1-score": 0.9473684210526316,
        "support": 9
    },
    "CAL": {
        "precision": 0.9108910891089109,
        "recall": 0.9292929292929293,
        "f1-score": 0.9199999999999999,
        "support": 99
    },
    "LOC": {
        "precision": 0.8648648648648649,
        "recall": 0.8205128205128205,
        "f1-score": 0.8421052631578947,
        "support": 117
    },
    "TAM": {
        "precision": 0.9080459770114943,
        "recall": 0.9080459770114943,
        "f1-score": 0.9080459770114943,
        "support": 87
    },
    "micro avg": {
        "precision": 0.9066059225512528,
        "recall": 0.8903803131991052,
        "f1-score": 0.8984198645598195,
        "support": 447
    },
    "macro avg": {
        "precision": 0.8920737136437439,
        "recall": 0.8910477371215845,
        "f1-score": 0.8908422702524336,
        "support": 447
    },
    "weighted avg": {
        "precision": 0.906273978555884,
        "recall": 0.8903803131991052,
        "f1-score": 0.8979997344915309,
        "support": 447
    }
}