{
    "ACH": {
        "precision": 0.9545454545454546,
        "recall": 0.8898305084745762,
        "f1-score": 0.9210526315789475,
        "support": 118
    },
    "ATE": {
        "precision": 0.7647058823529411,
        "recall": 0.7647058823529411,
        "f1-score": 0.7647058823529412,
        "support": 17
    },
    "BOR": {
        "precision": 0.8888888888888888,
        "recall": 0.8888888888888888,
        "f1-score": 0.8888888888888888,
        "support": 9
    },
    "CAL": {
        "precision": 0.91,
        "recall": 0.9191919191919192,
        "f1-score": 0.9145728643216081,
        "support": 99
    },
    "LOC": {
        "precision": 0.8611111111111112,
        "recall": 0.7948717948717948,
        "f1-score": 0.8266666666666667,
        "support": 117
    },
    "TAM": {
        "precision": 0.875,
        "recall": 0.8850574712643678,
        "f1-score": 0.8800000000000001,
        "support": 87
    },
    "micro avg": {
        "precision": 0.8958333333333334,
        "recall": 0.8657718120805369,
        "f1-score": 0.8805460750853242,
        "support": 447
    },
    "macro avg": {
        "precision": 0.8757085561497325,
        "recall": 0.8570910775074146,
        "f1-score": 0.865981155634842,
        "support": 447
    },
    "weighted avg": {
        "precision": 0.8961999186495831,
        "recall": 0.8657718120805369,
        "f1-score": 0.8803286892486688,
        "support": 447
    }
}