{
    "ACH": {
        "precision": 0.9532710280373832,
        "recall": 0.864406779661017,
        "f1-score": 0.9066666666666666,
        "support": 118
    },
    "ATE": {
        "precision": 0.8888888888888888,
        "recall": 0.9411764705882353,
        "f1-score": 0.9142857142857143,
        "support": 17
    },
    "BOR": {
        "precision": 0.8888888888888888,
        "recall": 0.8888888888888888,
        "f1-score": 0.8888888888888888,
        "support": 9
    },
    "CAL": {
        "precision": 0.93,
        "recall": 0.9393939393939394,
        "f1-score": 0.9346733668341709,
        "support": 99
    },
    "LOC": {
        "precision": 0.8888888888888888,
        "recall": 0.8205128205128205,
        "f1-score": 0.8533333333333333,
        "support": 117
    },
    "TAM": {
        "precision": 0.845360824742268,
        "recall": 0.9425287356321839,
        "f1-score": 0.8913043478260869,
        "support": 87
    },
    "micro avg": {
        "precision": 0.9043280182232346,
        "recall": 0.8881431767337807,
        "f1-score": 0.8961625282167043,
        "support": 447
    },
    "macro avg": {
        "precision": 0.8992164199077196,
        "recall": 0.8994846057795142,
        "f1-score": 0.8981920529724768,
        "support": 447
    },
    "weighted avg": {
        "precision": 0.9065178616825496,
        "recall": 0.8881431767337807,
        "f1-score": 0.8958516004182915,
        "support": 447
    }
}