{
    "ACH": {
        "precision": 0.9369369369369369,
        "recall": 0.8813559322033898,
        "f1-score": 0.908296943231441,
        "support": 118
    },
    "ATE": {
        "precision": 0.75,
        "recall": 0.7058823529411765,
        "f1-score": 0.7272727272727272,
        "support": 17
    },
    "BOR": {
        "precision": 0.8888888888888888,
        "recall": 0.8888888888888888,
        "f1-score": 0.8888888888888888,
        "support": 9
    },
    "CAL": {
        "precision": 0.8703703703703703,
        "recall": 0.9494949494949495,
        "f1-score": 0.9082125603864735,
        "support": 99
    },
    "LOC": {
        "precision": 0.8559322033898306,
        "recall": 0.8632478632478633,
        "f1-score": 0.8595744680851065,
        "support": 117
    },
    "TAM": {
        "precision": 0.8901098901098901,
        "recall": 0.9310344827586207,
        "f1-score": 0.9101123595505618,
        "support": 87
    },
    "micro avg": {
        "precision": 0.8830022075055187,
        "recall": 0.8948545861297539,
        "f1-score": 0.8888888888888888,
        "support": 447
    },
    "macro avg": {
        "precision": 0.8653730482826528,
        "recall": 0.8699840782558148,
        "f1-score": 0.867059657902533,
        "support": 447
    },
    "weighted avg": {
        "precision": 0.8838005670277312,
        "recall": 0.8948545861297539,
        "f1-score": 0.8886033717898515,
        "support": 447
    }
}