{
    "ACH": {
        "precision": 0.9545454545454546,
        "recall": 0.8898305084745762,
        "f1-score": 0.9210526315789475,
        "support": 118
    },
    "ATE": {
        "precision": 0.8823529411764706,
        "recall": 0.8823529411764706,
        "f1-score": 0.8823529411764706,
        "support": 17
    },
    "BOR": {
        "precision": 0.8888888888888888,
        "recall": 0.8888888888888888,
        "f1-score": 0.8888888888888888,
        "support": 9
    },
    "CAL": {
        "precision": 0.9381443298969072,
        "recall": 0.9191919191919192,
        "f1-score": 0.9285714285714285,
        "support": 99
    },
    "LOC": {
        "precision": 0.8818181818181818,
        "recall": 0.8290598290598291,
        "f1-score": 0.8546255506607929,
        "support": 117
    },
    "TAM": {
        "precision": 0.9010989010989011,
        "recall": 0.9425287356321839,
        "f1-score": 0.9213483146067416,
        "support": 87
    },
    "micro avg": {
        "precision": 0.9170506912442397,
        "recall": 0.8903803131991052,
        "f1-score": 0.9035187287173666,
        "support": 447
    },
    "macro avg": {
        "precision": 0.9078081162374674,
        "recall": 0.891975470403978,
        "f1-score": 0.899473292580545,
        "support": 447
    },
    "weighted avg": {
        "precision": 0.9174071229630629,
        "recall": 0.8903803131991052,
        "f1-score": 0.9032690710357639,
        "support": 447
    }
}