{
    "ACH": {
        "precision": 0.8709677419354839,
        "recall": 0.9152542372881356,
        "f1-score": 0.8925619834710744,
        "support": 118
    },
    "ATE": {
        "precision": 0.8333333333333334,
        "recall": 0.8823529411764706,
        "f1-score": 0.8571428571428571,
        "support": 17
    },
    "BOR": {
        "precision": 0.8888888888888888,
        "recall": 0.8888888888888888,
        "f1-score": 0.8888888888888888,
        "support": 9
    },
    "CAL": {
        "precision": 0.8785046728971962,
        "recall": 0.9494949494949495,
        "f1-score": 0.912621359223301,
        "support": 99
    },
    "LOC": {
        "precision": 0.8264462809917356,
        "recall": 0.8547008547008547,
        "f1-score": 0.8403361344537815,
        "support": 117
    },
    "TAM": {
        "precision": 0.8333333333333334,
        "recall": 0.9195402298850575,
        "f1-score": 0.8743169398907105,
        "support": 87
    },
    "micro avg": {
        "precision": 0.8526315789473684,
        "recall": 0.9060402684563759,
        "f1-score": 0.8785249457700651,
        "support": 447
    },
    "macro avg": {
        "precision": 0.8552457085633285,
        "recall": 0.9017053502390594,
        "f1-score": 0.8776446938451022,
        "support": 447
    },
    "weighted avg": {
        "precision": 0.8525884512481192,
        "recall": 0.9060402684563759,
        "f1-score": 0.8783627711089629,
        "support": 447
    }
}