{
    "ACH": {
        "precision": 0.848,
        "recall": 0.8983050847457628,
        "f1-score": 0.8724279835390946,
        "support": 118
    },
    "ATE": {
        "precision": 0.9333333333333333,
        "recall": 0.8235294117647058,
        "f1-score": 0.8749999999999999,
        "support": 17
    },
    "BOR": {
        "precision": 0.8888888888888888,
        "recall": 0.8888888888888888,
        "f1-score": 0.8888888888888888,
        "support": 9
    },
    "CAL": {
        "precision": 0.91,
        "recall": 0.9191919191919192,
        "f1-score": 0.9145728643216081,
        "support": 99
    },
    "LOC": {
        "precision": 0.8476190476190476,
        "recall": 0.7606837606837606,
        "f1-score": 0.8018018018018017,
        "support": 117
    },
    "TAM": {
        "precision": 0.8709677419354839,
        "recall": 0.9310344827586207,
        "f1-score": 0.9,
        "support": 87
    },
    "micro avg": {
        "precision": 0.8702460850111857,
        "recall": 0.8702460850111857,
        "f1-score": 0.8702460850111857,
        "support": 447
    },
    "macro avg": {
        "precision": 0.8831348352961257,
        "recall": 0.8702722580056097,
        "f1-score": 0.8754485897585655,
        "support": 447
    },
    "weighted avg": {
        "precision": 0.870170668426135,
        "recall": 0.8702460850111857,
        "f1-score": 0.8690716475084187,
        "support": 447
    }
}