{
    "ACH": {
        "precision": 0.9043478260869565,
        "recall": 0.8813559322033898,
        "f1-score": 0.8927038626609441,
        "support": 118
    },
    "ATE": {
        "precision": 0.8823529411764706,
        "recall": 0.8823529411764706,
        "f1-score": 0.8823529411764706,
        "support": 17
    },
    "BOR": {
        "precision": 0.8888888888888888,
        "recall": 0.8888888888888888,
        "f1-score": 0.8888888888888888,
        "support": 9
    },
    "CAL": {
        "precision": 0.9108910891089109,
        "recall": 0.9292929292929293,
        "f1-score": 0.9199999999999999,
        "support": 99
    },
    "LOC": {
        "precision": 0.8632478632478633,
        "recall": 0.8632478632478633,
        "f1-score": 0.8632478632478633,
        "support": 117
    },
    "TAM": {
        "precision": 0.8494623655913979,
        "recall": 0.9080459770114943,
        "f1-score": 0.8777777777777779,
        "support": 87
    },
    "micro avg": {
        "precision": 0.8827433628318584,
        "recall": 0.8926174496644296,
        "f1-score": 0.8876529477196885,
        "support": 447
    },
    "macro avg": {
        "precision": 0.8831984956834148,
        "recall": 0.8921974219701728,
        "f1-score": 0.8874952222919908,
        "support": 447
    },
    "weighted avg": {
        "precision": 0.8832091434149769,
        "recall": 0.8926174496644296,
        "f1-score": 0.8876638086368189,
        "support": 447
    }
}