{
    "ACH": {
        "precision": 0.9363636363636364,
        "recall": 0.8728813559322034,
        "f1-score": 0.9035087719298246,
        "support": 118
    },
    "ATE": {
        "precision": 0.8888888888888888,
        "recall": 0.9411764705882353,
        "f1-score": 0.9142857142857143,
        "support": 17
    },
    "BOR": {
        "precision": 0.8,
        "recall": 0.8888888888888888,
        "f1-score": 0.8421052631578948,
        "support": 9
    },
    "CAL": {
        "precision": 0.9285714285714286,
        "recall": 0.9191919191919192,
        "f1-score": 0.9238578680203046,
        "support": 99
    },
    "LOC": {
        "precision": 0.8461538461538461,
        "recall": 0.8461538461538461,
        "f1-score": 0.8461538461538461,
        "support": 117
    },
    "TAM": {
        "precision": 0.8636363636363636,
        "recall": 0.8735632183908046,
        "f1-score": 0.8685714285714287,
        "support": 87
    },
    "micro avg": {
        "precision": 0.891156462585034,
        "recall": 0.8791946308724832,
        "f1-score": 0.8851351351351352,
        "support": 447
    },
    "macro avg": {
        "precision": 0.8772690272690272,
        "recall": 0.8903092831909829,
        "f1-score": 0.8830804820198354,
        "support": 447
    },
    "weighted avg": {
        "precision": 0.8923198104406158,
        "recall": 0.8791946308724832,
        "f1-score": 0.8853769190575436,
        "support": 447
    }
}