{
    "ACH": {
        "precision": 0.9351851851851852,
        "recall": 0.8559322033898306,
        "f1-score": 0.8938053097345133,
        "support": 118
    },
    "ATE": {
        "precision": 0.9333333333333333,
        "recall": 0.8235294117647058,
        "f1-score": 0.8749999999999999,
        "support": 17
    },
    "BOR": {
        "precision": 0.8888888888888888,
        "recall": 0.8888888888888888,
        "f1-score": 0.8888888888888888,
        "support": 9
    },
    "CAL": {
        "precision": 0.9278350515463918,
        "recall": 0.9090909090909091,
        "f1-score": 0.9183673469387756,
        "support": 99
    },
    "LOC": {
        "precision": 0.8557692307692307,
        "recall": 0.7606837606837606,
        "f1-score": 0.8054298642533936,
        "support": 117
    },
    "TAM": {
        "precision": 0.9240506329113924,
        "recall": 0.8390804597701149,
        "f1-score": 0.8795180722891567,
        "support": 87
    },
    "micro avg": {
        "precision": 0.9101941747572816,
        "recall": 0.8389261744966443,
        "f1-score": 0.8731082654249128,
        "support": 447
    },
    "macro avg": {
        "precision": 0.9108437204390704,
        "recall": 0.8462009389313684,
        "f1-score": 0.8768349136841214,
        "support": 447
    },
    "weighted avg": {
        "precision": 0.9096008807268512,
        "recall": 0.8389261744966443,
        "f1-score": 0.8725184794237474,
        "support": 447
    }
}