{
    "ACH": {
        "precision": 0.9547738693467337,
        "recall": 0.945273631840796,
        "f1-score": 0.95,
        "support": 201
    },
    "ATE": {
        "precision": 0.8666666666666667,
        "recall": 0.8387096774193549,
        "f1-score": 0.8524590163934426,
        "support": 31
    },
    "BOR": {
        "precision": 0.8571428571428571,
        "recall": 0.631578947368421,
        "f1-score": 0.7272727272727273,
        "support": 19
    },
    "CAL": {
        "precision": 0.9748427672955975,
        "recall": 0.9627329192546584,
        "f1-score": 0.9687499999999999,
        "support": 161
    },
    "LOC": {
        "precision": 0.8075117370892019,
        "recall": 0.864321608040201,
        "f1-score": 0.8349514563106796,
        "support": 199
    },
    "TAM": {
        "precision": 0.8867924528301887,
        "recall": 0.9155844155844156,
        "f1-score": 0.9009584664536741,
        "support": 154
    },
    "micro avg": {
        "precision": 0.8992248062015504,
        "recall": 0.9098039215686274,
        "f1-score": 0.9044834307992202,
        "support": 765
    },
    "macro avg": {
        "precision": 0.8912883917285409,
        "recall": 0.8597001999179746,
        "f1-score": 0.8723986110717538,
        "support": 765
    },
    "weighted avg": {
        "precision": 0.9010097877676677,
        "recall": 0.9098039215686274,
        "f1-score": 0.9046615751190451,
        "support": 765
    },
    "training_time": 213.51559782028198
}