{
    "ACH": {
        "precision": 0.9545454545454546,
        "recall": 0.9402985074626866,
        "f1-score": 0.9473684210526316,
        "support": 201
    },
    "ATE": {
        "precision": 0.7857142857142857,
        "recall": 0.7096774193548387,
        "f1-score": 0.7457627118644068,
        "support": 31
    },
    "BOR": {
        "precision": 0.8888888888888888,
        "recall": 0.42105263157894735,
        "f1-score": 0.5714285714285714,
        "support": 19
    },
    "CAL": {
        "precision": 0.9551282051282052,
        "recall": 0.9254658385093167,
        "f1-score": 0.9400630914826499,
        "support": 161
    },
    "LOC": {
        "precision": 0.8578431372549019,
        "recall": 0.8793969849246231,
        "f1-score": 0.8684863523573201,
        "support": 199
    },
    "TAM": {
        "precision": 0.9078947368421053,
        "recall": 0.8961038961038961,
        "f1-score": 0.9019607843137255,
        "support": 154
    },
    "micro avg": {
        "precision": 0.9116465863453815,
        "recall": 0.8901960784313725,
        "f1-score": 0.9007936507936508,
        "support": 765
    },
    "macro avg": {
        "precision": 0.8916691180623069,
        "recall": 0.7953325463223848,
        "f1-score": 0.8291783220832176,
        "support": 765
    },
    "weighted avg": {
        "precision": 0.9116495201604168,
        "recall": 0.8901960784313725,
        "f1-score": 0.898663715279275,
        "support": 765
    },
    "training_time": 237.62206864356995
}