{
    "ACH": {
        "precision": 0.9343434343434344,
        "recall": 0.9203980099502488,
        "f1-score": 0.9273182957393483,
        "support": 201
    },
    "ATE": {
        "precision": 0.8787878787878788,
        "recall": 0.9354838709677419,
        "f1-score": 0.90625,
        "support": 31
    },
    "BOR": {
        "precision": 0.8,
        "recall": 0.631578947368421,
        "f1-score": 0.7058823529411765,
        "support": 19
    },
    "CAL": {
        "precision": 0.9559748427672956,
        "recall": 0.9440993788819876,
        "f1-score": 0.95,
        "support": 161
    },
    "LOC": {
        "precision": 0.8509615384615384,
        "recall": 0.8894472361809045,
        "f1-score": 0.8697788697788698,
        "support": 199
    },
    "TAM": {
        "precision": 0.8734177215189873,
        "recall": 0.8961038961038961,
        "f1-score": 0.8846153846153846,
        "support": 154
    },
    "micro avg": {
        "precision": 0.8988326848249028,
        "recall": 0.9058823529411765,
        "f1-score": 0.90234375,
        "support": 765
    },
    "macro avg": {
        "precision": 0.882247569313189,
        "recall": 0.8695185565755333,
        "f1-score": 0.8739741505124631,
        "support": 765
    },
    "weighted avg": {
        "precision": 0.8993530450964173,
        "recall": 0.9058823529411765,
        "f1-score": 0.9021741914591578,
        "support": 765
    },
    "training_time": 308.1502857208252
}