{
    "ACH": {
        "precision": 0.9576719576719577,
        "recall": 0.900497512437811,
        "f1-score": 0.9282051282051281,
        "support": 201
    },
    "ATE": {
        "precision": 0.9230769230769231,
        "recall": 0.7741935483870968,
        "f1-score": 0.8421052631578947,
        "support": 31
    },
    "BOR": {
        "precision": 1.0,
        "recall": 0.5263157894736842,
        "f1-score": 0.6896551724137931,
        "support": 19
    },
    "CAL": {
        "precision": 0.9671052631578947,
        "recall": 0.9130434782608695,
        "f1-score": 0.9392971246006389,
        "support": 161
    },
    "LOC": {
        "precision": 0.8823529411764706,
        "recall": 0.8291457286432161,
        "f1-score": 0.8549222797927462,
        "support": 199
    },
    "TAM": {
        "precision": 0.916083916083916,
        "recall": 0.8506493506493507,
        "f1-score": 0.8821548821548821,
        "support": 154
    },
    "micro avg": {
        "precision": 0.9306930693069307,
        "recall": 0.8601307189542484,
        "f1-score": 0.8940217391304349,
        "support": 765
    },
    "macro avg": {
        "precision": 0.9410485001945269,
        "recall": 0.7989742346420048,
        "f1-score": 0.8560566417208473,
        "support": 765
    },
    "weighted avg": {
        "precision": 0.9313419004534771,
        "recall": 0.8601307189542484,
        "f1-score": 0.892792372280129,
        "support": 765
    },
    "training_time": 221.18110871315002
}