{
    "ACH": {
        "precision": 0.9736842105263158,
        "recall": 0.9203980099502488,
        "f1-score": 0.9462915601023019,
        "support": 201
    },
    "ATE": {
        "precision": 0.7272727272727273,
        "recall": 0.7741935483870968,
        "f1-score": 0.7500000000000001,
        "support": 31
    },
    "BOR": {
        "precision": 1.0,
        "recall": 0.631578947368421,
        "f1-score": 0.7741935483870968,
        "support": 19
    },
    "CAL": {
        "precision": 0.9625,
        "recall": 0.9565217391304348,
        "f1-score": 0.9595015576323987,
        "support": 161
    },
    "LOC": {
        "precision": 0.8371040723981901,
        "recall": 0.9296482412060302,
        "f1-score": 0.880952380952381,
        "support": 199
    },
    "TAM": {
        "precision": 0.8789808917197452,
        "recall": 0.8961038961038961,
        "f1-score": 0.8874598070739549,
        "support": 154
    },
    "micro avg": {
        "precision": 0.9029754204398448,
        "recall": 0.9124183006535947,
        "f1-score": 0.9076723016905073,
        "support": 765
    },
    "macro avg": {
        "precision": 0.896590316986163,
        "recall": 0.8514073970243546,
        "f1-score": 0.8663998090246889,
        "support": 765
    },
    "weighted avg": {
        "precision": 0.9074055537167645,
        "recall": 0.9124183006535947,
        "f1-score": 0.9080030926505185,
        "support": 765
    },
    "training_time": 241.1577708721161
}