{
    "ACH": {
        "precision": 0.9583333333333334,
        "recall": 0.9154228855721394,
        "f1-score": 0.9363867684478373,
        "support": 201
    },
    "ATE": {
        "precision": 0.8928571428571429,
        "recall": 0.8064516129032258,
        "f1-score": 0.8474576271186439,
        "support": 31
    },
    "BOR": {
        "precision": 0.6923076923076923,
        "recall": 0.47368421052631576,
        "f1-score": 0.5625,
        "support": 19
    },
    "CAL": {
        "precision": 0.967741935483871,
        "recall": 0.9316770186335404,
        "f1-score": 0.949367088607595,
        "support": 161
    },
    "LOC": {
        "precision": 0.9234972677595629,
        "recall": 0.8492462311557789,
        "f1-score": 0.8848167539267017,
        "support": 199
    },
    "TAM": {
        "precision": 0.9236111111111112,
        "recall": 0.8636363636363636,
        "f1-score": 0.8926174496644295,
        "support": 154
    },
    "micro avg": {
        "precision": 0.9370629370629371,
        "recall": 0.8758169934640523,
        "f1-score": 0.9054054054054055,
        "support": 765
    },
    "macro avg": {
        "precision": 0.8930580804754523,
        "recall": 0.8066863870712272,
        "f1-score": 0.8455242812942013,
        "support": 765
    },
    "weighted avg": {
        "precision": 0.9350012243014182,
        "recall": 0.8758169934640523,
        "f1-score": 0.9040028097310482,
        "support": 765
    },
    "training_time": 311.6180419921875
}