{
    "ACH": {
        "precision": 0.9786096256684492,
        "recall": 0.9104477611940298,
        "f1-score": 0.9432989690721649,
        "support": 201
    },
    "ATE": {
        "precision": 0.875,
        "recall": 0.6774193548387096,
        "f1-score": 0.7636363636363636,
        "support": 31
    },
    "BOR": {
        "precision": 0.9166666666666666,
        "recall": 0.5789473684210527,
        "f1-score": 0.7096774193548387,
        "support": 19
    },
    "CAL": {
        "precision": 0.9433962264150944,
        "recall": 0.9316770186335404,
        "f1-score": 0.9375,
        "support": 161
    },
    "LOC": {
        "precision": 0.8656716417910447,
        "recall": 0.8743718592964824,
        "f1-score": 0.87,
        "support": 199
    },
    "TAM": {
        "precision": 0.9020979020979021,
        "recall": 0.8376623376623377,
        "f1-score": 0.8686868686868687,
        "support": 154
    },
    "micro avg": {
        "precision": 0.9201101928374655,
        "recall": 0.873202614379085,
        "f1-score": 0.8960429242119383,
        "support": 765
    },
    "macro avg": {
        "precision": 0.9135736771065263,
        "recall": 0.8017542833410255,
        "f1-score": 0.848799936791706,
        "support": 765
    },
    "weighted avg": {
        "precision": 0.9206806895664705,
        "recall": 0.873202614379085,
        "f1-score": 0.8949084559500029,
        "support": 765
    },
    "training_time": 232.03369760513306
}