{
    "ACH": {
        "precision": 0.9560439560439561,
        "recall": 0.8656716417910447,
        "f1-score": 0.9086161879895561,
        "support": 201
    },
    "ATE": {
        "precision": 0.9629629629629629,
        "recall": 0.8387096774193549,
        "f1-score": 0.896551724137931,
        "support": 31
    },
    "BOR": {
        "precision": 0.8333333333333334,
        "recall": 0.5263157894736842,
        "f1-score": 0.6451612903225806,
        "support": 19
    },
    "CAL": {
        "precision": 0.9673202614379085,
        "recall": 0.9192546583850931,
        "f1-score": 0.9426751592356687,
        "support": 161
    },
    "LOC": {
        "precision": 0.8736842105263158,
        "recall": 0.8341708542713567,
        "f1-score": 0.8534704370179949,
        "support": 199
    },
    "TAM": {
        "precision": 0.8972602739726028,
        "recall": 0.8506493506493507,
        "f1-score": 0.8733333333333334,
        "support": 154
    },
    "micro avg": {
        "precision": 0.9225352112676056,
        "recall": 0.8562091503267973,
        "f1-score": 0.888135593220339,
        "support": 765
    },
    "macro avg": {
        "precision": 0.91510083304618,
        "recall": 0.8057953286649807,
        "f1-score": 0.8533013553395108,
        "support": 765
    },
    "weighted avg": {
        "precision": 0.9223919248732565,
        "recall": 0.8562091503267973,
        "f1-score": 0.8873041473034805,
        "support": 765
    },
    "training_time": 262.18934416770935
}