{
    "ACH": {
        "precision": 0.989247311827957,
        "recall": 0.9154228855721394,
        "f1-score": 0.9509043927648579,
        "support": 201
    },
    "ATE": {
        "precision": 0.9230769230769231,
        "recall": 0.7741935483870968,
        "f1-score": 0.8421052631578947,
        "support": 31
    },
    "BOR": {
        "precision": 0.9090909090909091,
        "recall": 0.5263157894736842,
        "f1-score": 0.6666666666666666,
        "support": 19
    },
    "CAL": {
        "precision": 0.9673202614379085,
        "recall": 0.9192546583850931,
        "f1-score": 0.9426751592356687,
        "support": 161
    },
    "LOC": {
        "precision": 0.8693467336683417,
        "recall": 0.8693467336683417,
        "f1-score": 0.8693467336683417,
        "support": 199
    },
    "TAM": {
        "precision": 0.92,
        "recall": 0.8961038961038961,
        "f1-score": 0.9078947368421053,
        "support": 154
    },
    "micro avg": {
        "precision": 0.9337931034482758,
        "recall": 0.8849673202614379,
        "f1-score": 0.9087248322147651,
        "support": 765
    },
    "macro avg": {
        "precision": 0.9296803565170065,
        "recall": 0.8167729185983751,
        "f1-score": 0.8632654920559224,
        "support": 765
    },
    "weighted avg": {
        "precision": 0.9348305668719404,
        "recall": 0.8849673202614379,
        "f1-score": 0.9078303305633003,
        "support": 765
    },
    "training_time": 340.15699315071106
}