{
    "ACH": {
        "precision": 0.9427083333333334,
        "recall": 0.900497512437811,
        "f1-score": 0.921119592875318,
        "support": 201
    },
    "ATE": {
        "precision": 0.9333333333333333,
        "recall": 0.9032258064516129,
        "f1-score": 0.9180327868852459,
        "support": 31
    },
    "BOR": {
        "precision": 0.8888888888888888,
        "recall": 0.42105263157894735,
        "f1-score": 0.5714285714285714,
        "support": 19
    },
    "CAL": {
        "precision": 0.9079754601226994,
        "recall": 0.9192546583850931,
        "f1-score": 0.9135802469135801,
        "support": 161
    },
    "LOC": {
        "precision": 0.8300970873786407,
        "recall": 0.8592964824120602,
        "f1-score": 0.8444444444444444,
        "support": 199
    },
    "TAM": {
        "precision": 0.9066666666666666,
        "recall": 0.8831168831168831,
        "f1-score": 0.894736842105263,
        "support": 154
    },
    "micro avg": {
        "precision": 0.896,
        "recall": 0.8784313725490196,
        "f1-score": 0.8871287128712871,
        "support": 765
    },
    "macro avg": {
        "precision": 0.9016116282872604,
        "recall": 0.8144073290637346,
        "f1-score": 0.843890414108737,
        "support": 765
    },
    "weighted avg": {
        "precision": 0.8971328540614287,
        "recall": 0.8784313725490196,
        "f1-score": 0.8854660592160337,
        "support": 765
    },
    "training_time": 130.3205041885376
}