{
    "ACH": {
        "precision": 0.9378238341968912,
        "recall": 0.900497512437811,
        "f1-score": 0.9187817258883249,
        "support": 201
    },
    "ATE": {
        "precision": 0.8518518518518519,
        "recall": 0.7419354838709677,
        "f1-score": 0.7931034482758621,
        "support": 31
    },
    "BOR": {
        "precision": 1.0,
        "recall": 0.47368421052631576,
        "f1-score": 0.6428571428571429,
        "support": 19
    },
    "CAL": {
        "precision": 0.9594594594594594,
        "recall": 0.8819875776397516,
        "f1-score": 0.9190938511326862,
        "support": 161
    },
    "LOC": {
        "precision": 0.8808290155440415,
        "recall": 0.8542713567839196,
        "f1-score": 0.8673469387755103,
        "support": 199
    },
    "TAM": {
        "precision": 0.9060402684563759,
        "recall": 0.8766233766233766,
        "f1-score": 0.8910891089108911,
        "support": 154
    },
    "micro avg": {
        "precision": 0.9179415855354659,
        "recall": 0.8627450980392157,
        "f1-score": 0.8894878706199462,
        "support": 765
    },
    "macro avg": {
        "precision": 0.9226674049181035,
        "recall": 0.7881665863136904,
        "f1-score": 0.8387120359734029,
        "support": 765
    },
    "weighted avg": {
        "precision": 0.9192132633849696,
        "recall": 0.8627450980392157,
        "f1-score": 0.8879470498501397,
        "support": 765
    },
    "training_time": 152.25831508636475
}