{
    "ACH": {
        "precision": 0.9831460674157303,
        "recall": 0.8706467661691543,
        "f1-score": 0.9234828496042216,
        "support": 201
    },
    "ATE": {
        "precision": 0.95,
        "recall": 0.6129032258064516,
        "f1-score": 0.7450980392156863,
        "support": 31
    },
    "BOR": {
        "precision": 0.7857142857142857,
        "recall": 0.5789473684210527,
        "f1-score": 0.6666666666666667,
        "support": 19
    },
    "CAL": {
        "precision": 0.9803921568627451,
        "recall": 0.9316770186335404,
        "f1-score": 0.9554140127388535,
        "support": 161
    },
    "LOC": {
        "precision": 0.8848167539267016,
        "recall": 0.8492462311557789,
        "f1-score": 0.8666666666666667,
        "support": 199
    },
    "TAM": {
        "precision": 0.9078947368421053,
        "recall": 0.8961038961038961,
        "f1-score": 0.9019607843137255,
        "support": 154
    },
    "micro avg": {
        "precision": 0.9350282485875706,
        "recall": 0.865359477124183,
        "f1-score": 0.8988458927359132,
        "support": 765
    },
    "macro avg": {
        "precision": 0.9153273334602613,
        "recall": 0.7899207510483124,
        "f1-score": 0.8432148365343034,
        "support": 765
    },
    "weighted avg": {
        "precision": 0.9355926689400432,
        "recall": 0.865359477124183,
        "f1-score": 0.8974837152349507,
        "support": 765
    },
    "training_time": 207.53680801391602
}