{
    "ACH": {
        "precision": 0.9682539682539683,
        "recall": 0.9104477611940298,
        "f1-score": 0.9384615384615386,
        "support": 201
    },
    "ATE": {
        "precision": 0.9032258064516129,
        "recall": 0.9032258064516129,
        "f1-score": 0.9032258064516129,
        "support": 31
    },
    "BOR": {
        "precision": 0.8461538461538461,
        "recall": 0.5789473684210527,
        "f1-score": 0.6875,
        "support": 19
    },
    "CAL": {
        "precision": 0.967948717948718,
        "recall": 0.937888198757764,
        "f1-score": 0.9526813880126183,
        "support": 161
    },
    "LOC": {
        "precision": 0.8472906403940886,
        "recall": 0.864321608040201,
        "f1-score": 0.8557213930348258,
        "support": 199
    },
    "TAM": {
        "precision": 0.9130434782608695,
        "recall": 0.8181818181818182,
        "f1-score": 0.863013698630137,
        "support": 154
    },
    "micro avg": {
        "precision": 0.9191780821917809,
        "recall": 0.8771241830065359,
        "f1-score": 0.8976588628762541,
        "support": 765
    },
    "macro avg": {
        "precision": 0.9076527429105172,
        "recall": 0.8355020935077464,
        "f1-score": 0.8667673040984555,
        "support": 765
    },
    "weighted avg": {
        "precision": 0.9199414998383161,
        "recall": 0.8771241830065359,
        "f1-score": 0.8970818817042774,
        "support": 765
    },
    "training_time": 131.93555212020874
}