{
    "ACH": {
        "precision": 0.9484536082474226,
        "recall": 0.9154228855721394,
        "f1-score": 0.9316455696202532,
        "support": 201
    },
    "ATE": {
        "precision": 0.90625,
        "recall": 0.9354838709677419,
        "f1-score": 0.9206349206349206,
        "support": 31
    },
    "BOR": {
        "precision": 0.8666666666666667,
        "recall": 0.6842105263157895,
        "f1-score": 0.7647058823529413,
        "support": 19
    },
    "CAL": {
        "precision": 0.9382716049382716,
        "recall": 0.9440993788819876,
        "f1-score": 0.9411764705882353,
        "support": 161
    },
    "LOC": {
        "precision": 0.8436018957345972,
        "recall": 0.8944723618090452,
        "f1-score": 0.8682926829268293,
        "support": 199
    },
    "TAM": {
        "precision": 0.8866666666666667,
        "recall": 0.8636363636363636,
        "f1-score": 0.875,
        "support": 154
    },
    "micro avg": {
        "precision": 0.9018324607329843,
        "recall": 0.9006535947712418,
        "f1-score": 0.9012426422498365,
        "support": 765
    },
    "macro avg": {
        "precision": 0.8983184070422707,
        "recall": 0.8728875645305111,
        "f1-score": 0.88357592102053,
        "support": 765
    },
    "weighted avg": {
        "precision": 0.9028559009638063,
        "recall": 0.9006535947712418,
        "f1-score": 0.90117582936628,
        "support": 765
    },
    "training_time": 156.58327913284302
}