{
    "ACH": {
        "precision": 0.9526315789473684,
        "recall": 0.900497512437811,
        "f1-score": 0.9258312020460358,
        "support": 201
    },
    "ATE": {
        "precision": 0.88,
        "recall": 0.7096774193548387,
        "f1-score": 0.7857142857142856,
        "support": 31
    },
    "BOR": {
        "precision": 1.0,
        "recall": 0.42105263157894735,
        "f1-score": 0.5925925925925926,
        "support": 19
    },
    "CAL": {
        "precision": 0.9675324675324676,
        "recall": 0.9254658385093167,
        "f1-score": 0.946031746031746,
        "support": 161
    },
    "LOC": {
        "precision": 0.8613861386138614,
        "recall": 0.8743718592964824,
        "f1-score": 0.8678304239401498,
        "support": 199
    },
    "TAM": {
        "precision": 0.8774193548387097,
        "recall": 0.8831168831168831,
        "f1-score": 0.8802588996763754,
        "support": 154
    },
    "micro avg": {
        "precision": 0.9128065395095368,
        "recall": 0.8758169934640523,
        "f1-score": 0.8939292861907939,
        "support": 765
    },
    "macro avg": {
        "precision": 0.9231615899887347,
        "recall": 0.7856970240490465,
        "f1-score": 0.8330431916668642,
        "support": 765
    },
    "weighted avg": {
        "precision": 0.9151243096345988,
        "recall": 0.8758169934640523,
        "f1-score": 0.891866287258847,
        "support": 765
    },
    "training_time": 209.77768325805664
}