{
    "ACH": {
        "precision": 0.96875,
        "recall": 0.9253731343283582,
        "f1-score": 0.9465648854961832,
        "support": 201
    },
    "ATE": {
        "precision": 0.8620689655172413,
        "recall": 0.8064516129032258,
        "f1-score": 0.8333333333333334,
        "support": 31
    },
    "BOR": {
        "precision": 0.6875,
        "recall": 0.5789473684210527,
        "f1-score": 0.6285714285714286,
        "support": 19
    },
    "CAL": {
        "precision": 0.9556962025316456,
        "recall": 0.937888198757764,
        "f1-score": 0.9467084639498433,
        "support": 161
    },
    "LOC": {
        "precision": 0.8492462311557789,
        "recall": 0.8492462311557789,
        "f1-score": 0.8492462311557789,
        "support": 199
    },
    "TAM": {
        "precision": 0.8904109589041096,
        "recall": 0.8441558441558441,
        "f1-score": 0.8666666666666666,
        "support": 154
    },
    "micro avg": {
        "precision": 0.9081081081081082,
        "recall": 0.8784313725490196,
        "f1-score": 0.8930232558139535,
        "support": 765
    },
    "macro avg": {
        "precision": 0.8689453930181292,
        "recall": 0.8236770649536705,
        "f1-score": 0.8451818348622057,
        "support": 765
    },
    "weighted avg": {
        "precision": 0.9078376002743298,
        "recall": 0.8784313725490196,
        "f1-score": 0.8927091004228952,
        "support": 765
    },
    "training_time": 136.6406126022339
}