{
    "ACH": {
        "precision": 0.9736842105263158,
        "recall": 0.9203980099502488,
        "f1-score": 0.9462915601023019,
        "support": 201
    },
    "ATE": {
        "precision": 0.9259259259259259,
        "recall": 0.8064516129032258,
        "f1-score": 0.8620689655172414,
        "support": 31
    },
    "BOR": {
        "precision": 0.9285714285714286,
        "recall": 0.6842105263157895,
        "f1-score": 0.7878787878787878,
        "support": 19
    },
    "CAL": {
        "precision": 0.961038961038961,
        "recall": 0.9192546583850931,
        "f1-score": 0.9396825396825396,
        "support": 161
    },
    "LOC": {
        "precision": 0.8602150537634409,
        "recall": 0.8040201005025126,
        "f1-score": 0.8311688311688312,
        "support": 199
    },
    "TAM": {
        "precision": 0.8648648648648649,
        "recall": 0.8311688311688312,
        "f1-score": 0.847682119205298,
        "support": 154
    },
    "micro avg": {
        "precision": 0.9165507649513213,
        "recall": 0.8614379084967321,
        "f1-score": 0.8881401617250673,
        "support": 765
    },
    "macro avg": {
        "precision": 0.9190500741151562,
        "recall": 0.8275839565376168,
        "f1-score": 0.8691288005924999,
        "support": 765
    },
    "weighted avg": {
        "precision": 0.9165442415395253,
        "recall": 0.8614379084967321,
        "f1-score": 0.8877555178175115,
        "support": 765
    },
    "training_time": 160.8879542350769
}