{
    "ACH": {
        "precision": 0.9888888888888889,
        "recall": 0.8855721393034826,
        "f1-score": 0.9343832020997376,
        "support": 201
    },
    "ATE": {
        "precision": 0.8846153846153846,
        "recall": 0.7419354838709677,
        "f1-score": 0.8070175438596492,
        "support": 31
    },
    "BOR": {
        "precision": 0.7692307692307693,
        "recall": 0.5263157894736842,
        "f1-score": 0.625,
        "support": 19
    },
    "CAL": {
        "precision": 0.9731543624161074,
        "recall": 0.9006211180124224,
        "f1-score": 0.935483870967742,
        "support": 161
    },
    "LOC": {
        "precision": 0.8838383838383839,
        "recall": 0.8793969849246231,
        "f1-score": 0.8816120906801007,
        "support": 199
    },
    "TAM": {
        "precision": 0.8859060402684564,
        "recall": 0.8571428571428571,
        "f1-score": 0.8712871287128713,
        "support": 154
    },
    "micro avg": {
        "precision": 0.9272727272727272,
        "recall": 0.8666666666666667,
        "f1-score": 0.8959459459459459,
        "support": 765
    },
    "macro avg": {
        "precision": 0.8976056382096651,
        "recall": 0.7984973954546728,
        "f1-score": 0.8424639727200168,
        "support": 765
    },
    "weighted avg": {
        "precision": 0.9278383648879768,
        "recall": 0.8666666666666667,
        "f1-score": 0.8953405157838236,
        "support": 765
    },
    "training_time": 224.60120606422424
}