{
    "ACH": {
        "precision": 0.9417989417989417,
        "recall": 0.8855721393034826,
        "f1-score": 0.9128205128205128,
        "support": 201
    },
    "ATE": {
        "precision": 0.8,
        "recall": 0.6451612903225806,
        "f1-score": 0.7142857142857142,
        "support": 31
    },
    "BOR": {
        "precision": 1.0,
        "recall": 0.47368421052631576,
        "f1-score": 0.6428571428571429,
        "support": 19
    },
    "CAL": {
        "precision": 0.9290322580645162,
        "recall": 0.8944099378881988,
        "f1-score": 0.9113924050632912,
        "support": 161
    },
    "LOC": {
        "precision": 0.8269230769230769,
        "recall": 0.864321608040201,
        "f1-score": 0.8452088452088451,
        "support": 199
    },
    "TAM": {
        "precision": 0.8609271523178808,
        "recall": 0.8441558441558441,
        "f1-score": 0.8524590163934426,
        "support": 154
    },
    "micro avg": {
        "precision": 0.8860244233378561,
        "recall": 0.85359477124183,
        "f1-score": 0.8695073235685752,
        "support": 765
    },
    "macro avg": {
        "precision": 0.8931135715174024,
        "recall": 0.7678841717061037,
        "f1-score": 0.8131706061048248,
        "support": 765
    },
    "weighted avg": {
        "precision": 0.888648698842641,
        "recall": 0.85359477124183,
        "f1-score": 0.8680307083273282,
        "support": 765
    },
    "training_time": 80.7677628993988
}