{
    "ACH": {
        "precision": 0.9170731707317074,
        "recall": 0.9353233830845771,
        "f1-score": 0.9261083743842363,
        "support": 201
    },
    "ATE": {
        "precision": 0.7575757575757576,
        "recall": 0.8064516129032258,
        "f1-score": 0.7812499999999999,
        "support": 31
    },
    "BOR": {
        "precision": 0.8181818181818182,
        "recall": 0.47368421052631576,
        "f1-score": 0.6,
        "support": 19
    },
    "CAL": {
        "precision": 0.949685534591195,
        "recall": 0.937888198757764,
        "f1-score": 0.94375,
        "support": 161
    },
    "LOC": {
        "precision": 0.7870370370370371,
        "recall": 0.8542713567839196,
        "f1-score": 0.8192771084337349,
        "support": 199
    },
    "TAM": {
        "precision": 0.8954248366013072,
        "recall": 0.8896103896103896,
        "f1-score": 0.8925081433224756,
        "support": 154
    },
    "micro avg": {
        "precision": 0.8751608751608752,
        "recall": 0.8888888888888888,
        "f1-score": 0.8819714656290532,
        "support": 765
    },
    "macro avg": {
        "precision": 0.8541630257864705,
        "recall": 0.816204858611032,
        "f1-score": 0.8271489376900746,
        "support": 765
    },
    "weighted avg": {
        "precision": 0.8768329106189938,
        "recall": 0.8888888888888888,
        "f1-score": 0.8812976234002693,
        "support": 765
    },
    "training_time": 103.03060960769653
}