{
    "ACH": {
        "precision": 0.8872549019607843,
        "recall": 0.900497512437811,
        "f1-score": 0.8938271604938272,
        "support": 201
    },
    "ATE": {
        "precision": 0.8620689655172413,
        "recall": 0.8064516129032258,
        "f1-score": 0.8333333333333334,
        "support": 31
    },
    "BOR": {
        "precision": 0.9090909090909091,
        "recall": 0.5263157894736842,
        "f1-score": 0.6666666666666666,
        "support": 19
    },
    "CAL": {
        "precision": 0.9354838709677419,
        "recall": 0.9006211180124224,
        "f1-score": 0.9177215189873419,
        "support": 161
    },
    "LOC": {
        "precision": 0.8374384236453202,
        "recall": 0.8542713567839196,
        "f1-score": 0.845771144278607,
        "support": 199
    },
    "TAM": {
        "precision": 0.9256756756756757,
        "recall": 0.8896103896103896,
        "f1-score": 0.9072847682119204,
        "support": 154
    },
    "micro avg": {
        "precision": 0.8906666666666667,
        "recall": 0.873202614379085,
        "f1-score": 0.8818481848184819,
        "support": 765
    },
    "macro avg": {
        "precision": 0.8928354578096119,
        "recall": 0.8129612965369087,
        "f1-score": 0.8441007653286161,
        "support": 765
    },
    "weighted avg": {
        "precision": 0.8917023582786386,
        "recall": 0.873202614379085,
        "f1-score": 0.8809708965128102,
        "support": 765
    },
    "training_time": 136.49156546592712
}