{
    "ACH": {
        "precision": 0.9230769230769231,
        "recall": 0.8955223880597015,
        "f1-score": 0.9090909090909091,
        "support": 201
    },
    "ATE": {
        "precision": 0.875,
        "recall": 0.6774193548387096,
        "f1-score": 0.7636363636363636,
        "support": 31
    },
    "BOR": {
        "precision": 0.75,
        "recall": 0.47368421052631576,
        "f1-score": 0.5806451612903226,
        "support": 19
    },
    "CAL": {
        "precision": 0.9030303030303031,
        "recall": 0.9254658385093167,
        "f1-score": 0.9141104294478527,
        "support": 161
    },
    "LOC": {
        "precision": 0.7874396135265701,
        "recall": 0.8190954773869347,
        "f1-score": 0.8029556650246306,
        "support": 199
    },
    "TAM": {
        "precision": 0.9013157894736842,
        "recall": 0.8896103896103896,
        "f1-score": 0.8954248366013072,
        "support": 154
    },
    "micro avg": {
        "precision": 0.8728476821192053,
        "recall": 0.8614379084967321,
        "f1-score": 0.8671052631578948,
        "support": 765
    },
    "macro avg": {
        "precision": 0.8566437715179135,
        "recall": 0.7801329431552281,
        "f1-score": 0.810977227515231,
        "support": 765
    },
    "weighted avg": {
        "precision": 0.8729469999961766,
        "recall": 0.8614379084967321,
        "f1-score": 0.8657354763165009,
        "support": 765
    },
    "training_time": 75.43225598335266
}