{
    "ACH": {
        "precision": 0.9476439790575916,
        "recall": 0.900497512437811,
        "f1-score": 0.923469387755102,
        "support": 201
    },
    "ATE": {
        "precision": 0.9285714285714286,
        "recall": 0.8387096774193549,
        "f1-score": 0.8813559322033899,
        "support": 31
    },
    "BOR": {
        "precision": 0.75,
        "recall": 0.47368421052631576,
        "f1-score": 0.5806451612903226,
        "support": 19
    },
    "CAL": {
        "precision": 0.954248366013072,
        "recall": 0.906832298136646,
        "f1-score": 0.9299363057324841,
        "support": 161
    },
    "LOC": {
        "precision": 0.8385416666666666,
        "recall": 0.8090452261306532,
        "f1-score": 0.8235294117647058,
        "support": 199
    },
    "TAM": {
        "precision": 0.9183673469387755,
        "recall": 0.8766233766233766,
        "f1-score": 0.8970099667774086,
        "support": 154
    },
    "micro avg": {
        "precision": 0.9100968188105117,
        "recall": 0.8601307189542484,
        "f1-score": 0.8844086021505377,
        "support": 765
    },
    "macro avg": {
        "precision": 0.8895621312079224,
        "recall": 0.8008987168790264,
        "f1-score": 0.8393243609205688,
        "support": 765
    },
    "weighted avg": {
        "precision": 0.9090777831367749,
        "recall": 0.8601307189542484,
        "f1-score": 0.8832853228097045,
        "support": 765
    },
    "training_time": 93.77670931816101
}