{
    "ACH": {
        "precision": 0.9740932642487047,
        "recall": 0.9353233830845771,
        "f1-score": 0.9543147208121827,
        "support": 201
    },
    "ATE": {
        "precision": 0.8333333333333334,
        "recall": 0.8064516129032258,
        "f1-score": 0.819672131147541,
        "support": 31
    },
    "BOR": {
        "precision": 0.8125,
        "recall": 0.6842105263157895,
        "f1-score": 0.742857142857143,
        "support": 19
    },
    "CAL": {
        "precision": 0.967948717948718,
        "recall": 0.937888198757764,
        "f1-score": 0.9526813880126183,
        "support": 161
    },
    "LOC": {
        "precision": 0.8781725888324873,
        "recall": 0.8693467336683417,
        "f1-score": 0.8737373737373737,
        "support": 199
    },
    "TAM": {
        "precision": 0.9072847682119205,
        "recall": 0.8896103896103896,
        "f1-score": 0.898360655737705,
        "support": 154
    },
    "micro avg": {
        "precision": 0.9246298788694481,
        "recall": 0.8980392156862745,
        "f1-score": 0.9111405835543767,
        "support": 765
    },
    "macro avg": {
        "precision": 0.895555445429194,
        "recall": 0.8538051407233479,
        "f1-score": 0.8736039020507606,
        "support": 765
    },
    "weighted avg": {
        "precision": 0.9246817287834866,
        "recall": 0.8980392156862745,
        "f1-score": 0.9110383823405016,
        "support": 765
    },
    "training_time": 136.28854036331177
}