{
    "ACH": {
        "precision": 0.9333333333333333,
        "recall": 0.9054726368159204,
        "f1-score": 0.9191919191919192,
        "support": 201
    },
    "ATE": {
        "precision": 0.7307692307692307,
        "recall": 0.6129032258064516,
        "f1-score": 0.6666666666666667,
        "support": 31
    },
    "BOR": {
        "precision": 0.8333333333333334,
        "recall": 0.5263157894736842,
        "f1-score": 0.6451612903225806,
        "support": 19
    },
    "CAL": {
        "precision": 0.94375,
        "recall": 0.937888198757764,
        "f1-score": 0.940809968847352,
        "support": 161
    },
    "LOC": {
        "precision": 0.7882882882882883,
        "recall": 0.8793969849246231,
        "f1-score": 0.8313539192399051,
        "support": 199
    },
    "TAM": {
        "precision": 0.8831168831168831,
        "recall": 0.8831168831168831,
        "f1-score": 0.8831168831168831,
        "support": 154
    },
    "micro avg": {
        "precision": 0.8751625487646294,
        "recall": 0.8797385620915033,
        "f1-score": 0.8774445893089962,
        "support": 765
    },
    "macro avg": {
        "precision": 0.8520985114735115,
        "recall": 0.790848953149221,
        "f1-score": 0.8143834412308845,
        "support": 765
    },
    "weighted avg": {
        "precision": 0.8769938547144429,
        "recall": 0.8797385620915033,
        "f1-score": 0.8765910351026617,
        "support": 765
    },
    "training_time": 78.29276943206787
}