{
    "ACH": {
        "precision": 0.9736842105263158,
        "recall": 0.9203980099502488,
        "f1-score": 0.9462915601023019,
        "support": 201
    },
    "ATE": {
        "precision": 0.9,
        "recall": 0.8709677419354839,
        "f1-score": 0.8852459016393444,
        "support": 31
    },
    "BOR": {
        "precision": 0.8,
        "recall": 0.42105263157894735,
        "f1-score": 0.5517241379310345,
        "support": 19
    },
    "CAL": {
        "precision": 0.967741935483871,
        "recall": 0.9316770186335404,
        "f1-score": 0.949367088607595,
        "support": 161
    },
    "LOC": {
        "precision": 0.8585365853658536,
        "recall": 0.8844221105527639,
        "f1-score": 0.8712871287128713,
        "support": 199
    },
    "TAM": {
        "precision": 0.881578947368421,
        "recall": 0.8701298701298701,
        "f1-score": 0.8758169934640522,
        "support": 154
    },
    "micro avg": {
        "precision": 0.9164420485175202,
        "recall": 0.8888888888888888,
        "f1-score": 0.9024552090245521,
        "support": 765
    },
    "macro avg": {
        "precision": 0.896923613124077,
        "recall": 0.8164412304634757,
        "f1-score": 0.8466221350761999,
        "support": 765
    },
    "weighted avg": {
        "precision": 0.9166391062891953,
        "recall": 0.8888888888888888,
        "f1-score": 0.9009673751963663,
        "support": 765
    },
    "training_time": 96.36078476905823
}