{
    "ACH": {
        "precision": 0.9375,
        "recall": 0.8955223880597015,
        "f1-score": 0.9160305343511451,
        "support": 201
    },
    "ATE": {
        "precision": 0.8387096774193549,
        "recall": 0.8387096774193549,
        "f1-score": 0.8387096774193549,
        "support": 31
    },
    "BOR": {
        "precision": 0.8888888888888888,
        "recall": 0.42105263157894735,
        "f1-score": 0.5714285714285714,
        "support": 19
    },
    "CAL": {
        "precision": 0.9548387096774194,
        "recall": 0.9192546583850931,
        "f1-score": 0.9367088607594936,
        "support": 161
    },
    "LOC": {
        "precision": 0.8541666666666666,
        "recall": 0.8241206030150754,
        "f1-score": 0.8388746803069055,
        "support": 199
    },
    "TAM": {
        "precision": 0.8758620689655172,
        "recall": 0.8246753246753247,
        "f1-score": 0.8494983277591973,
        "support": 154
    },
    "micro avg": {
        "precision": 0.9019337016574586,
        "recall": 0.85359477124183,
        "f1-score": 0.8770987239758227,
        "support": 765
    },
    "macro avg": {
        "precision": 0.8916610019363079,
        "recall": 0.7872225471889162,
        "f1-score": 0.8252084420041114,
        "support": 765
    },
    "weighted avg": {
        "precision": 0.9018527404370061,
        "recall": 0.85359477124183,
        "f1-score": 0.8752264192156759,
        "support": 765
    },
    "training_time": 141.6942653656006
}