{
    "ACH": {
        "precision": 0.956989247311828,
        "recall": 0.8855721393034826,
        "f1-score": 0.9198966408268733,
        "support": 201
    },
    "ATE": {
        "precision": 0.8518518518518519,
        "recall": 0.7419354838709677,
        "f1-score": 0.7931034482758621,
        "support": 31
    },
    "BOR": {
        "precision": 0.8333333333333334,
        "recall": 0.5263157894736842,
        "f1-score": 0.6451612903225806,
        "support": 19
    },
    "CAL": {
        "precision": 0.9602649006622517,
        "recall": 0.9006211180124224,
        "f1-score": 0.9294871794871794,
        "support": 161
    },
    "LOC": {
        "precision": 0.8724489795918368,
        "recall": 0.8592964824120602,
        "f1-score": 0.8658227848101265,
        "support": 199
    },
    "TAM": {
        "precision": 0.896551724137931,
        "recall": 0.8441558441558441,
        "f1-score": 0.8695652173913043,
        "support": 154
    },
    "micro avg": {
        "precision": 0.9163179916317992,
        "recall": 0.8588235294117647,
        "f1-score": 0.8866396761133601,
        "support": 765
    },
    "macro avg": {
        "precision": 0.895240006148172,
        "recall": 0.7929828095380769,
        "f1-score": 0.8371727601856543,
        "support": 765
    },
    "weighted avg": {
        "precision": 0.91618894237001,
        "recall": 0.8588235294117647,
        "f1-score": 0.88575517617228,
        "support": 765
    },
    "training_time": 651.8531258106232
}