{
    "ACH": {
        "precision": 0.9095477386934674,
        "recall": 0.9378238341968912,
        "f1-score": 0.923469387755102,
        "support": 193
    },
    "ATE": {
        "precision": 0.8837209302325582,
        "recall": 0.9047619047619048,
        "f1-score": 0.8941176470588236,
        "support": 42
    },
    "BOR": {
        "precision": 0.7222222222222222,
        "recall": 0.6190476190476191,
        "f1-score": 0.6666666666666666,
        "support": 21
    },
    "CAL": {
        "precision": 0.9113924050632911,
        "recall": 0.9664429530201343,
        "f1-score": 0.9381107491856678,
        "support": 149
    },
    "LOC": {
        "precision": 0.8736842105263158,
        "recall": 0.8736842105263158,
        "f1-score": 0.8736842105263158,
        "support": 190
    },
    "TAM": {
        "precision": 0.9006622516556292,
        "recall": 0.9006622516556292,
        "f1-score": 0.9006622516556292,
        "support": 151
    },
    "micro avg": {
        "precision": 0.8932806324110671,
        "recall": 0.9088471849865952,
        "f1-score": 0.9009966777408638,
        "support": 746
    },
    "macro avg": {
        "precision": 0.8668716263989139,
        "recall": 0.8670704622014157,
        "f1-score": 0.8661184854747007,
        "support": 746
    },
    "weighted avg": {
        "precision": 0.8922562032958494,
        "recall": 0.9088471849865952,
        "f1-score": 0.9002158641311928,
        "support": 746
    },
    "training_time": 214.40579509735107
}