{
    "ACH": {
        "precision": 0.9104477611940298,
        "recall": 0.9481865284974094,
        "f1-score": 0.9289340101522843,
        "support": 193
    },
    "ATE": {
        "precision": 0.8125,
        "recall": 0.9285714285714286,
        "f1-score": 0.8666666666666666,
        "support": 42
    },
    "BOR": {
        "precision": 0.782608695652174,
        "recall": 0.8571428571428571,
        "f1-score": 0.8181818181818182,
        "support": 21
    },
    "CAL": {
        "precision": 0.9113924050632911,
        "recall": 0.9664429530201343,
        "f1-score": 0.9381107491856678,
        "support": 149
    },
    "LOC": {
        "precision": 0.8502415458937198,
        "recall": 0.9263157894736842,
        "f1-score": 0.8866498740554156,
        "support": 190
    },
    "TAM": {
        "precision": 0.8757763975155279,
        "recall": 0.9337748344370861,
        "f1-score": 0.9038461538461539,
        "support": 151
    },
    "micro avg": {
        "precision": 0.8784461152882206,
        "recall": 0.9396782841823056,
        "f1-score": 0.9080310880829016,
        "support": 746
    },
    "macro avg": {
        "precision": 0.8571611342197905,
        "recall": 0.9267390651904334,
        "f1-score": 0.8903982120146678,
        "support": 746
    },
    "weighted avg": {
        "precision": 0.8791713118206773,
        "recall": 0.9396782841823056,
        "f1-score": 0.9082960175216781,
        "support": 746
    },
    "training_time": 247.28988933563232
}