{
    "ACH": {
        "precision": 0.9175257731958762,
        "recall": 0.9222797927461139,
        "f1-score": 0.9198966408268733,
        "support": 193
    },
    "ATE": {
        "precision": 0.8085106382978723,
        "recall": 0.9047619047619048,
        "f1-score": 0.853932584269663,
        "support": 42
    },
    "BOR": {
        "precision": 0.47619047619047616,
        "recall": 0.47619047619047616,
        "f1-score": 0.47619047619047616,
        "support": 21
    },
    "CAL": {
        "precision": 0.9536423841059603,
        "recall": 0.9664429530201343,
        "f1-score": 0.9600000000000001,
        "support": 149
    },
    "LOC": {
        "precision": 0.865979381443299,
        "recall": 0.8842105263157894,
        "f1-score": 0.8749999999999999,
        "support": 190
    },
    "TAM": {
        "precision": 0.9006622516556292,
        "recall": 0.9006622516556292,
        "f1-score": 0.9006622516556292,
        "support": 151
    },
    "micro avg": {
        "precision": 0.8891820580474934,
        "recall": 0.903485254691689,
        "f1-score": 0.8962765957446809,
        "support": 746
    },
    "macro avg": {
        "precision": 0.8204184841481855,
        "recall": 0.8424246507816746,
        "f1-score": 0.830946992157107,
        "support": 746
    },
    "weighted avg": {
        "precision": 0.8896363522001739,
        "recall": 0.903485254691689,
        "f1-score": 0.8963742898376842,
        "support": 746
    },
    "training_time": 323.84371185302734
}