{
    "ACH": {
        "precision": 0.9175257731958762,
        "recall": 0.9222797927461139,
        "f1-score": 0.9198966408268733,
        "support": 193
    },
    "ATE": {
        "precision": 0.8604651162790697,
        "recall": 0.8809523809523809,
        "f1-score": 0.8705882352941177,
        "support": 42
    },
    "BOR": {
        "precision": 0.8181818181818182,
        "recall": 0.42857142857142855,
        "f1-score": 0.5625,
        "support": 21
    },
    "CAL": {
        "precision": 0.9290322580645162,
        "recall": 0.9664429530201343,
        "f1-score": 0.9473684210526316,
        "support": 149
    },
    "LOC": {
        "precision": 0.8177570093457944,
        "recall": 0.9210526315789473,
        "f1-score": 0.8663366336633663,
        "support": 190
    },
    "TAM": {
        "precision": 0.879746835443038,
        "recall": 0.9205298013245033,
        "f1-score": 0.8996763754045308,
        "support": 151
    },
    "micro avg": {
        "precision": 0.88,
        "recall": 0.9142091152815014,
        "f1-score": 0.8967784352399738,
        "support": 746
    },
    "macro avg": {
        "precision": 0.8704514684183522,
        "recall": 0.8399714980322516,
        "f1-score": 0.8443943843735867,
        "support": 746
    },
    "weighted avg": {
        "precision": 0.8807576912487345,
        "recall": 0.9142091152815014,
        "f1-score": 0.8948126613685059,
        "support": 746
    },
    "training_time": 227.67007899284363
}