{
    "ACH": {
        "precision": 0.9384615384615385,
        "recall": 0.9481865284974094,
        "f1-score": 0.9432989690721649,
        "support": 193
    },
    "ATE": {
        "precision": 0.9090909090909091,
        "recall": 0.9523809523809523,
        "f1-score": 0.9302325581395349,
        "support": 42
    },
    "BOR": {
        "precision": 0.7142857142857143,
        "recall": 0.7142857142857143,
        "f1-score": 0.7142857142857143,
        "support": 21
    },
    "CAL": {
        "precision": 0.9290322580645162,
        "recall": 0.9664429530201343,
        "f1-score": 0.9473684210526316,
        "support": 149
    },
    "LOC": {
        "precision": 0.9015544041450777,
        "recall": 0.9157894736842105,
        "f1-score": 0.9086161879895562,
        "support": 190
    },
    "TAM": {
        "precision": 0.9006622516556292,
        "recall": 0.9006622516556292,
        "f1-score": 0.9006622516556292,
        "support": 151
    },
    "micro avg": {
        "precision": 0.9117259552042161,
        "recall": 0.9276139410187667,
        "f1-score": 0.9196013289036545,
        "support": 746
    },
    "macro avg": {
        "precision": 0.8821811792838975,
        "recall": 0.8996246455873417,
        "f1-score": 0.8907440170325386,
        "support": 746
    },
    "weighted avg": {
        "precision": 0.9115630540805266,
        "recall": 0.9276139410187667,
        "f1-score": 0.9194657358279439,
        "support": 746
    },
    "training_time": 257.3844873905182
}