{
    "ACH": {
        "precision": 0.9378238341968912,
        "recall": 0.9378238341968912,
        "f1-score": 0.9378238341968912,
        "support": 193
    },
    "ATE": {
        "precision": 0.8809523809523809,
        "recall": 0.8809523809523809,
        "f1-score": 0.8809523809523809,
        "support": 42
    },
    "BOR": {
        "precision": 0.8333333333333334,
        "recall": 0.47619047619047616,
        "f1-score": 0.6060606060606061,
        "support": 21
    },
    "CAL": {
        "precision": 0.9285714285714286,
        "recall": 0.959731543624161,
        "f1-score": 0.9438943894389439,
        "support": 149
    },
    "LOC": {
        "precision": 0.8469945355191257,
        "recall": 0.8157894736842105,
        "f1-score": 0.8310991957104559,
        "support": 190
    },
    "TAM": {
        "precision": 0.9290780141843972,
        "recall": 0.8675496688741722,
        "f1-score": 0.8972602739726028,
        "support": 151
    },
    "micro avg": {
        "precision": 0.9062068965517242,
        "recall": 0.8806970509383378,
        "f1-score": 0.8932698844323589,
        "support": 746
    },
    "macro avg": {
        "precision": 0.8927922544595929,
        "recall": 0.8230062295870487,
        "f1-score": 0.8495151133886468,
        "support": 746
    },
    "weighted avg": {
        "precision": 0.9049287999297867,
        "recall": 0.8806970509383378,
        "f1-score": 0.8911027953197386,
        "support": 746
    },
    "training_time": 331.03883838653564
}