{
    "ACH": {
        "precision": 0.900990099009901,
        "recall": 0.9430051813471503,
        "f1-score": 0.9215189873417722,
        "support": 193
    },
    "ATE": {
        "precision": 0.8043478260869565,
        "recall": 0.8809523809523809,
        "f1-score": 0.8409090909090908,
        "support": 42
    },
    "BOR": {
        "precision": 0.7222222222222222,
        "recall": 0.6190476190476191,
        "f1-score": 0.6666666666666666,
        "support": 21
    },
    "CAL": {
        "precision": 0.9473684210526315,
        "recall": 0.9664429530201343,
        "f1-score": 0.9568106312292358,
        "support": 149
    },
    "LOC": {
        "precision": 0.8535353535353535,
        "recall": 0.8894736842105263,
        "f1-score": 0.8711340206185567,
        "support": 190
    },
    "TAM": {
        "precision": 0.9090909090909091,
        "recall": 0.9271523178807947,
        "f1-score": 0.9180327868852459,
        "support": 151
    },
    "micro avg": {
        "precision": 0.8896103896103896,
        "recall": 0.9182305630026809,
        "f1-score": 0.9036939313984169,
        "support": 746
    },
    "macro avg": {
        "precision": 0.8562591384996624,
        "recall": 0.8710123560764343,
        "f1-score": 0.862512030608428,
        "support": 746
    },
    "weighted avg": {
        "precision": 0.8893333829122202,
        "recall": 0.9182305630026809,
        "f1-score": 0.9033170846722492,
        "support": 746
    },
    "training_time": 241.8415162563324
}