{
    "ACH": {
        "precision": 0.9479166666666666,
        "recall": 0.9430051813471503,
        "f1-score": 0.9454545454545454,
        "support": 193
    },
    "ATE": {
        "precision": 0.8809523809523809,
        "recall": 0.8809523809523809,
        "f1-score": 0.8809523809523809,
        "support": 42
    },
    "BOR": {
        "precision": 0.7142857142857143,
        "recall": 0.7142857142857143,
        "f1-score": 0.7142857142857143,
        "support": 21
    },
    "CAL": {
        "precision": 0.9354838709677419,
        "recall": 0.9731543624161074,
        "f1-score": 0.9539473684210527,
        "support": 149
    },
    "LOC": {
        "precision": 0.8717948717948718,
        "recall": 0.8947368421052632,
        "f1-score": 0.8831168831168831,
        "support": 190
    },
    "TAM": {
        "precision": 0.9266666666666666,
        "recall": 0.9205298013245033,
        "f1-score": 0.9235880398671096,
        "support": 151
    },
    "micro avg": {
        "precision": 0.9112582781456954,
        "recall": 0.9222520107238605,
        "f1-score": 0.9167221852098602,
        "support": 746
    },
    "macro avg": {
        "precision": 0.8795166952223403,
        "recall": 0.8877773804051866,
        "f1-score": 0.8835574886829476,
        "support": 746
    },
    "weighted avg": {
        "precision": 0.9113977288854591,
        "recall": 0.9222520107238605,
        "f1-score": 0.916708963779632,
        "support": 746
    },
    "training_time": 262.5753083229065
}