{
    "ACH": {
        "precision": 0.9381443298969072,
        "recall": 0.9430051813471503,
        "f1-score": 0.9405684754521964,
        "support": 193
    },
    "ATE": {
        "precision": 0.8809523809523809,
        "recall": 0.8809523809523809,
        "f1-score": 0.8809523809523809,
        "support": 42
    },
    "BOR": {
        "precision": 0.7619047619047619,
        "recall": 0.7619047619047619,
        "f1-score": 0.7619047619047619,
        "support": 21
    },
    "CAL": {
        "precision": 0.9407894736842105,
        "recall": 0.959731543624161,
        "f1-score": 0.9501661129568106,
        "support": 149
    },
    "LOC": {
        "precision": 0.8095238095238095,
        "recall": 0.8947368421052632,
        "f1-score": 0.8500000000000001,
        "support": 190
    },
    "TAM": {
        "precision": 0.8742138364779874,
        "recall": 0.9205298013245033,
        "f1-score": 0.896774193548387,
        "support": 151
    },
    "micro avg": {
        "precision": 0.8830334190231363,
        "recall": 0.920911528150134,
        "f1-score": 0.9015748031496063,
        "support": 746
    },
    "macro avg": {
        "precision": 0.8675880987400095,
        "recall": 0.8934767518763701,
        "f1-score": 0.8800609874690893,
        "support": 746
    },
    "weighted avg": {
        "precision": 0.8847926278374669,
        "recall": 0.920911528150134,
        "f1-score": 0.902168056057165,
        "support": 746
    },
    "training_time": 324.504629611969
}