{
    "ACH": {
        "precision": 0.9242424242424242,
        "recall": 0.9481865284974094,
        "f1-score": 0.9360613810741689,
        "support": 193
    },
    "ATE": {
        "precision": 0.8478260869565217,
        "recall": 0.9285714285714286,
        "f1-score": 0.8863636363636365,
        "support": 42
    },
    "BOR": {
        "precision": 0.6470588235294118,
        "recall": 0.5238095238095238,
        "f1-score": 0.5789473684210527,
        "support": 21
    },
    "CAL": {
        "precision": 0.9230769230769231,
        "recall": 0.9664429530201343,
        "f1-score": 0.9442622950819671,
        "support": 149
    },
    "LOC": {
        "precision": 0.87,
        "recall": 0.9157894736842105,
        "f1-score": 0.8923076923076922,
        "support": 190
    },
    "TAM": {
        "precision": 0.9084967320261438,
        "recall": 0.9205298013245033,
        "f1-score": 0.9144736842105264,
        "support": 151
    },
    "micro avg": {
        "precision": 0.8961038961038961,
        "recall": 0.9249329758713136,
        "f1-score": 0.9102902374670184,
        "support": 746
    },
    "macro avg": {
        "precision": 0.8534501649719042,
        "recall": 0.8672216181512017,
        "f1-score": 0.8587360095765072,
        "support": 746
    },
    "weighted avg": {
        "precision": 0.8949023953076255,
        "recall": 0.9249329758713136,
        "f1-score": 0.9093352330199646,
        "support": 746
    },
    "training_time": 122.24228763580322
}