{
    "ACH": {
        "precision": 0.8774509803921569,
        "recall": 0.927461139896373,
        "f1-score": 0.9017632241813602,
        "support": 193
    },
    "ATE": {
        "precision": 0.6607142857142857,
        "recall": 0.8809523809523809,
        "f1-score": 0.7551020408163266,
        "support": 42
    },
    "BOR": {
        "precision": 0.47058823529411764,
        "recall": 0.38095238095238093,
        "f1-score": 0.42105263157894735,
        "support": 21
    },
    "CAL": {
        "precision": 0.89937106918239,
        "recall": 0.959731543624161,
        "f1-score": 0.9285714285714286,
        "support": 149
    },
    "LOC": {
        "precision": 0.7927927927927928,
        "recall": 0.9263157894736842,
        "f1-score": 0.8543689320388349,
        "support": 190
    },
    "TAM": {
        "precision": 0.8987341772151899,
        "recall": 0.9403973509933775,
        "f1-score": 0.9190938511326862,
        "support": 151
    },
    "micro avg": {
        "precision": 0.8394607843137255,
        "recall": 0.9182305630026809,
        "f1-score": 0.8770806658130602,
        "support": 746
    },
    "macro avg": {
        "precision": 0.7666085900984888,
        "recall": 0.8359684309820595,
        "f1-score": 0.7966586847199305,
        "support": 746
    },
    "weighted avg": {
        "precision": 0.8409198027549104,
        "recall": 0.9182305630026809,
        "f1-score": 0.8767655559115324,
        "support": 746
    },
    "training_time": 144.75950813293457
}