{
    "ACH": {
        "precision": 0.9108910891089109,
        "recall": 0.9533678756476683,
        "f1-score": 0.9316455696202531,
        "support": 193
    },
    "ATE": {
        "precision": 0.7837837837837838,
        "recall": 0.6904761904761905,
        "f1-score": 0.7341772151898734,
        "support": 42
    },
    "BOR": {
        "precision": 0.6470588235294118,
        "recall": 0.5238095238095238,
        "f1-score": 0.5789473684210527,
        "support": 21
    },
    "CAL": {
        "precision": 0.9096774193548387,
        "recall": 0.9463087248322147,
        "f1-score": 0.9276315789473683,
        "support": 149
    },
    "LOC": {
        "precision": 0.8431372549019608,
        "recall": 0.9052631578947369,
        "f1-score": 0.8730964467005077,
        "support": 190
    },
    "TAM": {
        "precision": 0.9150326797385621,
        "recall": 0.9271523178807947,
        "f1-score": 0.9210526315789473,
        "support": 151
    },
    "micro avg": {
        "precision": 0.8815104166666666,
        "recall": 0.9075067024128687,
        "f1-score": 0.8943196829590487,
        "support": 746
    },
    "macro avg": {
        "precision": 0.834930175069578,
        "recall": 0.8243962984235216,
        "f1-score": 0.8277584684096672,
        "support": 746
    },
    "weighted avg": {
        "precision": 0.8796475642986901,
        "recall": 0.9075067024128687,
        "f1-score": 0.8927417027026823,
        "support": 746
    },
    "training_time": 196.0369098186493
}