{
    "ACH": {
        "precision": 0.9468085106382979,
        "recall": 0.9222797927461139,
        "f1-score": 0.9343832020997374,
        "support": 193
    },
    "ATE": {
        "precision": 0.9047619047619048,
        "recall": 0.9047619047619048,
        "f1-score": 0.9047619047619048,
        "support": 42
    },
    "BOR": {
        "precision": 0.7,
        "recall": 0.6666666666666666,
        "f1-score": 0.6829268292682926,
        "support": 21
    },
    "CAL": {
        "precision": 0.9285714285714286,
        "recall": 0.959731543624161,
        "f1-score": 0.9438943894389439,
        "support": 149
    },
    "LOC": {
        "precision": 0.8367346938775511,
        "recall": 0.8631578947368421,
        "f1-score": 0.8497409326424872,
        "support": 190
    },
    "TAM": {
        "precision": 0.9319727891156463,
        "recall": 0.9072847682119205,
        "f1-score": 0.9194630872483222,
        "support": 151
    },
    "micro avg": {
        "precision": 0.9022757697456493,
        "recall": 0.903485254691689,
        "f1-score": 0.9028801071667784,
        "support": 746
    },
    "macro avg": {
        "precision": 0.8748082211608047,
        "recall": 0.8706470951246015,
        "f1-score": 0.8725283909099479,
        "support": 746
    },
    "weighted avg": {
        "precision": 0.9028132284229646,
        "recall": 0.903485254691689,
        "f1-score": 0.9029589662504762,
        "support": 746
    },
    "training_time": 124.65131545066833
}