{
    "ACH": {
        "precision": 0.9387755102040817,
        "recall": 0.9533678756476683,
        "f1-score": 0.9460154241645244,
        "support": 193
    },
    "ATE": {
        "precision": 0.7872340425531915,
        "recall": 0.8809523809523809,
        "f1-score": 0.8314606741573034,
        "support": 42
    },
    "BOR": {
        "precision": 0.6470588235294118,
        "recall": 0.5238095238095238,
        "f1-score": 0.5789473684210527,
        "support": 21
    },
    "CAL": {
        "precision": 0.9354838709677419,
        "recall": 0.9731543624161074,
        "f1-score": 0.9539473684210527,
        "support": 149
    },
    "LOC": {
        "precision": 0.8638743455497382,
        "recall": 0.868421052631579,
        "f1-score": 0.8661417322834646,
        "support": 190
    },
    "TAM": {
        "precision": 0.9102564102564102,
        "recall": 0.9403973509933775,
        "f1-score": 0.9250814332247558,
        "support": 151
    },
    "micro avg": {
        "precision": 0.8976377952755905,
        "recall": 0.9168900804289544,
        "f1-score": 0.9071618037135278,
        "support": 746
    },
    "macro avg": {
        "precision": 0.8471138338434292,
        "recall": 0.8566837577417727,
        "f1-score": 0.8502656667786922,
        "support": 746
    },
    "weighted avg": {
        "precision": 0.8965250387776157,
        "recall": 0.9168900804289544,
        "f1-score": 0.9062367337275273,
        "support": 746
    },
    "training_time": 146.97207117080688
}