{
    "ACH": {
        "precision": 0.9390862944162437,
        "recall": 0.9585492227979274,
        "f1-score": 0.9487179487179487,
        "support": 193
    },
    "ATE": {
        "precision": 0.8478260869565217,
        "recall": 0.9285714285714286,
        "f1-score": 0.8863636363636365,
        "support": 42
    },
    "BOR": {
        "precision": 0.8,
        "recall": 0.5714285714285714,
        "f1-score": 0.6666666666666666,
        "support": 21
    },
    "CAL": {
        "precision": 0.8805031446540881,
        "recall": 0.9395973154362416,
        "f1-score": 0.9090909090909091,
        "support": 149
    },
    "LOC": {
        "precision": 0.8163265306122449,
        "recall": 0.8421052631578947,
        "f1-score": 0.8290155440414508,
        "support": 190
    },
    "TAM": {
        "precision": 0.9183673469387755,
        "recall": 0.8940397350993378,
        "f1-score": 0.9060402684563759,
        "support": 151
    },
    "micro avg": {
        "precision": 0.8828947368421053,
        "recall": 0.8994638069705094,
        "f1-score": 0.8911022576361222,
        "support": 746
    },
    "macro avg": {
        "precision": 0.8670182339296456,
        "recall": 0.8557152560819002,
        "f1-score": 0.8576491622228314,
        "support": 746
    },
    "weighted avg": {
        "precision": 0.8828724252440344,
        "recall": 0.8994638069705094,
        "f1-score": 0.8902270994492905,
        "support": 746
    },
    "training_time": 198.5416977405548
}