{
    "ACH": {
        "precision": 0.8910891089108911,
        "recall": 0.9326424870466321,
        "f1-score": 0.9113924050632911,
        "support": 193
    },
    "ATE": {
        "precision": 0.78,
        "recall": 0.9285714285714286,
        "f1-score": 0.8478260869565217,
        "support": 42
    },
    "BOR": {
        "precision": 0.7272727272727273,
        "recall": 0.7619047619047619,
        "f1-score": 0.7441860465116279,
        "support": 21
    },
    "CAL": {
        "precision": 0.9166666666666666,
        "recall": 0.959731543624161,
        "f1-score": 0.9377049180327869,
        "support": 149
    },
    "LOC": {
        "precision": 0.8325123152709359,
        "recall": 0.8894736842105263,
        "f1-score": 0.8600508905852418,
        "support": 190
    },
    "TAM": {
        "precision": 0.9060402684563759,
        "recall": 0.8940397350993378,
        "f1-score": 0.9,
        "support": 151
    },
    "micro avg": {
        "precision": 0.8721227621483376,
        "recall": 0.9142091152815014,
        "f1-score": 0.8926701570680629,
        "support": 746
    },
    "macro avg": {
        "precision": 0.8422635144295997,
        "recall": 0.8943939400761414,
        "f1-score": 0.8668600578582449,
        "support": 746
    },
    "weighted avg": {
        "precision": 0.8734392480754063,
        "recall": 0.9142091152815014,
        "f1-score": 0.8929799447777672,
        "support": 746
    },
    "training_time": 128.74000644683838
}