{
    "ACH": {
        "precision": 0.9365079365079365,
        "recall": 0.917098445595855,
        "f1-score": 0.9267015706806283,
        "support": 193
    },
    "ATE": {
        "precision": 0.8181818181818182,
        "recall": 0.8571428571428571,
        "f1-score": 0.8372093023255814,
        "support": 42
    },
    "BOR": {
        "precision": 0.55,
        "recall": 0.5238095238095238,
        "f1-score": 0.5365853658536585,
        "support": 21
    },
    "CAL": {
        "precision": 0.910828025477707,
        "recall": 0.959731543624161,
        "f1-score": 0.934640522875817,
        "support": 149
    },
    "LOC": {
        "precision": 0.8656716417910447,
        "recall": 0.9157894736842105,
        "f1-score": 0.8900255754475703,
        "support": 190
    },
    "TAM": {
        "precision": 0.9090909090909091,
        "recall": 0.9271523178807947,
        "f1-score": 0.9180327868852459,
        "support": 151
    },
    "micro avg": {
        "precision": 0.8901960784313725,
        "recall": 0.9128686327077749,
        "f1-score": 0.9013898080741232,
        "support": 746
    },
    "macro avg": {
        "precision": 0.831713388508236,
        "recall": 0.8501206936229004,
        "f1-score": 0.8405325206780835,
        "support": 746
    },
    "weighted avg": {
        "precision": 0.8902458218751638,
        "recall": 0.9128686327077749,
        "f1-score": 0.9011712259854822,
        "support": 746
    },
    "training_time": 151.03711795806885
}