{
    "ACH": {
        "precision": 0.9230769230769231,
        "recall": 0.9326424870466321,
        "f1-score": 0.9278350515463918,
        "support": 193
    },
    "ATE": {
        "precision": 0.9069767441860465,
        "recall": 0.9285714285714286,
        "f1-score": 0.9176470588235294,
        "support": 42
    },
    "BOR": {
        "precision": 0.75,
        "recall": 0.5714285714285714,
        "f1-score": 0.6486486486486486,
        "support": 21
    },
    "CAL": {
        "precision": 0.9411764705882353,
        "recall": 0.9664429530201343,
        "f1-score": 0.9536423841059601,
        "support": 149
    },
    "LOC": {
        "precision": 0.8434343434343434,
        "recall": 0.8789473684210526,
        "f1-score": 0.8608247422680412,
        "support": 190
    },
    "TAM": {
        "precision": 0.9440559440559441,
        "recall": 0.8940397350993378,
        "f1-score": 0.9183673469387755,
        "support": 151
    },
    "micro avg": {
        "precision": 0.9050802139037433,
        "recall": 0.9075067024128687,
        "f1-score": 0.9062918340026773,
        "support": 746
    },
    "macro avg": {
        "precision": 0.8847867375569155,
        "recall": 0.8620120905978594,
        "f1-score": 0.8711608720552245,
        "support": 746
    },
    "weighted avg": {
        "precision": 0.9048755178716891,
        "recall": 0.9075067024128687,
        "f1-score": 0.9055735237146574,
        "support": 746
    },
    "training_time": 209.86333417892456
}