{
    "ACH": {
        "precision": 0.9141414141414141,
        "recall": 0.9378238341968912,
        "f1-score": 0.9258312020460359,
        "support": 193
    },
    "ATE": {
        "precision": 0.6938775510204082,
        "recall": 0.8095238095238095,
        "f1-score": 0.7472527472527472,
        "support": 42
    },
    "BOR": {
        "precision": 0.6666666666666666,
        "recall": 0.19047619047619047,
        "f1-score": 0.2962962962962963,
        "support": 21
    },
    "CAL": {
        "precision": 0.9056603773584906,
        "recall": 0.9664429530201343,
        "f1-score": 0.935064935064935,
        "support": 149
    },
    "LOC": {
        "precision": 0.8115942028985508,
        "recall": 0.8842105263157894,
        "f1-score": 0.8463476070528966,
        "support": 190
    },
    "TAM": {
        "precision": 0.8580246913580247,
        "recall": 0.9205298013245033,
        "f1-score": 0.8881789137380192,
        "support": 151
    },
    "micro avg": {
        "precision": 0.8578745198463509,
        "recall": 0.8981233243967829,
        "f1-score": 0.8775376555337263,
        "support": 746
    },
    "macro avg": {
        "precision": 0.8083274839072591,
        "recall": 0.7848345191428864,
        "f1-score": 0.7731619502418217,
        "support": 746
    },
    "weighted avg": {
        "precision": 0.8556034493892112,
        "recall": 0.8981233243967829,
        "f1-score": 0.8720348475078943,
        "support": 746
    },
    "training_time": 76.3130099773407
}