{
    "ACH": {
        "precision": 0.9289340101522843,
        "recall": 0.9481865284974094,
        "f1-score": 0.9384615384615385,
        "support": 193
    },
    "ATE": {
        "precision": 0.782608695652174,
        "recall": 0.8571428571428571,
        "f1-score": 0.8181818181818182,
        "support": 42
    },
    "BOR": {
        "precision": 0.5454545454545454,
        "recall": 0.2857142857142857,
        "f1-score": 0.37499999999999994,
        "support": 21
    },
    "CAL": {
        "precision": 0.8944099378881988,
        "recall": 0.9664429530201343,
        "f1-score": 0.9290322580645162,
        "support": 149
    },
    "LOC": {
        "precision": 0.8009049773755657,
        "recall": 0.9315789473684211,
        "f1-score": 0.8613138686131386,
        "support": 190
    },
    "TAM": {
        "precision": 0.8284023668639053,
        "recall": 0.9271523178807947,
        "f1-score": 0.8749999999999999,
        "support": 151
    },
    "micro avg": {
        "precision": 0.8521739130434782,
        "recall": 0.9195710455764075,
        "f1-score": 0.8845905867182462,
        "support": 746
    },
    "macro avg": {
        "precision": 0.7967857555644455,
        "recall": 0.8193696482706504,
        "f1-score": 0.7994982472201686,
        "support": 746
    },
    "weighted avg": {
        "precision": 0.8500484698049282,
        "recall": 0.9195710455764075,
        "f1-score": 0.8814506096177245,
        "support": 746
    },
    "training_time": 94.5858907699585
}