{
    "ACH": {
        "precision": 0.9664804469273743,
        "recall": 0.8963730569948186,
        "f1-score": 0.9301075268817204,
        "support": 193
    },
    "ATE": {
        "precision": 0.8372093023255814,
        "recall": 0.8571428571428571,
        "f1-score": 0.8470588235294119,
        "support": 42
    },
    "BOR": {
        "precision": 0.7777777777777778,
        "recall": 0.3333333333333333,
        "f1-score": 0.4666666666666666,
        "support": 21
    },
    "CAL": {
        "precision": 0.9527027027027027,
        "recall": 0.9463087248322147,
        "f1-score": 0.9494949494949495,
        "support": 149
    },
    "LOC": {
        "precision": 0.8638743455497382,
        "recall": 0.868421052631579,
        "f1-score": 0.8661417322834646,
        "support": 190
    },
    "TAM": {
        "precision": 0.9256756756756757,
        "recall": 0.9072847682119205,
        "f1-score": 0.9163879598662208,
        "support": 151
    },
    "micro avg": {
        "precision": 0.9178272980501393,
        "recall": 0.8833780160857909,
        "f1-score": 0.900273224043716,
        "support": 746
    },
    "macro avg": {
        "precision": 0.8872867084931416,
        "recall": 0.8014772988577872,
        "f1-score": 0.8293096097870722,
        "support": 746
    },
    "weighted avg": {
        "precision": 0.9167462542522401,
        "recall": 0.8833780160857909,
        "f1-score": 0.89718965392066,
        "support": 746
    },
    "training_time": 143.8262243270874
}