{
    "ACH": {
        "precision": 0.9326424870466321,
        "recall": 0.9326424870466321,
        "f1-score": 0.9326424870466321,
        "support": 193
    },
    "ATE": {
        "precision": 0.8333333333333334,
        "recall": 0.8333333333333334,
        "f1-score": 0.8333333333333334,
        "support": 42
    },
    "BOR": {
        "precision": 0.75,
        "recall": 0.42857142857142855,
        "f1-score": 0.5454545454545454,
        "support": 21
    },
    "CAL": {
        "precision": 0.9230769230769231,
        "recall": 0.9664429530201343,
        "f1-score": 0.9442622950819671,
        "support": 149
    },
    "LOC": {
        "precision": 0.848780487804878,
        "recall": 0.9157894736842105,
        "f1-score": 0.881012658227848,
        "support": 190
    },
    "TAM": {
        "precision": 0.8383233532934131,
        "recall": 0.9271523178807947,
        "f1-score": 0.8805031446540881,
        "support": 151
    },
    "micro avg": {
        "precision": 0.88,
        "recall": 0.9142091152815014,
        "f1-score": 0.8967784352399738,
        "support": 746
    },
    "macro avg": {
        "precision": 0.8543594307591965,
        "recall": 0.8339886655894223,
        "f1-score": 0.836201410633069,
        "support": 746
    },
    "weighted avg": {
        "precision": 0.879549035614871,
        "recall": 0.9142091152815014,
        "f1-score": 0.8947694468201299,
        "support": 746
    },
    "training_time": 83.612220287323
}