{
    "ACH": {
        "precision": 0.9381443298969072,
        "recall": 0.9430051813471503,
        "f1-score": 0.9405684754521964,
        "support": 193
    },
    "ATE": {
        "precision": 0.8043478260869565,
        "recall": 0.8809523809523809,
        "f1-score": 0.8409090909090908,
        "support": 42
    },
    "BOR": {
        "precision": 0.625,
        "recall": 0.47619047619047616,
        "f1-score": 0.5405405405405405,
        "support": 21
    },
    "CAL": {
        "precision": 0.9,
        "recall": 0.9664429530201343,
        "f1-score": 0.9320388349514563,
        "support": 149
    },
    "LOC": {
        "precision": 0.826530612244898,
        "recall": 0.8526315789473684,
        "f1-score": 0.839378238341969,
        "support": 190
    },
    "TAM": {
        "precision": 0.8068965517241379,
        "recall": 0.7748344370860927,
        "f1-score": 0.7905405405405406,
        "support": 151
    },
    "micro avg": {
        "precision": 0.8612945838837517,
        "recall": 0.8739946380697051,
        "f1-score": 0.867598137059215,
        "support": 746
    },
    "macro avg": {
        "precision": 0.8168198866588164,
        "recall": 0.8156761679239337,
        "f1-score": 0.8139959534559655,
        "support": 746
    },
    "weighted avg": {
        "precision": 0.8591845308346255,
        "recall": 0.8739946380697051,
        "f1-score": 0.86585324697878,
        "support": 746
    },
    "training_time": 107.50360369682312
}