{
    "ACH": {
        "precision": 0.8762886597938144,
        "recall": 0.8808290155440415,
        "f1-score": 0.8785529715762274,
        "support": 193
    },
    "ATE": {
        "precision": 0.8048780487804879,
        "recall": 0.7857142857142857,
        "f1-score": 0.7951807228915663,
        "support": 42
    },
    "BOR": {
        "precision": 0.5789473684210527,
        "recall": 0.5238095238095238,
        "f1-score": 0.5500000000000002,
        "support": 21
    },
    "CAL": {
        "precision": 0.934640522875817,
        "recall": 0.959731543624161,
        "f1-score": 0.9470198675496688,
        "support": 149
    },
    "LOC": {
        "precision": 0.828125,
        "recall": 0.8368421052631579,
        "f1-score": 0.8324607329842932,
        "support": 190
    },
    "TAM": {
        "precision": 0.8511904761904762,
        "recall": 0.9470198675496688,
        "f1-score": 0.896551724137931,
        "support": 151
    },
    "micro avg": {
        "precision": 0.8591916558018253,
        "recall": 0.8833780160857909,
        "f1-score": 0.8711169861202908,
        "support": 746
    },
    "macro avg": {
        "precision": 0.8123450126769414,
        "recall": 0.8223243902508064,
        "f1-score": 0.8166276698566145,
        "support": 746
    },
    "weighted avg": {
        "precision": 0.8582056755215649,
        "recall": 0.8833780160857909,
        "f1-score": 0.8701891739308333,
        "support": 746
    },
    "training_time": 151.2876217365265
}