{
    "ACH": {
        "precision": 0.9292929292929293,
        "recall": 0.9533678756476683,
        "f1-score": 0.9411764705882352,
        "support": 193
    },
    "ATE": {
        "precision": 0.8863636363636364,
        "recall": 0.9285714285714286,
        "f1-score": 0.9069767441860465,
        "support": 42
    },
    "BOR": {
        "precision": 0.8,
        "recall": 0.5714285714285714,
        "f1-score": 0.6666666666666666,
        "support": 21
    },
    "CAL": {
        "precision": 0.9113924050632911,
        "recall": 0.9664429530201343,
        "f1-score": 0.9381107491856678,
        "support": 149
    },
    "LOC": {
        "precision": 0.8203883495145631,
        "recall": 0.8894736842105263,
        "f1-score": 0.8535353535353535,
        "support": 190
    },
    "TAM": {
        "precision": 0.8726114649681529,
        "recall": 0.9072847682119205,
        "f1-score": 0.8896103896103896,
        "support": 151
    },
    "micro avg": {
        "precision": 0.8804627249357326,
        "recall": 0.9182305630026809,
        "f1-score": 0.8989501312335957,
        "support": 746
    },
    "macro avg": {
        "precision": 0.8700081308670954,
        "recall": 0.8694282135150416,
        "f1-score": 0.8660127289620599,
        "support": 746
    },
    "weighted avg": {
        "precision": 0.8804509303662151,
        "recall": 0.9182305630026809,
        "f1-score": 0.8981521041700992,
        "support": 746
    },
    "training_time": 90.28161358833313
}