{
    "ACH": {
        "precision": 0.9054726368159204,
        "recall": 0.9430051813471503,
        "f1-score": 0.9238578680203046,
        "support": 193
    },
    "ATE": {
        "precision": 0.8444444444444444,
        "recall": 0.9047619047619048,
        "f1-score": 0.8735632183908046,
        "support": 42
    },
    "BOR": {
        "precision": 0.6956521739130435,
        "recall": 0.7619047619047619,
        "f1-score": 0.7272727272727272,
        "support": 21
    },
    "CAL": {
        "precision": 0.9407894736842105,
        "recall": 0.959731543624161,
        "f1-score": 0.9501661129568106,
        "support": 149
    },
    "LOC": {
        "precision": 0.8155339805825242,
        "recall": 0.8842105263157894,
        "f1-score": 0.8484848484848484,
        "support": 190
    },
    "TAM": {
        "precision": 0.8860759493670886,
        "recall": 0.9271523178807947,
        "f1-score": 0.9061488673139159,
        "support": 151
    },
    "micro avg": {
        "precision": 0.8751592356687898,
        "recall": 0.920911528150134,
        "f1-score": 0.8974526453298497,
        "support": 746
    },
    "macro avg": {
        "precision": 0.847994776467872,
        "recall": 0.8967943726390937,
        "f1-score": 0.8715822737399019,
        "support": 746
    },
    "weighted avg": {
        "precision": 0.8763513907082716,
        "recall": 0.920911528150134,
        "f1-score": 0.8979655522522079,
        "support": 746
    },
    "training_time": 108.63617753982544
}