{
    "ACH": {
        "precision": 0.9384615384615385,
        "recall": 0.9481865284974094,
        "f1-score": 0.9432989690721649,
        "support": 193
    },
    "ATE": {
        "precision": 0.8636363636363636,
        "recall": 0.9047619047619048,
        "f1-score": 0.8837209302325582,
        "support": 42
    },
    "BOR": {
        "precision": 0.6666666666666666,
        "recall": 0.5714285714285714,
        "f1-score": 0.6153846153846153,
        "support": 21
    },
    "CAL": {
        "precision": 0.9177215189873418,
        "recall": 0.9731543624161074,
        "f1-score": 0.9446254071661238,
        "support": 149
    },
    "LOC": {
        "precision": 0.8167539267015707,
        "recall": 0.8210526315789474,
        "f1-score": 0.8188976377952756,
        "support": 190
    },
    "TAM": {
        "precision": 0.8831168831168831,
        "recall": 0.9006622516556292,
        "f1-score": 0.8918032786885246,
        "support": 151
    },
    "micro avg": {
        "precision": 0.881578947368421,
        "recall": 0.8981233243967829,
        "f1-score": 0.8897742363877822,
        "support": 746
    },
    "macro avg": {
        "precision": 0.8477261495950607,
        "recall": 0.8532077083897617,
        "f1-score": 0.8496218063898772,
        "support": 746
    },
    "weighted avg": {
        "precision": 0.8802549677598739,
        "recall": 0.8981233243967829,
        "f1-score": 0.8888714329150057,
        "support": 746
    },
    "training_time": 161.05276226997375
}