{
    "ACH": {
        "precision": 0.9368421052631579,
        "recall": 0.9222797927461139,
        "f1-score": 0.9295039164490861,
        "support": 193
    },
    "ATE": {
        "precision": 0.8809523809523809,
        "recall": 0.8809523809523809,
        "f1-score": 0.8809523809523809,
        "support": 42
    },
    "BOR": {
        "precision": 0.7,
        "recall": 0.6666666666666666,
        "f1-score": 0.6829268292682926,
        "support": 21
    },
    "CAL": {
        "precision": 0.9281045751633987,
        "recall": 0.9530201342281879,
        "f1-score": 0.9403973509933774,
        "support": 149
    },
    "LOC": {
        "precision": 0.8526315789473684,
        "recall": 0.8526315789473684,
        "f1-score": 0.8526315789473685,
        "support": 190
    },
    "TAM": {
        "precision": 0.869281045751634,
        "recall": 0.8807947019867549,
        "f1-score": 0.8750000000000001,
        "support": 151
    },
    "micro avg": {
        "precision": 0.8903743315508021,
        "recall": 0.8927613941018767,
        "f1-score": 0.8915662650602408,
        "support": 746
    },
    "macro avg": {
        "precision": 0.8613019476796566,
        "recall": 0.8593908759212455,
        "f1-score": 0.8602353427684176,
        "support": 746
    },
    "weighted avg": {
        "precision": 0.8901602492273896,
        "recall": 0.8927613941018767,
        "f1-score": 0.8913940007872937,
        "support": 746
    },
    "training_time": 655.195835351944
}