{
    "ACH": {
        "precision": 1.0,
        "recall": 0.9603960396039604,
        "f1-score": 0.9797979797979798,
        "support": 101
    },
    "ATE": {
        "precision": 0.9473684210526315,
        "recall": 0.9473684210526315,
        "f1-score": 0.9473684210526315,
        "support": 19
    },
    "BOR": {
        "precision": 0.8461538461538461,
        "recall": 0.7857142857142857,
        "f1-score": 0.8148148148148148,
        "support": 14
    },
    "CAL": {
        "precision": 1.0,
        "recall": 0.9512195121951219,
        "f1-score": 0.975,
        "support": 82
    },
    "LOC": {
        "precision": 0.9791666666666666,
        "recall": 0.9494949494949495,
        "f1-score": 0.9641025641025641,
        "support": 99
    },
    "TAM": {
        "precision": 0.9494949494949495,
        "recall": 0.9494949494949495,
        "f1-score": 0.9494949494949495,
        "support": 99
    },
    "micro avg": {
        "precision": 0.9751243781094527,
        "recall": 0.9468599033816425,
        "f1-score": 0.9607843137254902,
        "support": 414
    },
    "macro avg": {
        "precision": 0.9536973138946824,
        "recall": 0.9239480262593164,
        "f1-score": 0.93842978821049,
        "support": 414
    },
    "weighted avg": {
        "precision": 0.9753228353771831,
        "recall": 0.9468599033816425,
        "f1-score": 0.9607805729786406,
        "support": 414
    }
}