{
    "ACH": {
        "precision": 0.9393939393939394,
        "recall": 0.8469945355191257,
        "f1-score": 0.8908045977011495,
        "support": 183
    },
    "ATE": {
        "precision": 0.9655172413793104,
        "recall": 0.7567567567567568,
        "f1-score": 0.8484848484848485,
        "support": 37
    },
    "BOR": {
        "precision": 0.7777777777777778,
        "recall": 0.6666666666666666,
        "f1-score": 0.717948717948718,
        "support": 21
    },
    "CAL": {
        "precision": 0.9481481481481482,
        "recall": 0.8707482993197279,
        "f1-score": 0.9078014184397163,
        "support": 147
    },
    "LOC": {
        "precision": 0.893491124260355,
        "recall": 0.8388888888888889,
        "f1-score": 0.8653295128939829,
        "support": 180
    },
    "TAM": {
        "precision": 0.9,
        "recall": 0.8297872340425532,
        "f1-score": 0.8634686346863468,
        "support": 141
    },
    "micro avg": {
        "precision": 0.9179566563467493,
        "recall": 0.8363892806770099,
        "f1-score": 0.8752767527675276,
        "support": 709
    },
    "macro avg": {
        "precision": 0.9040547051599219,
        "recall": 0.8016403968656198,
        "f1-score": 0.8489729550257937,
        "support": 709
    },
    "weighted avg": {
        "precision": 0.9182972388125534,
        "recall": 0.8363892806770099,
        "f1-score": 0.8750963359273667,
        "support": 709
    },
    "training_time": 213.15005087852478
}