{
    "ACH": {
        "precision": 0.9010989010989011,
        "recall": 0.8961748633879781,
        "f1-score": 0.8986301369863015,
        "support": 183
    },
    "ATE": {
        "precision": 0.8857142857142857,
        "recall": 0.8378378378378378,
        "f1-score": 0.8611111111111112,
        "support": 37
    },
    "BOR": {
        "precision": 0.6818181818181818,
        "recall": 0.7142857142857143,
        "f1-score": 0.6976744186046512,
        "support": 21
    },
    "CAL": {
        "precision": 0.912751677852349,
        "recall": 0.9251700680272109,
        "f1-score": 0.9189189189189189,
        "support": 147
    },
    "LOC": {
        "precision": 0.7978723404255319,
        "recall": 0.8333333333333334,
        "f1-score": 0.8152173913043479,
        "support": 180
    },
    "TAM": {
        "precision": 0.8193548387096774,
        "recall": 0.900709219858156,
        "f1-score": 0.8581081081081081,
        "support": 141
    },
    "micro avg": {
        "precision": 0.8522571819425444,
        "recall": 0.8787023977433004,
        "f1-score": 0.8652777777777777,
        "support": 709
    },
    "macro avg": {
        "precision": 0.8331017042698211,
        "recall": 0.8512518394550384,
        "f1-score": 0.8416100141722397,
        "support": 709
    },
    "weighted avg": {
        "precision": 0.8537535394494568,
        "recall": 0.8787023977433004,
        "f1-score": 0.8656911759230027,
        "support": 709
    },
    "training_time": 232.8904116153717
}