{
    "ACH": {
        "precision": 0.9578313253012049,
        "recall": 0.8688524590163934,
        "f1-score": 0.9111747851002866,
        "support": 183
    },
    "ATE": {
        "precision": 0.8888888888888888,
        "recall": 0.8648648648648649,
        "f1-score": 0.8767123287671232,
        "support": 37
    },
    "BOR": {
        "precision": 0.7368421052631579,
        "recall": 0.6666666666666666,
        "f1-score": 0.7,
        "support": 21
    },
    "CAL": {
        "precision": 0.9565217391304348,
        "recall": 0.8979591836734694,
        "f1-score": 0.9263157894736843,
        "support": 147
    },
    "LOC": {
        "precision": 0.8662790697674418,
        "recall": 0.8277777777777777,
        "f1-score": 0.846590909090909,
        "support": 180
    },
    "TAM": {
        "precision": 0.9037037037037037,
        "recall": 0.8652482269503546,
        "f1-score": 0.8840579710144929,
        "support": 141
    },
    "micro avg": {
        "precision": 0.9129129129129129,
        "recall": 0.8575458392101551,
        "f1-score": 0.8843636363636365,
        "support": 709
    },
    "macro avg": {
        "precision": 0.8850111386758054,
        "recall": 0.8318948631582544,
        "f1-score": 0.8574752972410827,
        "support": 709
    },
    "weighted avg": {
        "precision": 0.9134088237828933,
        "recall": 0.8575458392101551,
        "f1-score": 0.8844715097881167,
        "support": 709
    },
    "training_time": 302.0649552345276
}