{
    "ACH": {
        "precision": 0.9265536723163842,
        "recall": 0.8961748633879781,
        "f1-score": 0.9111111111111111,
        "support": 183
    },
    "ATE": {
        "precision": 0.9428571428571428,
        "recall": 0.8918918918918919,
        "f1-score": 0.9166666666666667,
        "support": 37
    },
    "BOR": {
        "precision": 0.8,
        "recall": 0.7619047619047619,
        "f1-score": 0.7804878048780488,
        "support": 21
    },
    "CAL": {
        "precision": 0.9366197183098591,
        "recall": 0.9047619047619048,
        "f1-score": 0.9204152249134948,
        "support": 147
    },
    "LOC": {
        "precision": 0.8524590163934426,
        "recall": 0.8666666666666667,
        "f1-score": 0.8595041322314049,
        "support": 180
    },
    "TAM": {
        "precision": 0.7898089171974523,
        "recall": 0.8794326241134752,
        "f1-score": 0.8322147651006712,
        "support": 141
    },
    "micro avg": {
        "precision": 0.876750700280112,
        "recall": 0.8829337094499294,
        "f1-score": 0.8798313422347154,
        "support": 709
    },
    "macro avg": {
        "precision": 0.8747164111790467,
        "recall": 0.8668054521211129,
        "f1-score": 0.8700666174835664,
        "support": 709
    },
    "weighted avg": {
        "precision": 0.8797373980068016,
        "recall": 0.8829337094499294,
        "f1-score": 0.880668981164415,
        "support": 709
    },
    "training_time": 213.61494064331055
}