{
    "ACH": {
        "precision": 0.9081081081081082,
        "recall": 0.9180327868852459,
        "f1-score": 0.9130434782608696,
        "support": 183
    },
    "ATE": {
        "precision": 0.875,
        "recall": 0.9459459459459459,
        "f1-score": 0.9090909090909091,
        "support": 37
    },
    "BOR": {
        "precision": 0.7,
        "recall": 0.6666666666666666,
        "f1-score": 0.6829268292682926,
        "support": 21
    },
    "CAL": {
        "precision": 0.9319727891156463,
        "recall": 0.9319727891156463,
        "f1-score": 0.9319727891156463,
        "support": 147
    },
    "LOC": {
        "precision": 0.8494623655913979,
        "recall": 0.8777777777777778,
        "f1-score": 0.8633879781420764,
        "support": 180
    },
    "TAM": {
        "precision": 0.8113207547169812,
        "recall": 0.9148936170212766,
        "f1-score": 0.8600000000000001,
        "support": 141
    },
    "micro avg": {
        "precision": 0.8697421981004071,
        "recall": 0.9040902679830748,
        "f1-score": 0.8865836791147995,
        "support": 709
    },
    "macro avg": {
        "precision": 0.8459773362553555,
        "recall": 0.8758815972354266,
        "f1-score": 0.8600703306462991,
        "support": 709
    },
    "weighted avg": {
        "precision": 0.8710271311781801,
        "recall": 0.9040902679830748,
        "f1-score": 0.8867907188128501,
        "support": 709
    },
    "training_time": 236.57456254959106
}