{
    "ACH": {
        "precision": 0.8505154639175257,
        "recall": 0.9016393442622951,
        "f1-score": 0.8753315649867374,
        "support": 183
    },
    "ATE": {
        "precision": 0.9333333333333333,
        "recall": 0.7567567567567568,
        "f1-score": 0.835820895522388,
        "support": 37
    },
    "BOR": {
        "precision": 0.6666666666666666,
        "recall": 0.19047619047619047,
        "f1-score": 0.2962962962962963,
        "support": 21
    },
    "CAL": {
        "precision": 0.9366197183098591,
        "recall": 0.9047619047619048,
        "f1-score": 0.9204152249134948,
        "support": 147
    },
    "LOC": {
        "precision": 0.856353591160221,
        "recall": 0.8611111111111112,
        "f1-score": 0.8587257617728532,
        "support": 180
    },
    "TAM": {
        "precision": 0.8920863309352518,
        "recall": 0.8794326241134752,
        "f1-score": 0.8857142857142858,
        "support": 141
    },
    "micro avg": {
        "precision": 0.880057803468208,
        "recall": 0.8589562764456982,
        "f1-score": 0.8693790149892933,
        "support": 709
    },
    "macro avg": {
        "precision": 0.8559291840538096,
        "recall": 0.7490296552469556,
        "f1-score": 0.7787173382010093,
        "support": 709
    },
    "weighted avg": {
        "precision": 0.8769937671262341,
        "recall": 0.8589562764456982,
        "f1-score": 0.8633154601075248,
        "support": 709
    },
    "training_time": 307.3203239440918
}