{
    "ACH": {
        "precision": 0.8762886597938144,
        "recall": 0.9289617486338798,
        "f1-score": 0.9018567639257294,
        "support": 183
    },
    "ATE": {
        "precision": 0.9142857142857143,
        "recall": 0.8648648648648649,
        "f1-score": 0.888888888888889,
        "support": 37
    },
    "BOR": {
        "precision": 0.6842105263157895,
        "recall": 0.6190476190476191,
        "f1-score": 0.6500000000000001,
        "support": 21
    },
    "CAL": {
        "precision": 0.9310344827586207,
        "recall": 0.9183673469387755,
        "f1-score": 0.9246575342465754,
        "support": 147
    },
    "LOC": {
        "precision": 0.8295454545454546,
        "recall": 0.8111111111111111,
        "f1-score": 0.8202247191011237,
        "support": 180
    },
    "TAM": {
        "precision": 0.7950310559006211,
        "recall": 0.9078014184397163,
        "f1-score": 0.847682119205298,
        "support": 141
    },
    "micro avg": {
        "precision": 0.8547945205479452,
        "recall": 0.8801128349788434,
        "f1-score": 0.86726893676164,
        "support": 709
    },
    "macro avg": {
        "precision": 0.8383993156000024,
        "recall": 0.8416923515059945,
        "f1-score": 0.838885004227936,
        "support": 709
    },
    "weighted avg": {
        "precision": 0.8559061310143268,
        "recall": 0.8801128349788434,
        "f1-score": 0.8669491713225574,
        "support": 709
    },
    "training_time": 218.02157402038574
}