{
    "ACH": {
        "precision": 0.9213483146067416,
        "recall": 0.8961748633879781,
        "f1-score": 0.9085872576177285,
        "support": 183
    },
    "ATE": {
        "precision": 0.8292682926829268,
        "recall": 0.918918918918919,
        "f1-score": 0.8717948717948718,
        "support": 37
    },
    "BOR": {
        "precision": 0.6521739130434783,
        "recall": 0.7142857142857143,
        "f1-score": 0.6818181818181819,
        "support": 21
    },
    "CAL": {
        "precision": 0.9166666666666666,
        "recall": 0.8979591836734694,
        "f1-score": 0.9072164948453607,
        "support": 147
    },
    "LOC": {
        "precision": 0.8064516129032258,
        "recall": 0.8333333333333334,
        "f1-score": 0.819672131147541,
        "support": 180
    },
    "TAM": {
        "precision": 0.8857142857142857,
        "recall": 0.8794326241134752,
        "f1-score": 0.8825622775800712,
        "support": 141
    },
    "micro avg": {
        "precision": 0.8693820224719101,
        "recall": 0.8730606488011283,
        "f1-score": 0.8712174524982407,
        "support": 709
    },
    "macro avg": {
        "precision": 0.8352705142695541,
        "recall": 0.8566841062854816,
        "f1-score": 0.8452752024672924,
        "support": 709
    },
    "weighted avg": {
        "precision": 0.8713431949005781,
        "recall": 0.8730606488011283,
        "f1-score": 0.8719169953543748,
        "support": 709
    },
    "training_time": 243.1832594871521
}