{
    "ACH": {
        "precision": 0.9222222222222223,
        "recall": 0.907103825136612,
        "f1-score": 0.9146005509641874,
        "support": 183
    },
    "ATE": {
        "precision": 0.8888888888888888,
        "recall": 0.8648648648648649,
        "f1-score": 0.8767123287671232,
        "support": 37
    },
    "BOR": {
        "precision": 0.7142857142857143,
        "recall": 0.7142857142857143,
        "f1-score": 0.7142857142857143,
        "support": 21
    },
    "CAL": {
        "precision": 0.9251700680272109,
        "recall": 0.9251700680272109,
        "f1-score": 0.9251700680272109,
        "support": 147
    },
    "LOC": {
        "precision": 0.8478260869565217,
        "recall": 0.8666666666666667,
        "f1-score": 0.8571428571428571,
        "support": 180
    },
    "TAM": {
        "precision": 0.8648648648648649,
        "recall": 0.9078014184397163,
        "f1-score": 0.8858131487889273,
        "support": 141
    },
    "micro avg": {
        "precision": 0.8840782122905028,
        "recall": 0.8928067700987306,
        "f1-score": 0.8884210526315789,
        "support": 709
    },
    "macro avg": {
        "precision": 0.8605429742075704,
        "recall": 0.8643154262367977,
        "f1-score": 0.86228744466267,
        "support": 709
    },
    "weighted avg": {
        "precision": 0.8846406165778214,
        "recall": 0.8928067700987306,
        "f1-score": 0.8885692880899618,
        "support": 709
    },
    "training_time": 315.8138744831085
}