{
    "ACH": {
        "precision": 0.8967391304347826,
        "recall": 0.9016393442622951,
        "f1-score": 0.899182561307902,
        "support": 183
    },
    "ATE": {
        "precision": 0.7317073170731707,
        "recall": 0.8108108108108109,
        "f1-score": 0.7692307692307694,
        "support": 37
    },
    "BOR": {
        "precision": 0.7333333333333333,
        "recall": 0.5238095238095238,
        "f1-score": 0.611111111111111,
        "support": 21
    },
    "CAL": {
        "precision": 0.9047619047619048,
        "recall": 0.9047619047619048,
        "f1-score": 0.9047619047619048,
        "support": 147
    },
    "LOC": {
        "precision": 0.8235294117647058,
        "recall": 0.7777777777777778,
        "f1-score": 0.7999999999999999,
        "support": 180
    },
    "TAM": {
        "precision": 0.8646616541353384,
        "recall": 0.8156028368794326,
        "f1-score": 0.8394160583941607,
        "support": 141
    },
    "micro avg": {
        "precision": 0.8608695652173913,
        "recall": 0.8377997179125529,
        "f1-score": 0.8491779842744819,
        "support": 709
    },
    "macro avg": {
        "precision": 0.8257887919172059,
        "recall": 0.7890670330502907,
        "f1-score": 0.8039504008009746,
        "support": 709
    },
    "weighted avg": {
        "precision": 0.8599845119210187,
        "recall": 0.8377997179125529,
        "f1-score": 0.8479590193904013,
        "support": 709
    },
    "training_time": 119.21390295028687
}