{
    "ACH": {
        "precision": 0.872093023255814,
        "recall": 0.819672131147541,
        "f1-score": 0.8450704225352113,
        "support": 183
    },
    "ATE": {
        "precision": 0.8571428571428571,
        "recall": 0.4864864864864865,
        "f1-score": 0.6206896551724138,
        "support": 37
    },
    "BOR": {
        "precision": 0.7058823529411765,
        "recall": 0.5714285714285714,
        "f1-score": 0.6315789473684211,
        "support": 21
    },
    "CAL": {
        "precision": 0.9440559440559441,
        "recall": 0.9183673469387755,
        "f1-score": 0.9310344827586208,
        "support": 147
    },
    "LOC": {
        "precision": 0.827027027027027,
        "recall": 0.85,
        "f1-score": 0.8383561643835615,
        "support": 180
    },
    "TAM": {
        "precision": 0.7960526315789473,
        "recall": 0.8581560283687943,
        "f1-score": 0.825938566552901,
        "support": 141
    },
    "micro avg": {
        "precision": 0.8536231884057971,
        "recall": 0.8307475317348378,
        "f1-score": 0.8420300214438884,
        "support": 709
    },
    "macro avg": {
        "precision": 0.8337089726669609,
        "recall": 0.7506850940616948,
        "f1-score": 0.7821113731285215,
        "support": 709
    },
    "weighted avg": {
        "precision": 0.8547466122363676,
        "recall": 0.8307475317348378,
        "f1-score": 0.8393513101531414,
        "support": 709
    },
    "training_time": 140.48842906951904
}