{
    "ACH": {
        "precision": 0.9349112426035503,
        "recall": 0.8633879781420765,
        "f1-score": 0.8977272727272727,
        "support": 183
    },
    "ATE": {
        "precision": 0.7894736842105263,
        "recall": 0.8108108108108109,
        "f1-score": 0.8,
        "support": 37
    },
    "BOR": {
        "precision": 0.8235294117647058,
        "recall": 0.6666666666666666,
        "f1-score": 0.7368421052631577,
        "support": 21
    },
    "CAL": {
        "precision": 0.9285714285714286,
        "recall": 0.8843537414965986,
        "f1-score": 0.9059233449477352,
        "support": 147
    },
    "LOC": {
        "precision": 0.8662790697674418,
        "recall": 0.8277777777777777,
        "f1-score": 0.846590909090909,
        "support": 180
    },
    "TAM": {
        "precision": 0.8819444444444444,
        "recall": 0.900709219858156,
        "f1-score": 0.8912280701754387,
        "support": 141
    },
    "micro avg": {
        "precision": 0.8941176470588236,
        "recall": 0.8575458392101551,
        "f1-score": 0.8754499640028799,
        "support": 709
    },
    "macro avg": {
        "precision": 0.8707848802270163,
        "recall": 0.8256176991253477,
        "f1-score": 0.8463852837007523,
        "support": 709
    },
    "weighted avg": {
        "precision": 0.8947500713457041,
        "recall": 0.8575458392101551,
        "f1-score": 0.8752863587560434,
        "support": 709
    },
    "training_time": 189.7703890800476
}