{
    "ACH": {
        "precision": 0.9411764705882353,
        "recall": 0.8743169398907104,
        "f1-score": 0.9065155807365439,
        "support": 183
    },
    "ATE": {
        "precision": 0.8787878787878788,
        "recall": 0.7837837837837838,
        "f1-score": 0.8285714285714285,
        "support": 37
    },
    "BOR": {
        "precision": 0.8,
        "recall": 0.7619047619047619,
        "f1-score": 0.7804878048780488,
        "support": 21
    },
    "CAL": {
        "precision": 0.927007299270073,
        "recall": 0.8639455782312925,
        "f1-score": 0.8943661971830985,
        "support": 147
    },
    "LOC": {
        "precision": 0.8674033149171271,
        "recall": 0.8722222222222222,
        "f1-score": 0.8698060941828255,
        "support": 180
    },
    "TAM": {
        "precision": 0.8533333333333334,
        "recall": 0.9078014184397163,
        "f1-score": 0.8797250859106529,
        "support": 141
    },
    "micro avg": {
        "precision": 0.8929088277858177,
        "recall": 0.8702397743300423,
        "f1-score": 0.8814285714285715,
        "support": 709
    },
    "macro avg": {
        "precision": 0.877951382816108,
        "recall": 0.8439957840787479,
        "f1-score": 0.859912031910433,
        "support": 709
    },
    "weighted avg": {
        "precision": 0.8946024193379157,
        "recall": 0.8702397743300423,
        "f1-score": 0.881548523394352,
        "support": 709
    },
    "training_time": 121.15932393074036
}