{
    "ACH": {
        "precision": 0.9273743016759777,
        "recall": 0.907103825136612,
        "f1-score": 0.9171270718232045,
        "support": 183
    },
    "ATE": {
        "precision": 0.8947368421052632,
        "recall": 0.918918918918919,
        "f1-score": 0.9066666666666667,
        "support": 37
    },
    "BOR": {
        "precision": 0.75,
        "recall": 0.7142857142857143,
        "f1-score": 0.7317073170731706,
        "support": 21
    },
    "CAL": {
        "precision": 0.950354609929078,
        "recall": 0.9115646258503401,
        "f1-score": 0.9305555555555557,
        "support": 147
    },
    "LOC": {
        "precision": 0.8306878306878307,
        "recall": 0.8722222222222222,
        "f1-score": 0.8509485094850949,
        "support": 180
    },
    "TAM": {
        "precision": 0.8811188811188811,
        "recall": 0.8936170212765957,
        "f1-score": 0.8873239436619719,
        "support": 141
    },
    "micro avg": {
        "precision": 0.8901408450704226,
        "recall": 0.8913963328631875,
        "f1-score": 0.8907681465821,
        "support": 709
    },
    "macro avg": {
        "precision": 0.8723787442528383,
        "recall": 0.8696187212817339,
        "f1-score": 0.8707215107109442,
        "support": 709
    },
    "weighted avg": {
        "precision": 0.8914364736047178,
        "recall": 0.8913963328631875,
        "f1-score": 0.8911450619170261,
        "support": 709
    },
    "training_time": 142.28414392471313
}