{
    "ACH": {
        "precision": 0.9485714285714286,
        "recall": 0.907103825136612,
        "f1-score": 0.9273743016759778,
        "support": 183
    },
    "ATE": {
        "precision": 0.9117647058823529,
        "recall": 0.8378378378378378,
        "f1-score": 0.8732394366197184,
        "support": 37
    },
    "BOR": {
        "precision": 0.8333333333333334,
        "recall": 0.7142857142857143,
        "f1-score": 0.7692307692307692,
        "support": 21
    },
    "CAL": {
        "precision": 0.9370629370629371,
        "recall": 0.9115646258503401,
        "f1-score": 0.9241379310344827,
        "support": 147
    },
    "LOC": {
        "precision": 0.8514285714285714,
        "recall": 0.8277777777777777,
        "f1-score": 0.8394366197183099,
        "support": 180
    },
    "TAM": {
        "precision": 0.8642857142857143,
        "recall": 0.8581560283687943,
        "f1-score": 0.8612099644128114,
        "support": 141
    },
    "micro avg": {
        "precision": 0.8992700729927007,
        "recall": 0.8688293370944993,
        "f1-score": 0.8837876614060258,
        "support": 709
    },
    "macro avg": {
        "precision": 0.8910744484273897,
        "recall": 0.8427876348761795,
        "f1-score": 0.8657715037820116,
        "support": 709
    },
    "weighted avg": {
        "precision": 0.8994267219547233,
        "recall": 0.8688293370944993,
        "f1-score": 0.883710401846334,
        "support": 709
    },
    "training_time": 192.84197425842285
}