{
    "ACH": {
        "precision": 0.9352941176470588,
        "recall": 0.8688524590163934,
        "f1-score": 0.9008498583569404,
        "support": 183
    },
    "ATE": {
        "precision": 0.9583333333333334,
        "recall": 0.6216216216216216,
        "f1-score": 0.7540983606557377,
        "support": 37
    },
    "BOR": {
        "precision": 0.7894736842105263,
        "recall": 0.7142857142857143,
        "f1-score": 0.7500000000000001,
        "support": 21
    },
    "CAL": {
        "precision": 0.9103448275862069,
        "recall": 0.8979591836734694,
        "f1-score": 0.9041095890410958,
        "support": 147
    },
    "LOC": {
        "precision": 0.8295454545454546,
        "recall": 0.8111111111111111,
        "f1-score": 0.8202247191011237,
        "support": 180
    },
    "TAM": {
        "precision": 0.8642857142857143,
        "recall": 0.8581560283687943,
        "f1-score": 0.8612099644128114,
        "support": 141
    },
    "micro avg": {
        "precision": 0.884272997032641,
        "recall": 0.840620592383639,
        "f1-score": 0.8618944323933477,
        "support": 709
    },
    "macro avg": {
        "precision": 0.8812128552680489,
        "recall": 0.7953310196795175,
        "f1-score": 0.8317487485946183,
        "support": 709
    },
    "weighted avg": {
        "precision": 0.8860356296457068,
        "recall": 0.840620592383639,
        "f1-score": 0.8610470062525136,
        "support": 709
    },
    "training_time": 125.37115955352783
}