{
    "ACH": {
        "precision": 0.9037433155080213,
        "recall": 0.9234972677595629,
        "f1-score": 0.9135135135135135,
        "support": 183
    },
    "ATE": {
        "precision": 0.825,
        "recall": 0.8918918918918919,
        "f1-score": 0.8571428571428571,
        "support": 37
    },
    "BOR": {
        "precision": 0.8,
        "recall": 0.7619047619047619,
        "f1-score": 0.7804878048780488,
        "support": 21
    },
    "CAL": {
        "precision": 0.9383561643835616,
        "recall": 0.9319727891156463,
        "f1-score": 0.9351535836177475,
        "support": 147
    },
    "LOC": {
        "precision": 0.8626373626373627,
        "recall": 0.8722222222222222,
        "f1-score": 0.8674033149171271,
        "support": 180
    },
    "TAM": {
        "precision": 0.8561643835616438,
        "recall": 0.8865248226950354,
        "f1-score": 0.8710801393728222,
        "support": 141
    },
    "micro avg": {
        "precision": 0.883495145631068,
        "recall": 0.8984485190409027,
        "f1-score": 0.8909090909090909,
        "support": 709
    },
    "macro avg": {
        "precision": 0.864316871015098,
        "recall": 0.8780022925981866,
        "f1-score": 0.8707968689070196,
        "support": 709
    },
    "weighted avg": {
        "precision": 0.8838396139058794,
        "recall": 0.8984485190409027,
        "f1-score": 0.8909731674445098,
        "support": 709
    },
    "training_time": 147.14225959777832
}