{
    "ACH": {
        "precision": 0.9482758620689655,
        "recall": 0.9016393442622951,
        "f1-score": 0.9243697478991596,
        "support": 183
    },
    "ATE": {
        "precision": 0.8461538461538461,
        "recall": 0.8918918918918919,
        "f1-score": 0.868421052631579,
        "support": 37
    },
    "BOR": {
        "precision": 0.75,
        "recall": 0.7142857142857143,
        "f1-score": 0.7317073170731706,
        "support": 21
    },
    "CAL": {
        "precision": 0.9571428571428572,
        "recall": 0.9115646258503401,
        "f1-score": 0.9337979094076655,
        "support": 147
    },
    "LOC": {
        "precision": 0.8522727272727273,
        "recall": 0.8333333333333334,
        "f1-score": 0.8426966292134833,
        "support": 180
    },
    "TAM": {
        "precision": 0.8796992481203008,
        "recall": 0.8297872340425532,
        "f1-score": 0.854014598540146,
        "support": 141
    },
    "micro avg": {
        "precision": 0.9002932551319648,
        "recall": 0.8660084626234132,
        "f1-score": 0.8828181164629761,
        "support": 709
    },
    "macro avg": {
        "precision": 0.8722574234597827,
        "recall": 0.8470836906110213,
        "f1-score": 0.8591678757942006,
        "support": 709
    },
    "weighted avg": {
        "precision": 0.9009010718763982,
        "recall": 0.8660084626234132,
        "f1-score": 0.8829715667235059,
        "support": 709
    },
    "training_time": 198.9935429096222
}