{
    "ACH": {
        "precision": 0.8988095238095238,
        "recall": 0.825136612021858,
        "f1-score": 0.8603988603988604,
        "support": 183
    },
    "ATE": {
        "precision": 0.9642857142857143,
        "recall": 0.7297297297297297,
        "f1-score": 0.8307692307692307,
        "support": 37
    },
    "BOR": {
        "precision": 0.8333333333333334,
        "recall": 0.47619047619047616,
        "f1-score": 0.6060606060606061,
        "support": 21
    },
    "CAL": {
        "precision": 0.8951048951048951,
        "recall": 0.8707482993197279,
        "f1-score": 0.8827586206896552,
        "support": 147
    },
    "LOC": {
        "precision": 0.8343558282208589,
        "recall": 0.7555555555555555,
        "f1-score": 0.7930029154518949,
        "support": 180
    },
    "TAM": {
        "precision": 0.8699186991869918,
        "recall": 0.7588652482269503,
        "f1-score": 0.8106060606060606,
        "support": 141
    },
    "micro avg": {
        "precision": 0.8775510204081632,
        "recall": 0.7884344146685472,
        "f1-score": 0.8306092124814264,
        "support": 709
    },
    "macro avg": {
        "precision": 0.8826346656568863,
        "recall": 0.7360376535073829,
        "f1-score": 0.7972660489960512,
        "support": 709
    },
    "weighted avg": {
        "precision": 0.8774100416519806,
        "recall": 0.7884344146685472,
        "f1-score": 0.8289424855950644,
        "support": 709
    },
    "training_time": 72.69127869606018
}