{
    "ACH": {
        "precision": 0.9290322580645162,
        "recall": 0.7868852459016393,
        "f1-score": 0.8520710059171597,
        "support": 183
    },
    "ATE": {
        "precision": 0.9259259259259259,
        "recall": 0.6756756756756757,
        "f1-score": 0.7812500000000001,
        "support": 37
    },
    "BOR": {
        "precision": 0.6875,
        "recall": 0.5238095238095238,
        "f1-score": 0.5945945945945946,
        "support": 21
    },
    "CAL": {
        "precision": 0.9375,
        "recall": 0.9183673469387755,
        "f1-score": 0.9278350515463918,
        "support": 147
    },
    "LOC": {
        "precision": 0.8734939759036144,
        "recall": 0.8055555555555556,
        "f1-score": 0.838150289017341,
        "support": 180
    },
    "TAM": {
        "precision": 0.8931297709923665,
        "recall": 0.8297872340425532,
        "f1-score": 0.8602941176470588,
        "support": 141
    },
    "micro avg": {
        "precision": 0.9029733959311425,
        "recall": 0.8138222849083215,
        "f1-score": 0.8560830860534125,
        "support": 709
    },
    "macro avg": {
        "precision": 0.8744303218144038,
        "recall": 0.7566800969872872,
        "f1-score": 0.809032509787091,
        "support": 709
    },
    "weighted avg": {
        "precision": 0.9022318418302397,
        "recall": 0.8138222849083215,
        "f1-score": 0.8545585412665768,
        "support": 709
    },
    "training_time": 90.1236834526062
}