{
    "ACH": {
        "precision": 0.9180327868852459,
        "recall": 0.9180327868852459,
        "f1-score": 0.9180327868852459,
        "support": 183
    },
    "ATE": {
        "precision": 0.7619047619047619,
        "recall": 0.8648648648648649,
        "f1-score": 0.810126582278481,
        "support": 37
    },
    "BOR": {
        "precision": 0.7058823529411765,
        "recall": 0.5714285714285714,
        "f1-score": 0.6315789473684211,
        "support": 21
    },
    "CAL": {
        "precision": 0.8947368421052632,
        "recall": 0.9251700680272109,
        "f1-score": 0.9096989966555183,
        "support": 147
    },
    "LOC": {
        "precision": 0.7512953367875648,
        "recall": 0.8055555555555556,
        "f1-score": 0.7774798927613942,
        "support": 180
    },
    "TAM": {
        "precision": 0.8639455782312925,
        "recall": 0.900709219858156,
        "f1-score": 0.8819444444444444,
        "support": 141
    },
    "micro avg": {
        "precision": 0.8446866485013624,
        "recall": 0.8744710860366713,
        "f1-score": 0.8593208593208593,
        "support": 709
    },
    "macro avg": {
        "precision": 0.8159662764758843,
        "recall": 0.830960177769934,
        "f1-score": 0.8214769417322509,
        "support": 709
    },
    "weighted avg": {
        "precision": 0.845683792022692,
        "recall": 0.8744710860366713,
        "f1-score": 0.8593288311863461,
        "support": 709
    },
    "training_time": 131.6402735710144
}