{
    "ACH": {
        "precision": 0.9265536723163842,
        "recall": 0.8961748633879781,
        "f1-score": 0.9111111111111111,
        "support": 183
    },
    "ATE": {
        "precision": 0.8888888888888888,
        "recall": 0.8648648648648649,
        "f1-score": 0.8767123287671232,
        "support": 37
    },
    "BOR": {
        "precision": 0.8,
        "recall": 0.7619047619047619,
        "f1-score": 0.7804878048780488,
        "support": 21
    },
    "CAL": {
        "precision": 0.9432624113475178,
        "recall": 0.9047619047619048,
        "f1-score": 0.9236111111111112,
        "support": 147
    },
    "LOC": {
        "precision": 0.8166666666666667,
        "recall": 0.8166666666666667,
        "f1-score": 0.8166666666666667,
        "support": 180
    },
    "TAM": {
        "precision": 0.8053691275167785,
        "recall": 0.851063829787234,
        "f1-score": 0.8275862068965517,
        "support": 141
    },
    "micro avg": {
        "precision": 0.8705547652916074,
        "recall": 0.8631875881523272,
        "f1-score": 0.8668555240793201,
        "support": 709
    },
    "macro avg": {
        "precision": 0.8634567944560393,
        "recall": 0.8492394818955685,
        "f1-score": 0.8560292049051021,
        "support": 709
    },
    "weighted avg": {
        "precision": 0.87230582844956,
        "recall": 0.8631875881523272,
        "f1-score": 0.8674505245499339,
        "support": 709
    },
    "training_time": 73.98748850822449
}