{
    "ACH": {
        "precision": 0.9261363636363636,
        "recall": 0.8907103825136612,
        "f1-score": 0.9080779944289693,
        "support": 183
    },
    "ATE": {
        "precision": 0.7142857142857143,
        "recall": 0.8108108108108109,
        "f1-score": 0.759493670886076,
        "support": 37
    },
    "BOR": {
        "precision": 0.7368421052631579,
        "recall": 0.6666666666666666,
        "f1-score": 0.7,
        "support": 21
    },
    "CAL": {
        "precision": 0.9121621621621622,
        "recall": 0.9183673469387755,
        "f1-score": 0.9152542372881356,
        "support": 147
    },
    "LOC": {
        "precision": 0.8118279569892473,
        "recall": 0.8388888888888889,
        "f1-score": 0.8251366120218581,
        "support": 180
    },
    "TAM": {
        "precision": 0.863013698630137,
        "recall": 0.8936170212765957,
        "f1-score": 0.8780487804878048,
        "support": 141
    },
    "micro avg": {
        "precision": 0.8633193863319386,
        "recall": 0.8730606488011283,
        "f1-score": 0.8681626928471248,
        "support": 709
    },
    "macro avg": {
        "precision": 0.8273780001611305,
        "recall": 0.8365101861825663,
        "f1-score": 0.8310018825188074,
        "support": 709
    },
    "weighted avg": {
        "precision": 0.8650028374997235,
        "recall": 0.8730606488011283,
        "f1-score": 0.8686197177677814,
        "support": 709
    },
    "training_time": 92.06132435798645
}