{
    "ACH": {
        "precision": 0.865979381443299,
        "recall": 0.9180327868852459,
        "f1-score": 0.8912466843501327,
        "support": 183
    },
    "ATE": {
        "precision": 0.9142857142857143,
        "recall": 0.8648648648648649,
        "f1-score": 0.888888888888889,
        "support": 37
    },
    "BOR": {
        "precision": 0.6363636363636364,
        "recall": 0.6666666666666666,
        "f1-score": 0.6511627906976744,
        "support": 21
    },
    "CAL": {
        "precision": 0.8618421052631579,
        "recall": 0.891156462585034,
        "f1-score": 0.8762541806020067,
        "support": 147
    },
    "LOC": {
        "precision": 0.7817258883248731,
        "recall": 0.8555555555555555,
        "f1-score": 0.8169761273209548,
        "support": 180
    },
    "TAM": {
        "precision": 0.7878787878787878,
        "recall": 0.9219858156028369,
        "f1-score": 0.8496732026143791,
        "support": 141
    },
    "micro avg": {
        "precision": 0.8222222222222222,
        "recall": 0.8871650211565585,
        "f1-score": 0.8534599728629578,
        "support": 709
    },
    "macro avg": {
        "precision": 0.8080125855932447,
        "recall": 0.8530436920267007,
        "f1-score": 0.8290336457456727,
        "support": 709
    },
    "weighted avg": {
        "precision": 0.8239193132008491,
        "recall": 0.8871650211565585,
        "f1-score": 0.853780592051493,
        "support": 709
    },
    "training_time": 133.41942524909973
}