{
    "ACH": {
        "precision": 0.9186046511627907,
        "recall": 0.8633879781420765,
        "f1-score": 0.8901408450704225,
        "support": 183
    },
    "ATE": {
        "precision": 0.7941176470588235,
        "recall": 0.7297297297297297,
        "f1-score": 0.7605633802816901,
        "support": 37
    },
    "BOR": {
        "precision": 0.6842105263157895,
        "recall": 0.6190476190476191,
        "f1-score": 0.6500000000000001,
        "support": 21
    },
    "CAL": {
        "precision": 0.9290780141843972,
        "recall": 0.891156462585034,
        "f1-score": 0.9097222222222222,
        "support": 147
    },
    "LOC": {
        "precision": 0.8579545454545454,
        "recall": 0.8388888888888889,
        "f1-score": 0.848314606741573,
        "support": 180
    },
    "TAM": {
        "precision": 0.8243243243243243,
        "recall": 0.8652482269503546,
        "f1-score": 0.8442906574394465,
        "support": 141
    },
    "micro avg": {
        "precision": 0.8724637681159421,
        "recall": 0.849083215796897,
        "f1-score": 0.860614724803431,
        "support": 709
    },
    "macro avg": {
        "precision": 0.8347149514167785,
        "recall": 0.8012431508906172,
        "f1-score": 0.8171719519592258,
        "support": 709
    },
    "weighted avg": {
        "precision": 0.8731896208085375,
        "recall": 0.849083215796897,
        "f1-score": 0.8605887141007356,
        "support": 709
    },
    "training_time": 76.68229651451111
}