{
    "ACH": {
        "precision": 0.9222222222222223,
        "recall": 0.907103825136612,
        "f1-score": 0.9146005509641874,
        "support": 183
    },
    "ATE": {
        "precision": 0.9090909090909091,
        "recall": 0.8108108108108109,
        "f1-score": 0.8571428571428571,
        "support": 37
    },
    "BOR": {
        "precision": 0.6363636363636364,
        "recall": 0.6666666666666666,
        "f1-score": 0.6511627906976744,
        "support": 21
    },
    "CAL": {
        "precision": 0.9366197183098591,
        "recall": 0.9047619047619048,
        "f1-score": 0.9204152249134948,
        "support": 147
    },
    "LOC": {
        "precision": 0.856353591160221,
        "recall": 0.8611111111111112,
        "f1-score": 0.8587257617728532,
        "support": 180
    },
    "TAM": {
        "precision": 0.8802816901408451,
        "recall": 0.8865248226950354,
        "f1-score": 0.88339222614841,
        "support": 141
    },
    "micro avg": {
        "precision": 0.89,
        "recall": 0.8787023977433004,
        "f1-score": 0.8843151171043294,
        "support": 709
    },
    "macro avg": {
        "precision": 0.8568219612146154,
        "recall": 0.8394965235303568,
        "f1-score": 0.847573235273246,
        "support": 709
    },
    "weighted avg": {
        "precision": 0.8909917207008674,
        "recall": 0.8787023977433004,
        "f1-score": 0.8846129537569906,
        "support": 709
    },
    "training_time": 94.849928855896
}