{
    "ACH": {
        "precision": 0.9244186046511628,
        "recall": 0.8688524590163934,
        "f1-score": 0.8957746478873239,
        "support": 183
    },
    "ATE": {
        "precision": 0.9142857142857143,
        "recall": 0.8648648648648649,
        "f1-score": 0.888888888888889,
        "support": 37
    },
    "BOR": {
        "precision": 0.56,
        "recall": 0.6666666666666666,
        "f1-score": 0.6086956521739131,
        "support": 21
    },
    "CAL": {
        "precision": 0.9366197183098591,
        "recall": 0.9047619047619048,
        "f1-score": 0.9204152249134948,
        "support": 147
    },
    "LOC": {
        "precision": 0.7857142857142857,
        "recall": 0.8555555555555555,
        "f1-score": 0.8191489361702127,
        "support": 180
    },
    "TAM": {
        "precision": 0.8695652173913043,
        "recall": 0.851063829787234,
        "f1-score": 0.8602150537634409,
        "support": 141
    },
    "micro avg": {
        "precision": 0.864406779661017,
        "recall": 0.8631875881523272,
        "f1-score": 0.8637967537050106,
        "support": 709
    },
    "macro avg": {
        "precision": 0.8317672567253878,
        "recall": 0.8352942134421032,
        "f1-score": 0.8321897339662123,
        "support": 709
    },
    "weighted avg": {
        "precision": 0.869502879763087,
        "recall": 0.8631875881523272,
        "f1-score": 0.8654956661516059,
        "support": 709
    },
    "training_time": 138.11551904678345
}