{
    "ACH": {
        "precision": 0.9180327868852459,
        "recall": 0.9180327868852459,
        "f1-score": 0.9180327868852459,
        "support": 183
    },
    "ATE": {
        "precision": 0.8648648648648649,
        "recall": 0.8648648648648649,
        "f1-score": 0.8648648648648649,
        "support": 37
    },
    "BOR": {
        "precision": 0.6842105263157895,
        "recall": 0.6190476190476191,
        "f1-score": 0.6500000000000001,
        "support": 21
    },
    "CAL": {
        "precision": 0.9370629370629371,
        "recall": 0.9115646258503401,
        "f1-score": 0.9241379310344827,
        "support": 147
    },
    "LOC": {
        "precision": 0.8439306358381503,
        "recall": 0.8111111111111111,
        "f1-score": 0.8271954674220964,
        "support": 180
    },
    "TAM": {
        "precision": 0.8776978417266187,
        "recall": 0.8652482269503546,
        "f1-score": 0.8714285714285713,
        "support": 141
    },
    "micro avg": {
        "precision": 0.8861671469740634,
        "recall": 0.8674188998589563,
        "f1-score": 0.8766928011404134,
        "support": 709
    },
    "macro avg": {
        "precision": 0.854299932115601,
        "recall": 0.8316448724515894,
        "f1-score": 0.8426099369392103,
        "support": 709
    },
    "weighted avg": {
        "precision": 0.8854436994854776,
        "recall": 0.8674188998589563,
        "f1-score": 0.8762551319738714,
        "support": 709
    },
    "training_time": 649.3173785209656
}