{
    "ACH": {
        "precision": 0.9454545454545454,
        "recall": 0.8813559322033898,
        "f1-score": 0.9122807017543859,
        "support": 59
    },
    "ATE": {
        "precision": 1.0,
        "recall": 0.875,
        "f1-score": 0.9333333333333333,
        "support": 8
    },
    "BOR": {
        "precision": 0.6666666666666666,
        "recall": 0.8,
        "f1-score": 0.7272727272727272,
        "support": 5
    },
    "CAL": {
        "precision": 0.9534883720930233,
        "recall": 0.8541666666666666,
        "f1-score": 0.9010989010989011,
        "support": 48
    },
    "LOC": {
        "precision": 0.8846153846153846,
        "recall": 0.8214285714285714,
        "f1-score": 0.8518518518518519,
        "support": 56
    },
    "TAM": {
        "precision": 0.8717948717948718,
        "recall": 0.8717948717948718,
        "f1-score": 0.8717948717948718,
        "support": 39
    },
    "micro avg": {
        "precision": 0.9108910891089109,
        "recall": 0.8558139534883721,
        "f1-score": 0.882494004796163,
        "support": 215
    },
    "macro avg": {
        "precision": 0.8870033067707487,
        "recall": 0.8506243403489165,
        "f1-score": 0.8662720645176784,
        "support": 215
    },
    "weighted avg": {
        "precision": 0.913586301925945,
        "recall": 0.8558139534883721,
        "f1-score": 0.883181593781349,
        "support": 215
    }
}