{
    "ACH": {
        "precision": 0.9491525423728814,
        "recall": 0.9491525423728814,
        "f1-score": 0.9491525423728814,
        "support": 59
    },
    "ATE": {
        "precision": 1.0,
        "recall": 0.875,
        "f1-score": 0.9333333333333333,
        "support": 8
    },
    "BOR": {
        "precision": 1.0,
        "recall": 1.0,
        "f1-score": 1.0,
        "support": 5
    },
    "CAL": {
        "precision": 0.9183673469387755,
        "recall": 0.9375,
        "f1-score": 0.9278350515463918,
        "support": 48
    },
    "LOC": {
        "precision": 0.8392857142857143,
        "recall": 0.8392857142857143,
        "f1-score": 0.8392857142857143,
        "support": 56
    },
    "TAM": {
        "precision": 0.8409090909090909,
        "recall": 0.9487179487179487,
        "f1-score": 0.891566265060241,
        "support": 39
    },
    "micro avg": {
        "precision": 0.8954545454545455,
        "recall": 0.9162790697674419,
        "f1-score": 0.9057471264367817,
        "support": 215
    },
    "macro avg": {
        "precision": 0.924619115751077,
        "recall": 0.9249427008960908,
        "f1-score": 0.9235288177664268,
        "support": 215
    },
    "weighted avg": {
        "precision": 0.8971027311558872,
        "recall": 0.9162790697674419,
        "f1-score": 0.9059248068755482,
        "support": 215
    }
}