{
    "ACH": {
        "precision": 0.9285714285714286,
        "recall": 0.8813559322033898,
        "f1-score": 0.9043478260869564,
        "support": 59
    },
    "ATE": {
        "precision": 1.0,
        "recall": 0.75,
        "f1-score": 0.8571428571428571,
        "support": 8
    },
    "BOR": {
        "precision": 1.0,
        "recall": 1.0,
        "f1-score": 1.0,
        "support": 5
    },
    "CAL": {
        "precision": 0.9361702127659575,
        "recall": 0.9166666666666666,
        "f1-score": 0.9263157894736843,
        "support": 48
    },
    "LOC": {
        "precision": 0.8363636363636363,
        "recall": 0.8214285714285714,
        "f1-score": 0.8288288288288289,
        "support": 56
    },
    "TAM": {
        "precision": 0.9210526315789473,
        "recall": 0.8974358974358975,
        "f1-score": 0.9090909090909091,
        "support": 39
    },
    "micro avg": {
        "precision": 0.9082125603864735,
        "recall": 0.8744186046511628,
        "f1-score": 0.8909952606635071,
        "support": 215
    },
    "macro avg": {
        "precision": 0.9370263182133284,
        "recall": 0.8778145112890875,
        "f1-score": 0.9042877017705394,
        "support": 215
    },
    "weighted avg": {
        "precision": 0.9092060500763851,
        "recall": 0.8744186046511628,
        "f1-score": 0.8909106156277673,
        "support": 215
    }
}