{
    "ACH": {
        "precision": 0.8870967741935484,
        "recall": 0.9322033898305084,
        "f1-score": 0.9090909090909092,
        "support": 59
    },
    "ATE": {
        "precision": 0.8333333333333334,
        "recall": 0.625,
        "f1-score": 0.7142857142857143,
        "support": 8
    },
    "BOR": {
        "precision": 1.0,
        "recall": 0.8,
        "f1-score": 0.888888888888889,
        "support": 5
    },
    "CAL": {
        "precision": 0.9019607843137255,
        "recall": 0.9583333333333334,
        "f1-score": 0.9292929292929293,
        "support": 48
    },
    "LOC": {
        "precision": 0.8245614035087719,
        "recall": 0.8392857142857143,
        "f1-score": 0.8318584070796461,
        "support": 56
    },
    "TAM": {
        "precision": 0.8536585365853658,
        "recall": 0.8974358974358975,
        "f1-score": 0.875,
        "support": 39
    },
    "micro avg": {
        "precision": 0.8687782805429864,
        "recall": 0.8930232558139535,
        "f1-score": 0.8807339449541285,
        "support": 215
    },
    "macro avg": {
        "precision": 0.8834351386557908,
        "recall": 0.8420430558142423,
        "f1-score": 0.8580694747730147,
        "support": 215
    },
    "weighted avg": {
        "precision": 0.8686865837882108,
        "recall": 0.8930232558139535,
        "f1-score": 0.8795824427796026,
        "support": 215
    }
}