{
    "ACH": {
        "precision": 0.9444444444444444,
        "recall": 0.864406779661017,
        "f1-score": 0.9026548672566371,
        "support": 59
    },
    "ATE": {
        "precision": 1.0,
        "recall": 0.875,
        "f1-score": 0.9333333333333333,
        "support": 8
    },
    "BOR": {
        "precision": 1.0,
        "recall": 0.8,
        "f1-score": 0.888888888888889,
        "support": 5
    },
    "CAL": {
        "precision": 0.9130434782608695,
        "recall": 0.875,
        "f1-score": 0.8936170212765957,
        "support": 48
    },
    "LOC": {
        "precision": 0.8113207547169812,
        "recall": 0.7678571428571429,
        "f1-score": 0.7889908256880735,
        "support": 56
    },
    "TAM": {
        "precision": 0.7954545454545454,
        "recall": 0.8974358974358975,
        "f1-score": 0.8433734939759037,
        "support": 39
    },
    "micro avg": {
        "precision": 0.875,
        "recall": 0.8465116279069768,
        "f1-score": 0.8605200945626479,
        "support": 215
    },
    "macro avg": {
        "precision": 0.9107105371461403,
        "recall": 0.8466166366590097,
        "f1-score": 0.8751430717365719,
        "support": 215
    },
    "weighted avg": {
        "precision": 0.8790930172819637,
        "recall": 0.8465116279069768,
        "f1-score": 0.8610996176935891,
        "support": 215
    }
}