{
    "ACH": {
        "precision": 0.9772727272727273,
        "recall": 0.7288135593220338,
        "f1-score": 0.8349514563106796,
        "support": 59
    },
    "ATE": {
        "precision": 0.8333333333333334,
        "recall": 0.625,
        "f1-score": 0.7142857142857143,
        "support": 8
    },
    "BOR": {
        "precision": 0.36363636363636365,
        "recall": 0.8,
        "f1-score": 0.5000000000000001,
        "support": 5
    },
    "CAL": {
        "precision": 0.9534883720930233,
        "recall": 0.8541666666666666,
        "f1-score": 0.9010989010989011,
        "support": 48
    },
    "LOC": {
        "precision": 0.8367346938775511,
        "recall": 0.7321428571428571,
        "f1-score": 0.7809523809523811,
        "support": 56
    },
    "TAM": {
        "precision": 0.9333333333333333,
        "recall": 0.717948717948718,
        "f1-score": 0.8115942028985509,
        "support": 39
    },
    "micro avg": {
        "precision": 0.8852459016393442,
        "recall": 0.7534883720930232,
        "f1-score": 0.8140703517587939,
        "support": 215
    },
    "macro avg": {
        "precision": 0.8162998039243887,
        "recall": 0.7430119668467126,
        "f1-score": 0.7571471092577045,
        "support": 215
    },
    "weighted avg": {
        "precision": 0.9077605772630111,
        "recall": 0.7534883720930232,
        "f1-score": 0.8191380285383251,
        "support": 215
    }
}