{
    "ACH": {
        "precision": 0.9016393442622951,
        "recall": 0.9322033898305084,
        "f1-score": 0.9166666666666666,
        "support": 59
    },
    "ATE": {
        "precision": 0.7777777777777778,
        "recall": 0.875,
        "f1-score": 0.823529411764706,
        "support": 8
    },
    "BOR": {
        "precision": 0.8333333333333334,
        "recall": 1.0,
        "f1-score": 0.9090909090909091,
        "support": 5
    },
    "CAL": {
        "precision": 0.8979591836734694,
        "recall": 0.9166666666666666,
        "f1-score": 0.9072164948453607,
        "support": 48
    },
    "LOC": {
        "precision": 0.8064516129032258,
        "recall": 0.8928571428571429,
        "f1-score": 0.8474576271186439,
        "support": 56
    },
    "TAM": {
        "precision": 0.8095238095238095,
        "recall": 0.8717948717948718,
        "f1-score": 0.8395061728395062,
        "support": 39
    },
    "micro avg": {
        "precision": 0.851528384279476,
        "recall": 0.9069767441860465,
        "f1-score": 0.8783783783783783,
        "support": 215
    },
    "macro avg": {
        "precision": 0.8377808435789852,
        "recall": 0.9147536785248649,
        "f1-score": 0.8739112137209655,
        "support": 215
    },
    "weighted avg": {
        "precision": 0.8531179995846513,
        "recall": 0.9069767441860465,
        "f1-score": 0.8788920129528728,
        "support": 215
    }
}