{
    "ACH": {
        "precision": 0.9310344827586207,
        "recall": 0.9152542372881356,
        "f1-score": 0.923076923076923,
        "support": 59
    },
    "ATE": {
        "precision": 0.8571428571428571,
        "recall": 0.75,
        "f1-score": 0.7999999999999999,
        "support": 8
    },
    "BOR": {
        "precision": 1.0,
        "recall": 1.0,
        "f1-score": 1.0,
        "support": 5
    },
    "CAL": {
        "precision": 0.9375,
        "recall": 0.9375,
        "f1-score": 0.9375,
        "support": 48
    },
    "LOC": {
        "precision": 0.8070175438596491,
        "recall": 0.8214285714285714,
        "f1-score": 0.8141592920353982,
        "support": 56
    },
    "TAM": {
        "precision": 0.9444444444444444,
        "recall": 0.8717948717948718,
        "f1-score": 0.9066666666666667,
        "support": 39
    },
    "micro avg": {
        "precision": 0.9004739336492891,
        "recall": 0.8837209302325582,
        "f1-score": 0.892018779342723,
        "support": 215
    },
    "macro avg": {
        "precision": 0.9128565547009285,
        "recall": 0.8826629467519297,
        "f1-score": 0.8969004802964978,
        "support": 215
    },
    "weighted avg": {
        "precision": 0.9014627587412798,
        "recall": 0.8837209302325582,
        "f1-score": 0.8921602735605617,
        "support": 215
    }
}