{
    "ACH": {
        "precision": 0.9433962264150944,
        "recall": 0.847457627118644,
        "f1-score": 0.8928571428571428,
        "support": 59
    },
    "ATE": {
        "precision": 0.8571428571428571,
        "recall": 0.75,
        "f1-score": 0.7999999999999999,
        "support": 8
    },
    "BOR": {
        "precision": 1.0,
        "recall": 1.0,
        "f1-score": 1.0,
        "support": 5
    },
    "CAL": {
        "precision": 0.9555555555555556,
        "recall": 0.8958333333333334,
        "f1-score": 0.924731182795699,
        "support": 48
    },
    "LOC": {
        "precision": 0.7931034482758621,
        "recall": 0.8214285714285714,
        "f1-score": 0.8070175438596492,
        "support": 56
    },
    "TAM": {
        "precision": 0.78125,
        "recall": 0.6410256410256411,
        "f1-score": 0.7042253521126761,
        "support": 39
    },
    "micro avg": {
        "precision": 0.875,
        "recall": 0.813953488372093,
        "f1-score": 0.8433734939759036,
        "support": 215
    },
    "macro avg": {
        "precision": 0.8884080145648948,
        "recall": 0.8259575288176983,
        "f1-score": 0.8548052036041945,
        "support": 215
    },
    "weighted avg": {
        "precision": 0.875659209236039,
        "recall": 0.813953488372093,
        "f1-score": 0.8424346018199986,
        "support": 215
    }
}