{
    "ACH": {
        "precision": 0.9137931034482759,
        "recall": 0.8983050847457628,
        "f1-score": 0.9059829059829059,
        "support": 59
    },
    "ATE": {
        "precision": 1.0,
        "recall": 0.75,
        "f1-score": 0.8571428571428571,
        "support": 8
    },
    "BOR": {
        "precision": 1.0,
        "recall": 1.0,
        "f1-score": 1.0,
        "support": 5
    },
    "CAL": {
        "precision": 0.8979591836734694,
        "recall": 0.9166666666666666,
        "f1-score": 0.9072164948453607,
        "support": 48
    },
    "LOC": {
        "precision": 0.8070175438596491,
        "recall": 0.8214285714285714,
        "f1-score": 0.8141592920353982,
        "support": 56
    },
    "TAM": {
        "precision": 0.8095238095238095,
        "recall": 0.8717948717948718,
        "f1-score": 0.8395061728395062,
        "support": 39
    },
    "micro avg": {
        "precision": 0.8663594470046083,
        "recall": 0.8744186046511628,
        "f1-score": 0.8703703703703705,
        "support": 215
    },
    "macro avg": {
        "precision": 0.9047156067508673,
        "recall": 0.8763658657726454,
        "f1-score": 0.8873346204743381,
        "support": 215
    },
    "weighted avg": {
        "precision": 0.8687453253364826,
        "recall": 0.8744186046511628,
        "f1-score": 0.8706520332903938,
        "support": 215
    }
}