{
    "ACH": {
        "precision": 0.9454545454545454,
        "recall": 0.8813559322033898,
        "f1-score": 0.9122807017543859,
        "support": 59
    },
    "ATE": {
        "precision": 0.6666666666666666,
        "recall": 0.5,
        "f1-score": 0.5714285714285715,
        "support": 8
    },
    "BOR": {
        "precision": 1.0,
        "recall": 1.0,
        "f1-score": 1.0,
        "support": 5
    },
    "CAL": {
        "precision": 0.9387755102040817,
        "recall": 0.9583333333333334,
        "f1-score": 0.9484536082474228,
        "support": 48
    },
    "LOC": {
        "precision": 0.875,
        "recall": 0.875,
        "f1-score": 0.875,
        "support": 56
    },
    "TAM": {
        "precision": 0.8372093023255814,
        "recall": 0.9230769230769231,
        "f1-score": 0.878048780487805,
        "support": 39
    },
    "micro avg": {
        "precision": 0.897196261682243,
        "recall": 0.8930232558139535,
        "f1-score": 0.895104895104895,
        "support": 215
    },
    "macro avg": {
        "precision": 0.8771843374418126,
        "recall": 0.856294364768941,
        "f1-score": 0.8642019436530308,
        "support": 215
    },
    "weighted avg": {
        "precision": 0.8968722734681167,
        "recall": 0.8930232558139535,
        "f1-score": 0.8937937935341304,
        "support": 215
    }
}