{
    "ACH": {
        "precision": 0.9137931034482759,
        "recall": 0.8983050847457628,
        "f1-score": 0.9059829059829059,
        "support": 59
    },
    "ATE": {
        "precision": 1.0,
        "recall": 0.875,
        "f1-score": 0.9333333333333333,
        "support": 8
    },
    "BOR": {
        "precision": 1.0,
        "recall": 1.0,
        "f1-score": 1.0,
        "support": 5
    },
    "CAL": {
        "precision": 0.88,
        "recall": 0.9166666666666666,
        "f1-score": 0.8979591836734694,
        "support": 48
    },
    "LOC": {
        "precision": 0.8679245283018868,
        "recall": 0.8214285714285714,
        "f1-score": 0.8440366972477065,
        "support": 56
    },
    "TAM": {
        "precision": 0.8095238095238095,
        "recall": 0.8717948717948718,
        "f1-score": 0.8395061728395062,
        "support": 39
    },
    "micro avg": {
        "precision": 0.8790697674418605,
        "recall": 0.8790697674418605,
        "f1-score": 0.8790697674418605,
        "support": 215
    },
    "macro avg": {
        "precision": 0.911873573545662,
        "recall": 0.8971991991059788,
        "f1-score": 0.9034697155128203,
        "support": 215
    },
    "weighted avg": {
        "precision": 0.8805999779524769,
        "recall": 0.8790697674418605,
        "f1-score": 0.8792023010353346,
        "support": 215
    }
}