{
    "ACH": {
        "precision": 0.9444444444444444,
        "recall": 0.864406779661017,
        "f1-score": 0.9026548672566371,
        "support": 59
    },
    "ATE": {
        "precision": 0.75,
        "recall": 0.75,
        "f1-score": 0.75,
        "support": 8
    },
    "BOR": {
        "precision": 1.0,
        "recall": 1.0,
        "f1-score": 1.0,
        "support": 5
    },
    "CAL": {
        "precision": 0.9574468085106383,
        "recall": 0.9375,
        "f1-score": 0.9473684210526315,
        "support": 48
    },
    "LOC": {
        "precision": 0.8679245283018868,
        "recall": 0.8214285714285714,
        "f1-score": 0.8440366972477065,
        "support": 56
    },
    "TAM": {
        "precision": 0.85,
        "recall": 0.8717948717948718,
        "f1-score": 0.8607594936708861,
        "support": 39
    },
    "micro avg": {
        "precision": 0.9033816425120773,
        "recall": 0.8697674418604651,
        "f1-score": 0.8862559241706162,
        "support": 215
    },
    "macro avg": {
        "precision": 0.8949692968761616,
        "recall": 0.8741883704807435,
        "f1-score": 0.8841365798713102,
        "support": 215
    },
    "weighted avg": {
        "precision": 0.9043415935611094,
        "recall": 0.8697674418604651,
        "f1-score": 0.8863534729195537,
        "support": 215
    }
}