{
    "ACH": {
        "precision": 0.9298245614035088,
        "recall": 0.8983050847457628,
        "f1-score": 0.9137931034482759,
        "support": 59
    },
    "ATE": {
        "precision": 1.0,
        "recall": 0.875,
        "f1-score": 0.9333333333333333,
        "support": 8
    },
    "BOR": {
        "precision": 1.0,
        "recall": 1.0,
        "f1-score": 1.0,
        "support": 5
    },
    "CAL": {
        "precision": 0.9387755102040817,
        "recall": 0.9583333333333334,
        "f1-score": 0.9484536082474228,
        "support": 48
    },
    "LOC": {
        "precision": 0.8103448275862069,
        "recall": 0.8392857142857143,
        "f1-score": 0.8245614035087718,
        "support": 56
    },
    "TAM": {
        "precision": 0.9117647058823529,
        "recall": 0.7948717948717948,
        "f1-score": 0.8493150684931507,
        "support": 39
    },
    "micro avg": {
        "precision": 0.9,
        "recall": 0.8790697674418605,
        "f1-score": 0.8894117647058823,
        "support": 215
    },
    "macro avg": {
        "precision": 0.9317849341793584,
        "recall": 0.8942993212061009,
        "f1-score": 0.9115760861718258,
        "support": 215
    },
    "weighted avg": {
        "precision": 0.9016698022643828,
        "recall": 0.8790697674418605,
        "f1-score": 0.8893253917847226,
        "support": 215
    }
}