{
    "ACH": {
        "precision": 0.9454545454545454,
        "recall": 0.8813559322033898,
        "f1-score": 0.9122807017543859,
        "support": 59
    },
    "ATE": {
        "precision": 0.8571428571428571,
        "recall": 0.75,
        "f1-score": 0.7999999999999999,
        "support": 8
    },
    "BOR": {
        "precision": 1.0,
        "recall": 1.0,
        "f1-score": 1.0,
        "support": 5
    },
    "CAL": {
        "precision": 0.9166666666666666,
        "recall": 0.9166666666666666,
        "f1-score": 0.9166666666666666,
        "support": 48
    },
    "LOC": {
        "precision": 0.7868852459016393,
        "recall": 0.8571428571428571,
        "f1-score": 0.8205128205128205,
        "support": 56
    },
    "TAM": {
        "precision": 0.8409090909090909,
        "recall": 0.9487179487179487,
        "f1-score": 0.891566265060241,
        "support": 39
    },
    "micro avg": {
        "precision": 0.8727272727272727,
        "recall": 0.8930232558139535,
        "f1-score": 0.8827586206896552,
        "support": 215
    },
    "macro avg": {
        "precision": 0.8911764010124665,
        "recall": 0.8923139007884769,
        "f1-score": 0.8901710756656858,
        "support": 215
    },
    "weighted avg": {
        "precision": 0.8767441365344529,
        "recall": 0.8930232558139535,
        "f1-score": 0.8834621566957029,
        "support": 215
    }
}