{
    "ACH": {
        "precision": 0.9137931034482759,
        "recall": 0.8983050847457628,
        "f1-score": 0.9059829059829059,
        "support": 59
    },
    "ATE": {
        "precision": 1.0,
        "recall": 0.75,
        "f1-score": 0.8571428571428571,
        "support": 8
    },
    "BOR": {
        "precision": 0.8333333333333334,
        "recall": 1.0,
        "f1-score": 0.9090909090909091,
        "support": 5
    },
    "CAL": {
        "precision": 0.8958333333333334,
        "recall": 0.8958333333333334,
        "f1-score": 0.8958333333333334,
        "support": 48
    },
    "LOC": {
        "precision": 0.9056603773584906,
        "recall": 0.8571428571428571,
        "f1-score": 0.8807339449541285,
        "support": 56
    },
    "TAM": {
        "precision": 0.8947368421052632,
        "recall": 0.8717948717948718,
        "f1-score": 0.8831168831168831,
        "support": 39
    },
    "micro avg": {
        "precision": 0.9043062200956937,
        "recall": 0.8790697674418605,
        "f1-score": 0.891509433962264,
        "support": 215
    },
    "macro avg": {
        "precision": 0.9072261649297827,
        "recall": 0.8788460245028041,
        "f1-score": 0.8886501389368363,
        "support": 215
    },
    "weighted avg": {
        "precision": 0.905545012764166,
        "recall": 0.8790697674418605,
        "f1-score": 0.8912476661143185,
        "support": 215
    }
}