{
    "ACH": {
        "precision": 0.9482758620689655,
        "recall": 0.9322033898305084,
        "f1-score": 0.94017094017094,
        "support": 59
    },
    "ATE": {
        "precision": 0.7777777777777778,
        "recall": 0.875,
        "f1-score": 0.823529411764706,
        "support": 8
    },
    "BOR": {
        "precision": 1.0,
        "recall": 1.0,
        "f1-score": 1.0,
        "support": 5
    },
    "CAL": {
        "precision": 0.9574468085106383,
        "recall": 0.9375,
        "f1-score": 0.9473684210526315,
        "support": 48
    },
    "LOC": {
        "precision": 0.8867924528301887,
        "recall": 0.8392857142857143,
        "f1-score": 0.8623853211009174,
        "support": 56
    },
    "TAM": {
        "precision": 0.9230769230769231,
        "recall": 0.9230769230769231,
        "f1-score": 0.9230769230769231,
        "support": 39
    },
    "micro avg": {
        "precision": 0.9241706161137441,
        "recall": 0.9069767441860465,
        "f1-score": 0.9154929577464789,
        "support": 215
    },
    "macro avg": {
        "precision": 0.9155616373774157,
        "recall": 0.9178443378655244,
        "f1-score": 0.9160885028610197,
        "support": 215
    },
    "weighted avg": {
        "precision": 0.9245968476804297,
        "recall": 0.9069767441860465,
        "f1-score": 0.9154678277040967,
        "support": 215
    }
}