{
    "ACH": {
        "precision": 0.9090909090909091,
        "recall": 0.847457627118644,
        "f1-score": 0.8771929824561402,
        "support": 59
    },
    "ATE": {
        "precision": 0.875,
        "recall": 0.875,
        "f1-score": 0.875,
        "support": 8
    },
    "BOR": {
        "precision": 1.0,
        "recall": 1.0,
        "f1-score": 1.0,
        "support": 5
    },
    "CAL": {
        "precision": 0.9347826086956522,
        "recall": 0.8958333333333334,
        "f1-score": 0.9148936170212766,
        "support": 48
    },
    "LOC": {
        "precision": 0.8301886792452831,
        "recall": 0.7857142857142857,
        "f1-score": 0.8073394495412844,
        "support": 56
    },
    "TAM": {
        "precision": 0.8181818181818182,
        "recall": 0.9230769230769231,
        "f1-score": 0.8674698795180724,
        "support": 39
    },
    "micro avg": {
        "precision": 0.8767772511848341,
        "recall": 0.8604651162790697,
        "f1-score": 0.8685446009389671,
        "support": 215
    },
    "macro avg": {
        "precision": 0.8945406692022771,
        "recall": 0.8878470282071977,
        "f1-score": 0.8903159880894623,
        "support": 215
    },
    "weighted avg": {
        "precision": 0.8786306316306125,
        "recall": 0.8604651162790697,
        "f1-score": 0.8684261118951176,
        "support": 215
    }
}