{
    "ACH": {
        "precision": 0.9473684210526315,
        "recall": 0.9152542372881356,
        "f1-score": 0.9310344827586206,
        "support": 59
    },
    "ATE": {
        "precision": 0.8571428571428571,
        "recall": 0.75,
        "f1-score": 0.7999999999999999,
        "support": 8
    },
    "BOR": {
        "precision": 1.0,
        "recall": 1.0,
        "f1-score": 1.0,
        "support": 5
    },
    "CAL": {
        "precision": 0.9183673469387755,
        "recall": 0.9375,
        "f1-score": 0.9278350515463918,
        "support": 48
    },
    "LOC": {
        "precision": 0.8771929824561403,
        "recall": 0.8928571428571429,
        "f1-score": 0.8849557522123894,
        "support": 56
    },
    "TAM": {
        "precision": 0.8717948717948718,
        "recall": 0.8717948717948718,
        "f1-score": 0.8717948717948718,
        "support": 39
    },
    "micro avg": {
        "precision": 0.9065420560747663,
        "recall": 0.9023255813953488,
        "f1-score": 0.9044289044289043,
        "support": 215
    },
    "macro avg": {
        "precision": 0.9119777465642128,
        "recall": 0.8945677086566919,
        "f1-score": 0.9026033597187123,
        "support": 215
    },
    "weighted avg": {
        "precision": 0.9067735784644336,
        "recall": 0.9023255813953488,
        "f1-score": 0.9043006468878103,
        "support": 215
    }
}