{
    "ACH": {
        "precision": 0.875,
        "recall": 0.9491525423728814,
        "f1-score": 0.9105691056910569,
        "support": 59
    },
    "ATE": {
        "precision": 1.0,
        "recall": 0.875,
        "f1-score": 0.9333333333333333,
        "support": 8
    },
    "BOR": {
        "precision": 1.0,
        "recall": 1.0,
        "f1-score": 1.0,
        "support": 5
    },
    "CAL": {
        "precision": 0.9,
        "recall": 0.9375,
        "f1-score": 0.9183673469387755,
        "support": 48
    },
    "LOC": {
        "precision": 0.7692307692307693,
        "recall": 0.8928571428571429,
        "f1-score": 0.8264462809917357,
        "support": 56
    },
    "TAM": {
        "precision": 0.8536585365853658,
        "recall": 0.8974358974358975,
        "f1-score": 0.875,
        "support": 39
    },
    "micro avg": {
        "precision": 0.853448275862069,
        "recall": 0.9209302325581395,
        "f1-score": 0.8859060402684563,
        "support": 215
    },
    "macro avg": {
        "precision": 0.8996482176360225,
        "recall": 0.9253242637776538,
        "f1-score": 0.9106193444924835,
        "support": 215
    },
    "weighted avg": {
        "precision": 0.8567190976918714,
        "recall": 0.9209302325581395,
        "f1-score": 0.8868738060048253,
        "support": 215
    }
}