{
    "ACH": {
        "precision": 0.8947368421052632,
        "recall": 0.864406779661017,
        "f1-score": 0.8793103448275862,
        "support": 59
    },
    "ATE": {
        "precision": 0.875,
        "recall": 0.875,
        "f1-score": 0.875,
        "support": 8
    },
    "BOR": {
        "precision": 1.0,
        "recall": 1.0,
        "f1-score": 1.0,
        "support": 5
    },
    "CAL": {
        "precision": 0.9148936170212766,
        "recall": 0.8958333333333334,
        "f1-score": 0.9052631578947369,
        "support": 48
    },
    "LOC": {
        "precision": 0.8392857142857143,
        "recall": 0.8392857142857143,
        "f1-score": 0.8392857142857143,
        "support": 56
    },
    "TAM": {
        "precision": 0.9583333333333334,
        "recall": 0.5897435897435898,
        "f1-score": 0.7301587301587301,
        "support": 39
    },
    "micro avg": {
        "precision": 0.8934010152284264,
        "recall": 0.8186046511627907,
        "f1-score": 0.8543689320388349,
        "support": 215
    },
    "macro avg": {
        "precision": 0.9137082511242646,
        "recall": 0.8440449028372757,
        "f1-score": 0.8715029911944613,
        "support": 215
    },
    "weighted avg": {
        "precision": 0.8980435688429386,
        "recall": 0.8186046511627907,
        "f1-score": 0.8502703832556532,
        "support": 215
    }
}