{
    "ACH": {
        "precision": 0.9166666666666666,
        "recall": 0.9322033898305084,
        "f1-score": 0.9243697478991596,
        "support": 59
    },
    "ATE": {
        "precision": 1.0,
        "recall": 0.75,
        "f1-score": 0.8571428571428571,
        "support": 8
    },
    "BOR": {
        "precision": 1.0,
        "recall": 1.0,
        "f1-score": 1.0,
        "support": 5
    },
    "CAL": {
        "precision": 0.9,
        "recall": 0.9375,
        "f1-score": 0.9183673469387755,
        "support": 48
    },
    "LOC": {
        "precision": 0.7777777777777778,
        "recall": 0.875,
        "f1-score": 0.823529411764706,
        "support": 56
    },
    "TAM": {
        "precision": 0.7727272727272727,
        "recall": 0.8717948717948718,
        "f1-score": 0.8192771084337349,
        "support": 39
    },
    "micro avg": {
        "precision": 0.8508771929824561,
        "recall": 0.9023255813953488,
        "f1-score": 0.8758465011286681,
        "support": 215
    },
    "macro avg": {
        "precision": 0.8945286195286194,
        "recall": 0.8944163769375635,
        "f1-score": 0.8904477453632055,
        "support": 215
    },
    "weighted avg": {
        "precision": 0.855698848954663,
        "recall": 0.9023255813953488,
        "f1-score": 0.8769583484836917,
        "support": 215
    }
}