{
    "ACH": {
        "precision": 0.9310344827586207,
        "recall": 0.9152542372881356,
        "f1-score": 0.923076923076923,
        "support": 59
    },
    "ATE": {
        "precision": 1.0,
        "recall": 0.875,
        "f1-score": 0.9333333333333333,
        "support": 8
    },
    "BOR": {
        "precision": 1.0,
        "recall": 0.8,
        "f1-score": 0.888888888888889,
        "support": 5
    },
    "CAL": {
        "precision": 0.9148936170212766,
        "recall": 0.8958333333333334,
        "f1-score": 0.9052631578947369,
        "support": 48
    },
    "LOC": {
        "precision": 0.8275862068965517,
        "recall": 0.8571428571428571,
        "f1-score": 0.8421052631578947,
        "support": 56
    },
    "TAM": {
        "precision": 0.8780487804878049,
        "recall": 0.9230769230769231,
        "f1-score": 0.9,
        "support": 39
    },
    "micro avg": {
        "precision": 0.8930232558139535,
        "recall": 0.8930232558139535,
        "f1-score": 0.8930232558139535,
        "support": 215
    },
    "macro avg": {
        "precision": 0.9252605145273756,
        "recall": 0.877717891806875,
        "f1-score": 0.8987779277252962,
        "support": 215
    },
    "weighted avg": {
        "precision": 0.89504492151168,
        "recall": 0.8930232558139535,
        "f1-score": 0.8934101204113445,
        "support": 215
    }
}