{
    "ACH": {
        "precision": 0.9152542372881356,
        "recall": 0.9152542372881356,
        "f1-score": 0.9152542372881356,
        "support": 59
    },
    "ATE": {
        "precision": 1.0,
        "recall": 0.875,
        "f1-score": 0.9333333333333333,
        "support": 8
    },
    "BOR": {
        "precision": 1.0,
        "recall": 1.0,
        "f1-score": 1.0,
        "support": 5
    },
    "CAL": {
        "precision": 0.9361702127659575,
        "recall": 0.9166666666666666,
        "f1-score": 0.9263157894736843,
        "support": 48
    },
    "LOC": {
        "precision": 0.7962962962962963,
        "recall": 0.7678571428571429,
        "f1-score": 0.7818181818181819,
        "support": 56
    },
    "TAM": {
        "precision": 0.8095238095238095,
        "recall": 0.8717948717948718,
        "f1-score": 0.8395061728395062,
        "support": 39
    },
    "micro avg": {
        "precision": 0.8738317757009346,
        "recall": 0.8697674418604651,
        "f1-score": 0.8717948717948718,
        "support": 215
    },
    "macro avg": {
        "precision": 0.9095407593123664,
        "recall": 0.8910954864344696,
        "f1-score": 0.8993712857921402,
        "support": 215
    },
    "weighted avg": {
        "precision": 0.8748846110548238,
        "recall": 0.8697674418604651,
        "f1-score": 0.8718715510881974,
        "support": 215
    }
}