{
    "ACH": {
        "precision": 0.9464285714285714,
        "recall": 0.8983050847457628,
        "f1-score": 0.9217391304347826,
        "support": 59
    },
    "ATE": {
        "precision": 0.8571428571428571,
        "recall": 0.75,
        "f1-score": 0.7999999999999999,
        "support": 8
    },
    "BOR": {
        "precision": 0.75,
        "recall": 0.6,
        "f1-score": 0.6666666666666665,
        "support": 5
    },
    "CAL": {
        "precision": 0.9361702127659575,
        "recall": 0.9166666666666666,
        "f1-score": 0.9263157894736843,
        "support": 48
    },
    "LOC": {
        "precision": 0.8363636363636363,
        "recall": 0.8214285714285714,
        "f1-score": 0.8288288288288289,
        "support": 56
    },
    "TAM": {
        "precision": 0.8409090909090909,
        "recall": 0.9487179487179487,
        "f1-score": 0.891566265060241,
        "support": 39
    },
    "micro avg": {
        "precision": 0.8873239436619719,
        "recall": 0.8790697674418605,
        "f1-score": 0.883177570093458,
        "support": 215
    },
    "macro avg": {
        "precision": 0.8611690614350188,
        "recall": 0.8225197119264916,
        "f1-score": 0.8391861134107005,
        "support": 215
    },
    "weighted avg": {
        "precision": 0.888439148679129,
        "recall": 0.8790697674418605,
        "f1-score": 0.8826260403510984,
        "support": 215
    }
}