{
    "ACH": {
        "precision": 0.8190954773869347,
        "recall": 0.9367816091954023,
        "f1-score": 0.8739946380697051,
        "support": 174
    },
    "ATE": {
        "precision": 0.7948717948717948,
        "recall": 0.9117647058823529,
        "f1-score": 0.8493150684931507,
        "support": 34
    },
    "BOR": {
        "precision": 0.6666666666666666,
        "recall": 0.7692307692307693,
        "f1-score": 0.7142857142857142,
        "support": 13
    },
    "CAL": {
        "precision": 0.879746835443038,
        "recall": 0.9586206896551724,
        "f1-score": 0.9174917491749175,
        "support": 145
    },
    "LOC": {
        "precision": 0.7927461139896373,
        "recall": 0.8793103448275862,
        "f1-score": 0.8337874659400545,
        "support": 174
    },
    "TAM": {
        "precision": 0.7682119205298014,
        "recall": 0.90625,
        "f1-score": 0.831541218637993,
        "support": 128
    },
    "micro avg": {
        "precision": 0.8105960264900662,
        "recall": 0.9161676646706587,
        "f1-score": 0.8601546029515109,
        "support": 668
    },
    "macro avg": {
        "precision": 0.7868898014813123,
        "recall": 0.8936596864652139,
        "f1-score": 0.8367359757669225,
        "support": 668
    },
    "weighted avg": {
        "precision": 0.8114478466450395,
        "recall": 0.9161676646706587,
        "f1-score": 0.8604642100721642,
        "support": 668
    },
    "training_time": 719.1949770450592
}