{
    "ACH": {
        "precision": 0.8473684210526315,
        "recall": 0.9252873563218391,
        "f1-score": 0.8846153846153847,
        "support": 174
    },
    "ATE": {
        "precision": 0.868421052631579,
        "recall": 0.9705882352941176,
        "f1-score": 0.9166666666666667,
        "support": 34
    },
    "BOR": {
        "precision": 0.8461538461538461,
        "recall": 0.8461538461538461,
        "f1-score": 0.8461538461538461,
        "support": 13
    },
    "CAL": {
        "precision": 0.8896103896103896,
        "recall": 0.9448275862068966,
        "f1-score": 0.9163879598662208,
        "support": 145
    },
    "LOC": {
        "precision": 0.819672131147541,
        "recall": 0.8620689655172413,
        "f1-score": 0.8403361344537814,
        "support": 174
    },
    "TAM": {
        "precision": 0.8931297709923665,
        "recall": 0.9140625,
        "f1-score": 0.9034749034749036,
        "support": 128
    },
    "micro avg": {
        "precision": 0.8589562764456982,
        "recall": 0.9116766467065869,
        "f1-score": 0.8845315904139434,
        "support": 668
    },
    "macro avg": {
        "precision": 0.8607259352647256,
        "recall": 0.9104980815823235,
        "f1-score": 0.8846058158718005,
        "support": 668
    },
    "weighted avg": {
        "precision": 0.859139953671906,
        "recall": 0.9116766467065869,
        "f1-score": 0.8844749592965439,
        "support": 668
    }
}