{
    "ACH": {
        "precision": 0.888235294117647,
        "recall": 0.867816091954023,
        "f1-score": 0.877906976744186,
        "support": 174
    },
    "ATE": {
        "precision": 0.8529411764705882,
        "recall": 0.8529411764705882,
        "f1-score": 0.8529411764705882,
        "support": 34
    },
    "BOR": {
        "precision": 0.6666666666666666,
        "recall": 0.7692307692307693,
        "f1-score": 0.7142857142857142,
        "support": 13
    },
    "CAL": {
        "precision": 0.9236111111111112,
        "recall": 0.9172413793103448,
        "f1-score": 0.9204152249134949,
        "support": 145
    },
    "LOC": {
        "precision": 0.8322981366459627,
        "recall": 0.7701149425287356,
        "f1-score": 0.8,
        "support": 174
    },
    "TAM": {
        "precision": 0.8656716417910447,
        "recall": 0.90625,
        "f1-score": 0.8854961832061069,
        "support": 128
    },
    "micro avg": {
        "precision": 0.8708206686930091,
        "recall": 0.8577844311377245,
        "f1-score": 0.8642533936651584,
        "support": 668
    },
    "macro avg": {
        "precision": 0.8382373378005035,
        "recall": 0.8472657265824101,
        "f1-score": 0.841840879270015,
        "support": 668
    },
    "weighted avg": {
        "precision": 0.8709117737723048,
        "recall": 0.8577844311377245,
        "f1-score": 0.8638401905719179,
        "support": 668
    }
}