{
    "ACH": {
        "precision": 0.8481675392670157,
        "recall": 0.9310344827586207,
        "f1-score": 0.8876712328767123,
        "support": 174
    },
    "ATE": {
        "precision": 0.8648648648648649,
        "recall": 0.9411764705882353,
        "f1-score": 0.9014084507042254,
        "support": 34
    },
    "BOR": {
        "precision": 0.7333333333333333,
        "recall": 0.8461538461538461,
        "f1-score": 0.7857142857142856,
        "support": 13
    },
    "CAL": {
        "precision": 0.9038461538461539,
        "recall": 0.9724137931034482,
        "f1-score": 0.9368770764119602,
        "support": 145
    },
    "LOC": {
        "precision": 0.8082901554404145,
        "recall": 0.896551724137931,
        "f1-score": 0.8501362397820164,
        "support": 174
    },
    "TAM": {
        "precision": 0.8275862068965517,
        "recall": 0.9375,
        "f1-score": 0.8791208791208792,
        "support": 128
    },
    "micro avg": {
        "precision": 0.8439620081411127,
        "recall": 0.9311377245508982,
        "f1-score": 0.8854092526690391,
        "support": 668
    },
    "macro avg": {
        "precision": 0.831014708941389,
        "recall": 0.9208050527903469,
        "f1-score": 0.8734880274350133,
        "support": 668
    },
    "weighted avg": {
        "precision": 0.8445375814495247,
        "recall": 0.9311377245508982,
        "f1-score": 0.8856516794731362,
        "support": 668
    }
}