{
    "ACH": {
        "precision": 0.8505154639175257,
        "recall": 0.9482758620689655,
        "f1-score": 0.8967391304347826,
        "support": 174
    },
    "ATE": {
        "precision": 0.868421052631579,
        "recall": 0.9705882352941176,
        "f1-score": 0.9166666666666667,
        "support": 34
    },
    "BOR": {
        "precision": 0.6875,
        "recall": 0.8461538461538461,
        "f1-score": 0.7586206896551724,
        "support": 13
    },
    "CAL": {
        "precision": 0.9025974025974026,
        "recall": 0.9586206896551724,
        "f1-score": 0.9297658862876255,
        "support": 145
    },
    "LOC": {
        "precision": 0.8108108108108109,
        "recall": 0.8620689655172413,
        "f1-score": 0.8356545961002786,
        "support": 174
    },
    "TAM": {
        "precision": 0.8880597014925373,
        "recall": 0.9296875,
        "f1-score": 0.9083969465648856,
        "support": 128
    },
    "micro avg": {
        "precision": 0.855755894590846,
        "recall": 0.9236526946107785,
        "f1-score": 0.8884089272858171,
        "support": 668
    },
    "macro avg": {
        "precision": 0.8346507385749758,
        "recall": 0.9192325164482238,
        "f1-score": 0.8743073192849019,
        "support": 668
    },
    "weighted avg": {
        "precision": 0.856411456227354,
        "recall": 0.9236526946107785,
        "f1-score": 0.8885570459899634,
        "support": 668
    }
}