{
    "ACH": {
        "precision": 0.8121827411167513,
        "recall": 0.9195402298850575,
        "f1-score": 0.8625336927223719,
        "support": 174
    },
    "ATE": {
        "precision": 0.7317073170731707,
        "recall": 0.8823529411764706,
        "f1-score": 0.8,
        "support": 34
    },
    "BOR": {
        "precision": 1.0,
        "recall": 0.9230769230769231,
        "f1-score": 0.9600000000000001,
        "support": 13
    },
    "CAL": {
        "precision": 0.9013157894736842,
        "recall": 0.9448275862068966,
        "f1-score": 0.9225589225589226,
        "support": 145
    },
    "LOC": {
        "precision": 0.7794871794871795,
        "recall": 0.8735632183908046,
        "f1-score": 0.8238482384823849,
        "support": 174
    },
    "TAM": {
        "precision": 0.8333333333333334,
        "recall": 0.9375,
        "f1-score": 0.8823529411764706,
        "support": 128
    },
    "micro avg": {
        "precision": 0.8245614035087719,
        "recall": 0.9146706586826348,
        "f1-score": 0.8672817601135557,
        "support": 668
    },
    "macro avg": {
        "precision": 0.8430043934140198,
        "recall": 0.9134768164560253,
        "f1-score": 0.875215632490025,
        "support": 668
    },
    "weighted avg": {
        "precision": 0.8266258549489859,
        "recall": 0.9146706586826348,
        "f1-score": 0.8679980183701493,
        "support": 668
    }
}