{
    "ACH": {
        "precision": 0.8481675392670157,
        "recall": 0.9310344827586207,
        "f1-score": 0.8876712328767123,
        "support": 174
    },
    "ATE": {
        "precision": 0.8048780487804879,
        "recall": 0.9705882352941176,
        "f1-score": 0.8800000000000001,
        "support": 34
    },
    "BOR": {
        "precision": 0.7333333333333333,
        "recall": 0.8461538461538461,
        "f1-score": 0.7857142857142856,
        "support": 13
    },
    "CAL": {
        "precision": 0.8734177215189873,
        "recall": 0.9517241379310345,
        "f1-score": 0.9108910891089109,
        "support": 145
    },
    "LOC": {
        "precision": 0.8272251308900523,
        "recall": 0.9080459770114943,
        "f1-score": 0.8657534246575342,
        "support": 174
    },
    "TAM": {
        "precision": 0.8402777777777778,
        "recall": 0.9453125,
        "f1-score": 0.8897058823529412,
        "support": 128
    },
    "micro avg": {
        "precision": 0.8418918918918918,
        "recall": 0.9326347305389222,
        "f1-score": 0.8849431818181818,
        "support": 668
    },
    "macro avg": {
        "precision": 0.8212165919279424,
        "recall": 0.9254765298581855,
        "f1-score": 0.8699559857850642,
        "support": 668
    },
    "weighted avg": {
        "precision": 0.8422434682260607,
        "recall": 0.9326347305389222,
        "f1-score": 0.8850175703401395,
        "support": 668
    }
}