{
    "ACH": {
        "precision": 0.8478260869565217,
        "recall": 0.896551724137931,
        "f1-score": 0.8715083798882682,
        "support": 174
    },
    "ATE": {
        "precision": 0.868421052631579,
        "recall": 0.9705882352941176,
        "f1-score": 0.9166666666666667,
        "support": 34
    },
    "BOR": {
        "precision": 0.7333333333333333,
        "recall": 0.8461538461538461,
        "f1-score": 0.7857142857142856,
        "support": 13
    },
    "CAL": {
        "precision": 0.8774193548387097,
        "recall": 0.9379310344827586,
        "f1-score": 0.9066666666666666,
        "support": 145
    },
    "LOC": {
        "precision": 0.819672131147541,
        "recall": 0.8620689655172413,
        "f1-score": 0.8403361344537814,
        "support": 174
    },
    "TAM": {
        "precision": 0.8518518518518519,
        "recall": 0.8984375,
        "f1-score": 0.8745247148288974,
        "support": 128
    },
    "micro avg": {
        "precision": 0.8464788732394366,
        "recall": 0.8997005988023952,
        "f1-score": 0.8722786647314948,
        "support": 668
    },
    "macro avg": {
        "precision": 0.8330873017932562,
        "recall": 0.9019552175976492,
        "f1-score": 0.8659028080364277,
        "support": 668
    },
    "weighted avg": {
        "precision": 0.8465077583256944,
        "recall": 0.8997005988023952,
        "f1-score": 0.8722271377862794,
        "support": 668
    }
}