{
    "ACH": {
        "precision": 0.8563829787234043,
        "recall": 0.9252873563218391,
        "f1-score": 0.8895027624309392,
        "support": 174
    },
    "ATE": {
        "precision": 0.8918918918918919,
        "recall": 0.9705882352941176,
        "f1-score": 0.9295774647887325,
        "support": 34
    },
    "BOR": {
        "precision": 0.8461538461538461,
        "recall": 0.8461538461538461,
        "f1-score": 0.8461538461538461,
        "support": 13
    },
    "CAL": {
        "precision": 0.8860759493670886,
        "recall": 0.9655172413793104,
        "f1-score": 0.9240924092409241,
        "support": 145
    },
    "LOC": {
        "precision": 0.8279569892473119,
        "recall": 0.8850574712643678,
        "f1-score": 0.8555555555555556,
        "support": 174
    },
    "TAM": {
        "precision": 0.8642857142857143,
        "recall": 0.9453125,
        "f1-score": 0.9029850746268657,
        "support": 128
    },
    "micro avg": {
        "precision": 0.8587257617728532,
        "recall": 0.9281437125748503,
        "f1-score": 0.8920863309352518,
        "support": 668
    },
    "macro avg": {
        "precision": 0.8621245616115427,
        "recall": 0.9229861084022469,
        "f1-score": 0.8913111854661439,
        "support": 668
    },
    "weighted avg": {
        "precision": 0.8585465012545334,
        "recall": 0.9281437125748503,
        "f1-score": 0.8919480090189219,
        "support": 668
    }
}