{
    "ACH": {
        "precision": 0.8784530386740331,
        "recall": 0.9137931034482759,
        "f1-score": 0.895774647887324,
        "support": 174
    },
    "ATE": {
        "precision": 0.8918918918918919,
        "recall": 0.9705882352941176,
        "f1-score": 0.9295774647887325,
        "support": 34
    },
    "BOR": {
        "precision": 0.8461538461538461,
        "recall": 0.8461538461538461,
        "f1-score": 0.8461538461538461,
        "support": 13
    },
    "CAL": {
        "precision": 0.8947368421052632,
        "recall": 0.9379310344827586,
        "f1-score": 0.9158249158249158,
        "support": 145
    },
    "LOC": {
        "precision": 0.8439306358381503,
        "recall": 0.8390804597701149,
        "f1-score": 0.8414985590778098,
        "support": 174
    },
    "TAM": {
        "precision": 0.8561151079136691,
        "recall": 0.9296875,
        "f1-score": 0.8913857677902621,
        "support": 128
    },
    "micro avg": {
        "precision": 0.8690647482014389,
        "recall": 0.9041916167664671,
        "f1-score": 0.8862802641232576,
        "support": 668
    },
    "macro avg": {
        "precision": 0.8685468937628089,
        "recall": 0.9062056965248523,
        "f1-score": 0.8867025335871483,
        "support": 668
    },
    "weighted avg": {
        "precision": 0.8687704485144567,
        "recall": 0.9041916167664671,
        "f1-score": 0.885902938452869,
        "support": 668
    }
}