{
    "ACH": {
        "precision": 0.8631578947368421,
        "recall": 0.9425287356321839,
        "f1-score": 0.901098901098901,
        "support": 174
    },
    "ATE": {
        "precision": 0.8108108108108109,
        "recall": 0.8823529411764706,
        "f1-score": 0.8450704225352113,
        "support": 34
    },
    "BOR": {
        "precision": 0.6666666666666666,
        "recall": 0.7692307692307693,
        "f1-score": 0.7142857142857142,
        "support": 13
    },
    "CAL": {
        "precision": 0.8774193548387097,
        "recall": 0.9379310344827586,
        "f1-score": 0.9066666666666666,
        "support": 145
    },
    "LOC": {
        "precision": 0.8225806451612904,
        "recall": 0.8793103448275862,
        "f1-score": 0.8500000000000001,
        "support": 174
    },
    "TAM": {
        "precision": 0.8367346938775511,
        "recall": 0.9609375,
        "f1-score": 0.8945454545454545,
        "support": 128
    },
    "micro avg": {
        "precision": 0.8438356164383561,
        "recall": 0.9221556886227545,
        "f1-score": 0.8812589413447782,
        "support": 668
    },
    "macro avg": {
        "precision": 0.8128950110153118,
        "recall": 0.8953818875582947,
        "f1-score": 0.8519445265219913,
        "support": 668
    },
    "weighted avg": {
        "precision": 0.8441326159348034,
        "recall": 0.9221556886227545,
        "f1-score": 0.881254195047313,
        "support": 668
    }
}