{
    "ACH": {
        "precision": 0.8994082840236687,
        "recall": 0.8735632183908046,
        "f1-score": 0.8862973760932945,
        "support": 174
    },
    "ATE": {
        "precision": 0.8378378378378378,
        "recall": 0.9117647058823529,
        "f1-score": 0.8732394366197184,
        "support": 34
    },
    "BOR": {
        "precision": 0.8571428571428571,
        "recall": 0.9230769230769231,
        "f1-score": 0.888888888888889,
        "support": 13
    },
    "CAL": {
        "precision": 0.9115646258503401,
        "recall": 0.9241379310344827,
        "f1-score": 0.9178082191780822,
        "support": 145
    },
    "LOC": {
        "precision": 0.8520710059171598,
        "recall": 0.8275862068965517,
        "f1-score": 0.8396501457725948,
        "support": 174
    },
    "TAM": {
        "precision": 0.8778625954198473,
        "recall": 0.8984375,
        "f1-score": 0.888030888030888,
        "support": 128
    },
    "micro avg": {
        "precision": 0.881559220389805,
        "recall": 0.8802395209580839,
        "f1-score": 0.8808988764044943,
        "support": 668
    },
    "macro avg": {
        "precision": 0.8726478676986185,
        "recall": 0.8930944142135192,
        "f1-score": 0.8823191590972446,
        "support": 668
    },
    "weighted avg": {
        "precision": 0.8816317710195921,
        "recall": 0.8802395209580839,
        "f1-score": 0.8807046566677639,
        "support": 668
    }
}