{
    "ACH": {
        "precision": 0.8112244897959183,
        "recall": 0.9137931034482759,
        "f1-score": 0.8594594594594595,
        "support": 174
    },
    "ATE": {
        "precision": 0.8648648648648649,
        "recall": 0.9411764705882353,
        "f1-score": 0.9014084507042254,
        "support": 34
    },
    "BOR": {
        "precision": 0.8461538461538461,
        "recall": 0.8461538461538461,
        "f1-score": 0.8461538461538461,
        "support": 13
    },
    "CAL": {
        "precision": 0.8831168831168831,
        "recall": 0.9379310344827586,
        "f1-score": 0.9096989966555183,
        "support": 145
    },
    "LOC": {
        "precision": 0.8072916666666666,
        "recall": 0.8908045977011494,
        "f1-score": 0.8469945355191256,
        "support": 174
    },
    "TAM": {
        "precision": 0.8333333333333334,
        "recall": 0.9375,
        "f1-score": 0.8823529411764706,
        "support": 128
    },
    "micro avg": {
        "precision": 0.8328804347826086,
        "recall": 0.9176646706586826,
        "f1-score": 0.8732193732193732,
        "support": 668
    },
    "macro avg": {
        "precision": 0.8409975139885854,
        "recall": 0.9112265087290443,
        "f1-score": 0.8743447049447743,
        "support": 668
    },
    "weighted avg": {
        "precision": 0.8334518433360927,
        "recall": 0.9176646706586826,
        "f1-score": 0.87338085843691,
        "support": 668
    }
}