{
    "ACH": {
        "precision": 0.8771929824561403,
        "recall": 0.8620689655172413,
        "f1-score": 0.8695652173913043,
        "support": 174
    },
    "ATE": {
        "precision": 0.8157894736842105,
        "recall": 0.9117647058823529,
        "f1-score": 0.861111111111111,
        "support": 34
    },
    "BOR": {
        "precision": 0.8461538461538461,
        "recall": 0.8461538461538461,
        "f1-score": 0.8461538461538461,
        "support": 13
    },
    "CAL": {
        "precision": 0.8918918918918919,
        "recall": 0.9103448275862069,
        "f1-score": 0.901023890784983,
        "support": 145
    },
    "LOC": {
        "precision": 0.8064516129032258,
        "recall": 0.8620689655172413,
        "f1-score": 0.8333333333333334,
        "support": 174
    },
    "TAM": {
        "precision": 0.8,
        "recall": 0.9375,
        "f1-score": 0.8633093525179856,
        "support": 128
    },
    "micro avg": {
        "precision": 0.8413597733711048,
        "recall": 0.8892215568862275,
        "f1-score": 0.8646288209606987,
        "support": 668
    },
    "macro avg": {
        "precision": 0.8395799678482191,
        "recall": 0.8883168851094815,
        "f1-score": 0.8624161252154273,
        "support": 668
    },
    "weighted avg": {
        "precision": 0.8434361167995765,
        "recall": 0.8892215568862275,
        "f1-score": 0.8648715372604631,
        "support": 668
    }
}