{
    "ACH": {
        "precision": 0.8516483516483516,
        "recall": 0.8908045977011494,
        "f1-score": 0.8707865168539326,
        "support": 174
    },
    "ATE": {
        "precision": 0.8571428571428571,
        "recall": 0.8823529411764706,
        "f1-score": 0.8695652173913043,
        "support": 34
    },
    "BOR": {
        "precision": 0.9230769230769231,
        "recall": 0.9230769230769231,
        "f1-score": 0.9230769230769231,
        "support": 13
    },
    "CAL": {
        "precision": 0.9060402684563759,
        "recall": 0.9310344827586207,
        "f1-score": 0.9183673469387755,
        "support": 145
    },
    "LOC": {
        "precision": 0.8275862068965517,
        "recall": 0.8275862068965517,
        "f1-score": 0.8275862068965517,
        "support": 174
    },
    "TAM": {
        "precision": 0.85,
        "recall": 0.9296875,
        "f1-score": 0.8880597014925372,
        "support": 128
    },
    "micro avg": {
        "precision": 0.8585858585858586,
        "recall": 0.8907185628742516,
        "f1-score": 0.8743570903747245,
        "support": 668
    },
    "macro avg": {
        "precision": 0.8692491012035098,
        "recall": 0.8974237752682859,
        "f1-score": 0.8829069854416707,
        "support": 668
    },
    "weighted avg": {
        "precision": 0.8585411815207258,
        "recall": 0.8907185628742516,
        "f1-score": 0.8741272132051733,
        "support": 668
    }
}