{
    "ACH": {
        "precision": 0.877906976744186,
        "recall": 0.867816091954023,
        "f1-score": 0.8728323699421965,
        "support": 174
    },
    "ATE": {
        "precision": 0.8378378378378378,
        "recall": 0.9117647058823529,
        "f1-score": 0.8732394366197184,
        "support": 34
    },
    "BOR": {
        "precision": 0.6875,
        "recall": 0.8461538461538461,
        "f1-score": 0.7586206896551724,
        "support": 13
    },
    "CAL": {
        "precision": 0.8881578947368421,
        "recall": 0.9310344827586207,
        "f1-score": 0.9090909090909091,
        "support": 145
    },
    "LOC": {
        "precision": 0.8424242424242424,
        "recall": 0.7988505747126436,
        "f1-score": 0.8200589970501475,
        "support": 174
    },
    "TAM": {
        "precision": 0.8731343283582089,
        "recall": 0.9140625,
        "f1-score": 0.8931297709923665,
        "support": 128
    },
    "micro avg": {
        "precision": 0.863905325443787,
        "recall": 0.874251497005988,
        "f1-score": 0.8690476190476191,
        "support": 668
    },
    "macro avg": {
        "precision": 0.8344935466835528,
        "recall": 0.8782803669102477,
        "f1-score": 0.8544953622250852,
        "support": 668
    },
    "weighted avg": {
        "precision": 0.8642301008809669,
        "recall": 0.874251497005988,
        "f1-score": 0.8686438625336232,
        "support": 668
    }
}