{
    "ACH": {
        "precision": 0.8112244897959183,
        "recall": 0.9137931034482759,
        "f1-score": 0.8594594594594595,
        "support": 174
    },
    "ATE": {
        "precision": 0.8918918918918919,
        "recall": 0.9705882352941176,
        "f1-score": 0.9295774647887325,
        "support": 34
    },
    "BOR": {
        "precision": 0.7272727272727273,
        "recall": 0.6153846153846154,
        "f1-score": 0.6666666666666667,
        "support": 13
    },
    "CAL": {
        "precision": 0.8625,
        "recall": 0.9517241379310345,
        "f1-score": 0.9049180327868853,
        "support": 145
    },
    "LOC": {
        "precision": 0.7823834196891192,
        "recall": 0.867816091954023,
        "f1-score": 0.8228882833787465,
        "support": 174
    },
    "TAM": {
        "precision": 0.8275862068965517,
        "recall": 0.9375,
        "f1-score": 0.8791208791208792,
        "support": 128
    },
    "micro avg": {
        "precision": 0.8207547169811321,
        "recall": 0.9116766467065869,
        "f1-score": 0.8638297872340426,
        "support": 668
    },
    "macro avg": {
        "precision": 0.8171431225910347,
        "recall": 0.8761343640020112,
        "f1-score": 0.8437717977002285,
        "support": 668
    },
    "weighted avg": {
        "precision": 0.8204493720239894,
        "recall": 0.9116766467065869,
        "f1-score": 0.8633853218636262,
        "support": 668
    }
}