{
    "ACH": {
        "precision": 0.801980198019802,
        "recall": 0.9310344827586207,
        "f1-score": 0.8617021276595743,
        "support": 174
    },
    "ATE": {
        "precision": 0.8918918918918919,
        "recall": 0.9705882352941176,
        "f1-score": 0.9295774647887325,
        "support": 34
    },
    "BOR": {
        "precision": 0.7857142857142857,
        "recall": 0.8461538461538461,
        "f1-score": 0.8148148148148148,
        "support": 13
    },
    "CAL": {
        "precision": 0.8466257668711656,
        "recall": 0.9517241379310345,
        "f1-score": 0.8961038961038961,
        "support": 145
    },
    "LOC": {
        "precision": 0.8066298342541437,
        "recall": 0.8390804597701149,
        "f1-score": 0.8225352112676056,
        "support": 174
    },
    "TAM": {
        "precision": 0.8560606060606061,
        "recall": 0.8828125,
        "f1-score": 0.8692307692307693,
        "support": 128
    },
    "micro avg": {
        "precision": 0.8271604938271605,
        "recall": 0.9026946107784432,
        "f1-score": 0.863278453829635,
        "support": 668
    },
    "macro avg": {
        "precision": 0.8314837638019825,
        "recall": 0.9035656103179557,
        "f1-score": 0.8656607139775655,
        "support": 668
    },
    "weighted avg": {
        "precision": 0.8275048644107085,
        "recall": 0.9026946107784432,
        "f1-score": 0.8629522855768595,
        "support": 668
    }
}