{
    "ACH": {
        "precision": 0.8548387096774194,
        "recall": 0.9137931034482759,
        "f1-score": 0.8833333333333333,
        "support": 174
    },
    "ATE": {
        "precision": 0.8611111111111112,
        "recall": 0.9117647058823529,
        "f1-score": 0.8857142857142858,
        "support": 34
    },
    "BOR": {
        "precision": 0.7333333333333333,
        "recall": 0.8461538461538461,
        "f1-score": 0.7857142857142856,
        "support": 13
    },
    "CAL": {
        "precision": 0.9084967320261438,
        "recall": 0.9586206896551724,
        "f1-score": 0.9328859060402684,
        "support": 145
    },
    "LOC": {
        "precision": 0.8111111111111111,
        "recall": 0.8390804597701149,
        "f1-score": 0.8248587570621468,
        "support": 174
    },
    "TAM": {
        "precision": 0.8814814814814815,
        "recall": 0.9296875,
        "f1-score": 0.9049429657794676,
        "support": 128
    },
    "micro avg": {
        "precision": 0.8581560283687943,
        "recall": 0.905688622754491,
        "f1-score": 0.8812818645302258,
        "support": 668
    },
    "macro avg": {
        "precision": 0.8417287464567668,
        "recall": 0.8998500508182937,
        "f1-score": 0.8695749222739645,
        "support": 668
    },
    "weighted avg": {
        "precision": 0.8581557420684668,
        "recall": 0.905688622754491,
        "f1-score": 0.8812202861571794,
        "support": 668
    }
}