{
    "ACH": {
        "precision": 0.856353591160221,
        "recall": 0.8908045977011494,
        "f1-score": 0.8732394366197184,
        "support": 174
    },
    "ATE": {
        "precision": 0.8857142857142857,
        "recall": 0.9117647058823529,
        "f1-score": 0.8985507246376812,
        "support": 34
    },
    "BOR": {
        "precision": 0.8333333333333334,
        "recall": 0.7692307692307693,
        "f1-score": 0.8,
        "support": 13
    },
    "CAL": {
        "precision": 0.881578947368421,
        "recall": 0.9241379310344827,
        "f1-score": 0.9023569023569024,
        "support": 145
    },
    "LOC": {
        "precision": 0.8176470588235294,
        "recall": 0.7988505747126436,
        "f1-score": 0.8081395348837208,
        "support": 174
    },
    "TAM": {
        "precision": 0.9007633587786259,
        "recall": 0.921875,
        "f1-score": 0.9111969111969112,
        "support": 128
    },
    "micro avg": {
        "precision": 0.8619676945668135,
        "recall": 0.8787425149700598,
        "f1-score": 0.8702742772424018,
        "support": 668
    },
    "macro avg": {
        "precision": 0.8625650958630694,
        "recall": 0.8694439297602331,
        "f1-score": 0.8655805849491557,
        "support": 668
    },
    "weighted avg": {
        "precision": 0.8613029781989173,
        "recall": 0.8787425149700598,
        "f1-score": 0.8697389538237053,
        "support": 668
    }
}