{
    "ACH": {
        "precision": 0.8465608465608465,
        "recall": 0.9195402298850575,
        "f1-score": 0.8815426997245179,
        "support": 174
    },
    "ATE": {
        "precision": 0.8125,
        "recall": 0.7647058823529411,
        "f1-score": 0.787878787878788,
        "support": 34
    },
    "BOR": {
        "precision": 0.9230769230769231,
        "recall": 0.9230769230769231,
        "f1-score": 0.9230769230769231,
        "support": 13
    },
    "CAL": {
        "precision": 0.8954248366013072,
        "recall": 0.9448275862068966,
        "f1-score": 0.9194630872483223,
        "support": 145
    },
    "LOC": {
        "precision": 0.7956989247311828,
        "recall": 0.8505747126436781,
        "f1-score": 0.8222222222222222,
        "support": 174
    },
    "TAM": {
        "precision": 0.8263888888888888,
        "recall": 0.9296875,
        "f1-score": 0.875,
        "support": 128
    },
    "micro avg": {
        "precision": 0.8396094839609484,
        "recall": 0.9011976047904192,
        "f1-score": 0.8693140794223826,
        "support": 668
    },
    "macro avg": {
        "precision": 0.8499417366431915,
        "recall": 0.8887354723609161,
        "f1-score": 0.8681972866917956,
        "support": 668
    },
    "weighted avg": {
        "precision": 0.8398092504338031,
        "recall": 0.9011976047904192,
        "f1-score": 0.8691094653557159,
        "support": 668
    }
}