{
    "ACH": {
        "precision": 0.8555555555555555,
        "recall": 0.8850574712643678,
        "f1-score": 0.8700564971751412,
        "support": 174
    },
    "ATE": {
        "precision": 0.8285714285714286,
        "recall": 0.8529411764705882,
        "f1-score": 0.8405797101449276,
        "support": 34
    },
    "BOR": {
        "precision": 0.7692307692307693,
        "recall": 0.7692307692307693,
        "f1-score": 0.7692307692307693,
        "support": 13
    },
    "CAL": {
        "precision": 0.8888888888888888,
        "recall": 0.9379310344827586,
        "f1-score": 0.9127516778523489,
        "support": 145
    },
    "LOC": {
        "precision": 0.8295454545454546,
        "recall": 0.8390804597701149,
        "f1-score": 0.8342857142857142,
        "support": 174
    },
    "TAM": {
        "precision": 0.8055555555555556,
        "recall": 0.90625,
        "f1-score": 0.8529411764705882,
        "support": 128
    },
    "micro avg": {
        "precision": 0.8430813124108416,
        "recall": 0.8847305389221557,
        "f1-score": 0.8634039444850256,
        "support": 668
    },
    "macro avg": {
        "precision": 0.8295579420579421,
        "recall": 0.8650818185364332,
        "f1-score": 0.8466409241932481,
        "support": 668
    },
    "weighted avg": {
        "precision": 0.8433817430074914,
        "recall": 0.8847305389221557,
        "f1-score": 0.863264549125662,
        "support": 668
    }
}