{
    "ACH": {
        "precision": 0.9005847953216374,
        "recall": 0.8850574712643678,
        "f1-score": 0.8927536231884058,
        "support": 174
    },
    "ATE": {
        "precision": 0.8571428571428571,
        "recall": 0.8823529411764706,
        "f1-score": 0.8695652173913043,
        "support": 34
    },
    "BOR": {
        "precision": 0.8333333333333334,
        "recall": 0.7692307692307693,
        "f1-score": 0.8,
        "support": 13
    },
    "CAL": {
        "precision": 0.9251700680272109,
        "recall": 0.9379310344827586,
        "f1-score": 0.9315068493150684,
        "support": 145
    },
    "LOC": {
        "precision": 0.8426966292134831,
        "recall": 0.8620689655172413,
        "f1-score": 0.8522727272727273,
        "support": 174
    },
    "TAM": {
        "precision": 0.90625,
        "recall": 0.90625,
        "f1-score": 0.90625,
        "support": 128
    },
    "micro avg": {
        "precision": 0.8882265275707899,
        "recall": 0.8922155688622755,
        "f1-score": 0.890216579536968,
        "support": 668
    },
    "macro avg": {
        "precision": 0.8775296138397537,
        "recall": 0.873815196945268,
        "f1-score": 0.8753914028612511,
        "support": 668
    },
    "weighted avg": {
        "precision": 0.8884084104928848,
        "recall": 0.8922155688622755,
        "f1-score": 0.8902219992847702,
        "support": 668
    }
}