{
    "ACH": {
        "precision": 0.9053254437869822,
        "recall": 0.8793103448275862,
        "f1-score": 0.8921282798833818,
        "support": 174
    },
    "ATE": {
        "precision": 0.8888888888888888,
        "recall": 0.9411764705882353,
        "f1-score": 0.9142857142857143,
        "support": 34
    },
    "BOR": {
        "precision": 0.75,
        "recall": 0.6923076923076923,
        "f1-score": 0.7199999999999999,
        "support": 13
    },
    "CAL": {
        "precision": 0.9290780141843972,
        "recall": 0.903448275862069,
        "f1-score": 0.9160839160839161,
        "support": 145
    },
    "LOC": {
        "precision": 0.8411764705882353,
        "recall": 0.8218390804597702,
        "f1-score": 0.8313953488372092,
        "support": 174
    },
    "TAM": {
        "precision": 0.9,
        "recall": 0.9140625,
        "f1-score": 0.9069767441860466,
        "support": 128
    },
    "micro avg": {
        "precision": 0.8890577507598785,
        "recall": 0.875748502994012,
        "f1-score": 0.8823529411764707,
        "support": 668
    },
    "macro avg": {
        "precision": 0.8690781362414173,
        "recall": 0.8586907273408921,
        "f1-score": 0.863478333879378,
        "support": 668
    },
    "weighted avg": {
        "precision": 0.8888920170362988,
        "recall": 0.875748502994012,
        "f1-score": 0.8821317616333516,
        "support": 668
    }
}