{
    "ACH": {
        "precision": 0.9034090909090909,
        "recall": 0.9137931034482759,
        "f1-score": 0.9085714285714287,
        "support": 174
    },
    "ATE": {
        "precision": 0.868421052631579,
        "recall": 0.9705882352941176,
        "f1-score": 0.9166666666666667,
        "support": 34
    },
    "BOR": {
        "precision": 0.7333333333333333,
        "recall": 0.8461538461538461,
        "f1-score": 0.7857142857142856,
        "support": 13
    },
    "CAL": {
        "precision": 0.9251700680272109,
        "recall": 0.9379310344827586,
        "f1-score": 0.9315068493150684,
        "support": 145
    },
    "LOC": {
        "precision": 0.8453038674033149,
        "recall": 0.8793103448275862,
        "f1-score": 0.8619718309859155,
        "support": 174
    },
    "TAM": {
        "precision": 0.8676470588235294,
        "recall": 0.921875,
        "f1-score": 0.893939393939394,
        "support": 128
    },
    "micro avg": {
        "precision": 0.8802308802308803,
        "recall": 0.9131736526946108,
        "f1-score": 0.896399706098457,
        "support": 668
    },
    "macro avg": {
        "precision": 0.8572140785213431,
        "recall": 0.9116085940344307,
        "f1-score": 0.8830617425321264,
        "support": 668
    },
    "weighted avg": {
        "precision": 0.8810541725486869,
        "recall": 0.9131736526946108,
        "f1-score": 0.8966290645491881,
        "support": 668
    }
}