{
    "ACH": {
        "precision": 0.8648648648648649,
        "recall": 0.9195402298850575,
        "f1-score": 0.8913649025069639,
        "support": 174
    },
    "ATE": {
        "precision": 0.868421052631579,
        "recall": 0.9705882352941176,
        "f1-score": 0.9166666666666667,
        "support": 34
    },
    "BOR": {
        "precision": 0.8461538461538461,
        "recall": 0.8461538461538461,
        "f1-score": 0.8461538461538461,
        "support": 13
    },
    "CAL": {
        "precision": 0.9133333333333333,
        "recall": 0.9448275862068966,
        "f1-score": 0.9288135593220338,
        "support": 145
    },
    "LOC": {
        "precision": 0.8579545454545454,
        "recall": 0.867816091954023,
        "f1-score": 0.8628571428571429,
        "support": 174
    },
    "TAM": {
        "precision": 0.8344827586206897,
        "recall": 0.9453125,
        "f1-score": 0.8864468864468863,
        "support": 128
    },
    "micro avg": {
        "precision": 0.867043847241867,
        "recall": 0.9176646706586826,
        "f1-score": 0.8916363636363636,
        "support": 668
    },
    "macro avg": {
        "precision": 0.8642017335098098,
        "recall": 0.9157064149156567,
        "f1-score": 0.8887171673255899,
        "support": 668
    },
    "weighted avg": {
        "precision": 0.8675808676973542,
        "recall": 0.9176646706586826,
        "f1-score": 0.8915336379145472,
        "support": 668
    }
}