{
    "ACH": {
        "precision": 0.7663551401869159,
        "recall": 0.9425287356321839,
        "f1-score": 0.845360824742268,
        "support": 174
    },
    "ATE": {
        "precision": 0.7368421052631579,
        "recall": 0.8235294117647058,
        "f1-score": 0.7777777777777778,
        "support": 34
    },
    "BOR": {
        "precision": 0.7857142857142857,
        "recall": 0.8461538461538461,
        "f1-score": 0.8148148148148148,
        "support": 13
    },
    "CAL": {
        "precision": 0.8475609756097561,
        "recall": 0.9586206896551724,
        "f1-score": 0.8996763754045307,
        "support": 145
    },
    "LOC": {
        "precision": 0.7871287128712872,
        "recall": 0.9137931034482759,
        "f1-score": 0.8457446808510638,
        "support": 174
    },
    "TAM": {
        "precision": 0.7393939393939394,
        "recall": 0.953125,
        "f1-score": 0.832764505119454,
        "support": 128
    },
    "micro avg": {
        "precision": 0.7816813048933501,
        "recall": 0.9326347305389222,
        "f1-score": 0.8505119453924915,
        "support": 668
    },
    "macro avg": {
        "precision": 0.7771658598398904,
        "recall": 0.9062917977756973,
        "f1-score": 0.836023163118318,
        "support": 668
    },
    "weighted avg": {
        "precision": 0.7831016069329332,
        "recall": 0.9326347305389222,
        "f1-score": 0.8508028833820716,
        "support": 668
    }
}