{
    "ACH": {
        "precision": 0.828125,
        "recall": 0.9137931034482759,
        "f1-score": 0.8688524590163935,
        "support": 174
    },
    "ATE": {
        "precision": 0.8611111111111112,
        "recall": 0.9117647058823529,
        "f1-score": 0.8857142857142858,
        "support": 34
    },
    "BOR": {
        "precision": 0.7857142857142857,
        "recall": 0.8461538461538461,
        "f1-score": 0.8148148148148148,
        "support": 13
    },
    "CAL": {
        "precision": 0.8616352201257862,
        "recall": 0.9448275862068966,
        "f1-score": 0.9013157894736843,
        "support": 145
    },
    "LOC": {
        "precision": 0.8010752688172043,
        "recall": 0.8563218390804598,
        "f1-score": 0.8277777777777777,
        "support": 174
    },
    "TAM": {
        "precision": 0.8102189781021898,
        "recall": 0.8671875,
        "f1-score": 0.8377358490566038,
        "support": 128
    },
    "micro avg": {
        "precision": 0.8259668508287292,
        "recall": 0.8952095808383234,
        "f1-score": 0.8591954022988506,
        "support": 668
    },
    "macro avg": {
        "precision": 0.8246466439784296,
        "recall": 0.8900080967953051,
        "f1-score": 0.85603516264226,
        "support": 668
    },
    "weighted avg": {
        "precision": 0.8257755185352939,
        "recall": 0.8952095808383234,
        "f1-score": 0.859044188116757,
        "support": 668
    }
}