{
    "ACH": {
        "precision": 0.9408284023668639,
        "recall": 0.9137931034482759,
        "f1-score": 0.9271137026239068,
        "support": 174
    },
    "ATE": {
        "precision": 0.9629629629629629,
        "recall": 0.8666666666666667,
        "f1-score": 0.912280701754386,
        "support": 30
    },
    "BOR": {
        "precision": 0.7333333333333333,
        "recall": 0.5789473684210527,
        "f1-score": 0.6470588235294117,
        "support": 19
    },
    "CAL": {
        "precision": 0.9855072463768116,
        "recall": 0.951048951048951,
        "f1-score": 0.9679715302491103,
        "support": 143
    },
    "LOC": {
        "precision": 0.8780487804878049,
        "recall": 0.8323699421965318,
        "f1-score": 0.85459940652819,
        "support": 173
    },
    "TAM": {
        "precision": 0.896,
        "recall": 0.8484848484848485,
        "f1-score": 0.8715953307392996,
        "support": 132
    },
    "micro avg": {
        "precision": 0.9216300940438872,
        "recall": 0.8763040238450075,
        "f1-score": 0.8983957219251336,
        "support": 671
    },
    "macro avg": {
        "precision": 0.8994467875879627,
        "recall": 0.8318851467110545,
        "f1-score": 0.8634365825707174,
        "support": 671
    },
    "weighted avg": {
        "precision": 0.9204595223402844,
        "recall": 0.8763040238450075,
        "f1-score": 0.8976103319952868,
        "support": 671
    },
    "training_time": 215.86385917663574
}