{
    "ACH": {
        "precision": 0.8972972972972973,
        "recall": 0.9540229885057471,
        "f1-score": 0.9247910863509748,
        "support": 174
    },
    "ATE": {
        "precision": 0.8928571428571429,
        "recall": 0.8333333333333334,
        "f1-score": 0.8620689655172413,
        "support": 30
    },
    "BOR": {
        "precision": 0.7222222222222222,
        "recall": 0.6842105263157895,
        "f1-score": 0.7027027027027027,
        "support": 19
    },
    "CAL": {
        "precision": 0.9319727891156463,
        "recall": 0.958041958041958,
        "f1-score": 0.9448275862068966,
        "support": 143
    },
    "LOC": {
        "precision": 0.8148148148148148,
        "recall": 0.8901734104046243,
        "f1-score": 0.8508287292817679,
        "support": 173
    },
    "TAM": {
        "precision": 0.8129032258064516,
        "recall": 0.9545454545454546,
        "f1-score": 0.8780487804878049,
        "support": 132
    },
    "micro avg": {
        "precision": 0.8601108033240997,
        "recall": 0.9254843517138599,
        "f1-score": 0.8916008614501076,
        "support": 671
    },
    "macro avg": {
        "precision": 0.845344582018929,
        "recall": 0.8790546118578177,
        "f1-score": 0.860544641757898,
        "support": 671
    },
    "weighted avg": {
        "precision": 0.8616631353958542,
        "recall": 0.9254843517138599,
        "f1-score": 0.8917037605956192,
        "support": 671
    },
    "training_time": 256.201354265213
}