{
    "ACH": {
        "precision": 0.9221556886227545,
        "recall": 0.8850574712643678,
        "f1-score": 0.903225806451613,
        "support": 174
    },
    "ATE": {
        "precision": 0.9285714285714286,
        "recall": 0.8666666666666667,
        "f1-score": 0.896551724137931,
        "support": 30
    },
    "BOR": {
        "precision": 0.7857142857142857,
        "recall": 0.5789473684210527,
        "f1-score": 0.6666666666666667,
        "support": 19
    },
    "CAL": {
        "precision": 0.9629629629629629,
        "recall": 0.9090909090909091,
        "f1-score": 0.935251798561151,
        "support": 143
    },
    "LOC": {
        "precision": 0.88,
        "recall": 0.7630057803468208,
        "f1-score": 0.8173374613003096,
        "support": 173
    },
    "TAM": {
        "precision": 0.8914728682170543,
        "recall": 0.8712121212121212,
        "f1-score": 0.8812260536398466,
        "support": 132
    },
    "micro avg": {
        "precision": 0.9117174959871589,
        "recall": 0.8464977645305514,
        "f1-score": 0.8778979907264296,
        "support": 671
    },
    "macro avg": {
        "precision": 0.8951462056814142,
        "recall": 0.8123300528336563,
        "f1-score": 0.8500432517929196,
        "support": 671
    },
    "weighted avg": {
        "precision": 0.9103709782629336,
        "recall": 0.8464977645305514,
        "f1-score": 0.8765823186185443,
        "support": 671
    },
    "training_time": 346.936199426651
}