{
    "ACH": {
        "precision": 0.9216867469879518,
        "recall": 0.8793103448275862,
        "f1-score": 0.9,
        "support": 174
    },
    "ATE": {
        "precision": 0.9565217391304348,
        "recall": 0.7333333333333333,
        "f1-score": 0.8301886792452831,
        "support": 30
    },
    "BOR": {
        "precision": 0.5625,
        "recall": 0.47368421052631576,
        "f1-score": 0.5142857142857142,
        "support": 19
    },
    "CAL": {
        "precision": 0.9772727272727273,
        "recall": 0.9020979020979021,
        "f1-score": 0.9381818181818181,
        "support": 143
    },
    "LOC": {
        "precision": 0.8757763975155279,
        "recall": 0.815028901734104,
        "f1-score": 0.844311377245509,
        "support": 173
    },
    "TAM": {
        "precision": 0.9112903225806451,
        "recall": 0.8560606060606061,
        "f1-score": 0.8828125,
        "support": 132
    },
    "micro avg": {
        "precision": 0.9115755627009646,
        "recall": 0.8450074515648286,
        "f1-score": 0.877030162412993,
        "support": 671
    },
    "macro avg": {
        "precision": 0.8675079889145478,
        "recall": 0.7765858830966413,
        "f1-score": 0.8182966814930541,
        "support": 671
    },
    "weighted avg": {
        "precision": 0.9110376833094608,
        "recall": 0.8450074515648286,
        "f1-score": 0.8763550032969599,
        "support": 671
    },
    "training_time": 238.73384714126587
}