{
    "ACH": {
        "precision": 0.9556962025316456,
        "recall": 0.867816091954023,
        "f1-score": 0.9096385542168675,
        "support": 174
    },
    "ATE": {
        "precision": 0.92,
        "recall": 0.7666666666666667,
        "f1-score": 0.8363636363636363,
        "support": 30
    },
    "BOR": {
        "precision": 0.9285714285714286,
        "recall": 0.6842105263157895,
        "f1-score": 0.7878787878787878,
        "support": 19
    },
    "CAL": {
        "precision": 0.9849624060150376,
        "recall": 0.916083916083916,
        "f1-score": 0.9492753623188405,
        "support": 143
    },
    "LOC": {
        "precision": 0.8827160493827161,
        "recall": 0.8265895953757225,
        "f1-score": 0.853731343283582,
        "support": 173
    },
    "TAM": {
        "precision": 0.905511811023622,
        "recall": 0.8712121212121212,
        "f1-score": 0.888030888030888,
        "support": 132
    },
    "micro avg": {
        "precision": 0.9305331179321487,
        "recall": 0.8584202682563339,
        "f1-score": 0.8930232558139535,
        "support": 671
    },
    "macro avg": {
        "precision": 0.929576316254075,
        "recall": 0.8220964862680398,
        "f1-score": 0.8708197620154335,
        "support": 671
    },
    "weighted avg": {
        "precision": 0.9308808584826257,
        "recall": 0.8584202682563339,
        "f1-score": 0.8926970058331923,
        "support": 671
    },
    "training_time": 266.1774868965149
}