{
    "ACH": {
        "precision": 0.9473684210526315,
        "recall": 0.8275862068965517,
        "f1-score": 0.8834355828220859,
        "support": 174
    },
    "ATE": {
        "precision": 0.9285714285714286,
        "recall": 0.8666666666666667,
        "f1-score": 0.896551724137931,
        "support": 30
    },
    "BOR": {
        "precision": 0.7333333333333333,
        "recall": 0.5789473684210527,
        "f1-score": 0.6470588235294117,
        "support": 19
    },
    "CAL": {
        "precision": 0.9618320610687023,
        "recall": 0.8811188811188811,
        "f1-score": 0.9197080291970803,
        "support": 143
    },
    "LOC": {
        "precision": 0.9027777777777778,
        "recall": 0.7514450867052023,
        "f1-score": 0.8201892744479494,
        "support": 173
    },
    "TAM": {
        "precision": 0.925,
        "recall": 0.8409090909090909,
        "f1-score": 0.8809523809523809,
        "support": 132
    },
    "micro avg": {
        "precision": 0.9288135593220339,
        "recall": 0.8166915052160953,
        "f1-score": 0.8691514670896114,
        "support": 671
    },
    "macro avg": {
        "precision": 0.8998138369673123,
        "recall": 0.7911122167862409,
        "f1-score": 0.8413159691811399,
        "support": 671
    },
    "weighted avg": {
        "precision": 0.9276529385126886,
        "recall": 0.8166915052160953,
        "f1-score": 0.8682640353541455,
        "support": 671
    },
    "training_time": 346.66115522384644
}