{
    "ACH": {
        "precision": 0.9011627906976745,
        "recall": 0.8908045977011494,
        "f1-score": 0.8959537572254336,
        "support": 174
    },
    "ATE": {
        "precision": 0.9230769230769231,
        "recall": 0.8,
        "f1-score": 0.8571428571428571,
        "support": 30
    },
    "BOR": {
        "precision": 0.7692307692307693,
        "recall": 0.5263157894736842,
        "f1-score": 0.625,
        "support": 19
    },
    "CAL": {
        "precision": 0.9696969696969697,
        "recall": 0.8951048951048951,
        "f1-score": 0.930909090909091,
        "support": 143
    },
    "LOC": {
        "precision": 0.8888888888888888,
        "recall": 0.7861271676300579,
        "f1-score": 0.8343558282208589,
        "support": 173
    },
    "TAM": {
        "precision": 0.8527131782945736,
        "recall": 0.8333333333333334,
        "f1-score": 0.842911877394636,
        "support": 132
    },
    "micro avg": {
        "precision": 0.9008,
        "recall": 0.8390461997019374,
        "f1-score": 0.8688271604938271,
        "support": 671
    },
    "macro avg": {
        "precision": 0.8841282533142998,
        "recall": 0.7886142972071867,
        "f1-score": 0.8310455684821462,
        "support": 671
    },
    "weighted avg": {
        "precision": 0.900316843321037,
        "recall": 0.8390461997019374,
        "f1-score": 0.8676798294632068,
        "support": 671
    },
    "training_time": 248.30132746696472
}