{
    "ACH": {
        "precision": 0.8702702702702703,
        "recall": 0.9252873563218391,
        "f1-score": 0.8969359331476323,
        "support": 174
    },
    "ATE": {
        "precision": 0.8125,
        "recall": 0.8666666666666667,
        "f1-score": 0.8387096774193549,
        "support": 30
    },
    "BOR": {
        "precision": 0.625,
        "recall": 0.5263157894736842,
        "f1-score": 0.5714285714285714,
        "support": 19
    },
    "CAL": {
        "precision": 0.9300699300699301,
        "recall": 0.9300699300699301,
        "f1-score": 0.9300699300699301,
        "support": 143
    },
    "LOC": {
        "precision": 0.8248587570621468,
        "recall": 0.8439306358381503,
        "f1-score": 0.8342857142857143,
        "support": 173
    },
    "TAM": {
        "precision": 0.8529411764705882,
        "recall": 0.8787878787878788,
        "f1-score": 0.8656716417910447,
        "support": 132
    },
    "micro avg": {
        "precision": 0.8592162554426706,
        "recall": 0.8822652757078987,
        "f1-score": 0.8705882352941177,
        "support": 671
    },
    "macro avg": {
        "precision": 0.8192733556454891,
        "recall": 0.8285097095263582,
        "f1-score": 0.8228502446903746,
        "support": 671
    },
    "weighted avg": {
        "precision": 0.8583693402278632,
        "recall": 0.8822652757078987,
        "f1-score": 0.8698738760585067,
        "support": 671
    },
    "training_time": 266.19197964668274
}