{
    "ACH": {
        "precision": 0.930635838150289,
        "recall": 0.9252873563218391,
        "f1-score": 0.9279538904899136,
        "support": 174
    },
    "ATE": {
        "precision": 0.8666666666666667,
        "recall": 0.8666666666666667,
        "f1-score": 0.8666666666666667,
        "support": 30
    },
    "BOR": {
        "precision": 0.7857142857142857,
        "recall": 0.5789473684210527,
        "f1-score": 0.6666666666666667,
        "support": 19
    },
    "CAL": {
        "precision": 0.9637681159420289,
        "recall": 0.9300699300699301,
        "f1-score": 0.9466192170818506,
        "support": 143
    },
    "LOC": {
        "precision": 0.8950617283950617,
        "recall": 0.838150289017341,
        "f1-score": 0.8656716417910448,
        "support": 173
    },
    "TAM": {
        "precision": 0.9026548672566371,
        "recall": 0.7727272727272727,
        "f1-score": 0.8326530612244899,
        "support": 132
    },
    "micro avg": {
        "precision": 0.9174603174603174,
        "recall": 0.8614008941877794,
        "f1-score": 0.8885472713297463,
        "support": 671
    },
    "macro avg": {
        "precision": 0.8907502503541616,
        "recall": 0.8186414805373503,
        "f1-score": 0.8510385239867722,
        "support": 671
    },
    "weighted avg": {
        "precision": 0.9160568842573078,
        "recall": 0.8614008941877794,
        "f1-score": 0.8869874661193736,
        "support": 671
    },
    "training_time": 322.19132566452026
}