{
    "ACH": {
        "precision": 0.9130434782608695,
        "recall": 0.8448275862068966,
        "f1-score": 0.8776119402985074,
        "support": 174
    },
    "ATE": {
        "precision": 0.9629629629629629,
        "recall": 0.8666666666666667,
        "f1-score": 0.912280701754386,
        "support": 30
    },
    "BOR": {
        "precision": 0.6666666666666666,
        "recall": 0.42105263157894735,
        "f1-score": 0.5161290322580646,
        "support": 19
    },
    "CAL": {
        "precision": 0.9770992366412213,
        "recall": 0.8951048951048951,
        "f1-score": 0.9343065693430658,
        "support": 143
    },
    "LOC": {
        "precision": 0.8313953488372093,
        "recall": 0.8265895953757225,
        "f1-score": 0.8289855072463768,
        "support": 173
    },
    "TAM": {
        "precision": 0.8778625954198473,
        "recall": 0.8712121212121212,
        "f1-score": 0.8745247148288973,
        "support": 132
    },
    "micro avg": {
        "precision": 0.8943217665615142,
        "recall": 0.8450074515648286,
        "f1-score": 0.8689655172413792,
        "support": 671
    },
    "macro avg": {
        "precision": 0.8715050481314628,
        "recall": 0.7875755826908749,
        "f1-score": 0.8239730776215497,
        "support": 671
    },
    "weighted avg": {
        "precision": 0.8939784941235448,
        "recall": 0.8450074515648286,
        "f1-score": 0.8678642992616559,
        "support": 671
    },
    "training_time": 126.65247130393982
}