{
    "ACH": {
        "precision": 0.9310344827586207,
        "recall": 0.9310344827586207,
        "f1-score": 0.9310344827586207,
        "support": 174
    },
    "ATE": {
        "precision": 0.9259259259259259,
        "recall": 0.8333333333333334,
        "f1-score": 0.8771929824561403,
        "support": 30
    },
    "BOR": {
        "precision": 0.6428571428571429,
        "recall": 0.47368421052631576,
        "f1-score": 0.5454545454545454,
        "support": 19
    },
    "CAL": {
        "precision": 0.9645390070921985,
        "recall": 0.951048951048951,
        "f1-score": 0.9577464788732395,
        "support": 143
    },
    "LOC": {
        "precision": 0.8304093567251462,
        "recall": 0.8208092485549133,
        "f1-score": 0.8255813953488372,
        "support": 173
    },
    "TAM": {
        "precision": 0.8682170542635659,
        "recall": 0.8484848484848485,
        "f1-score": 0.8582375478927203,
        "support": 132
    },
    "micro avg": {
        "precision": 0.8932926829268293,
        "recall": 0.8733233979135618,
        "f1-score": 0.883195177091183,
        "support": 671
    },
    "macro avg": {
        "precision": 0.8604971616037665,
        "recall": 0.8097325124511637,
        "f1-score": 0.8325412387973506,
        "support": 671
    },
    "weighted avg": {
        "precision": 0.8914852628651101,
        "recall": 0.8733233979135618,
        "f1-score": 0.8818928614506435,
        "support": 671
    },
    "training_time": 154.3821668624878
}