{
    "ACH": {
        "precision": 0.9272727272727272,
        "recall": 0.8793103448275862,
        "f1-score": 0.902654867256637,
        "support": 174
    },
    "ATE": {
        "precision": 0.7352941176470589,
        "recall": 0.8333333333333334,
        "f1-score": 0.78125,
        "support": 30
    },
    "BOR": {
        "precision": 0.8571428571428571,
        "recall": 0.631578947368421,
        "f1-score": 0.7272727272727273,
        "support": 19
    },
    "CAL": {
        "precision": 0.9424460431654677,
        "recall": 0.916083916083916,
        "f1-score": 0.9290780141843971,
        "support": 143
    },
    "LOC": {
        "precision": 0.815028901734104,
        "recall": 0.815028901734104,
        "f1-score": 0.815028901734104,
        "support": 173
    },
    "TAM": {
        "precision": 0.8646616541353384,
        "recall": 0.8712121212121212,
        "f1-score": 0.8679245283018867,
        "support": 132
    },
    "micro avg": {
        "precision": 0.8768996960486323,
        "recall": 0.8599105812220567,
        "f1-score": 0.8683220466516178,
        "support": 671
    },
    "macro avg": {
        "precision": 0.8569743835162589,
        "recall": 0.824424594093247,
        "f1-score": 0.837201506458292,
        "support": 671
    },
    "weighted avg": {
        "precision": 0.8786812442311581,
        "recall": 0.8599105812220567,
        "f1-score": 0.868467693718412,
        "support": 671
    },
    "training_time": 223.12649416923523
}