{
    "ACH": {
        "precision": 0.8620689655172413,
        "recall": 0.8620689655172413,
        "f1-score": 0.8620689655172413,
        "support": 174
    },
    "ATE": {
        "precision": 0.6571428571428571,
        "recall": 0.7666666666666667,
        "f1-score": 0.7076923076923077,
        "support": 30
    },
    "BOR": {
        "precision": 0.7142857142857143,
        "recall": 0.5263157894736842,
        "f1-score": 0.6060606060606061,
        "support": 19
    },
    "CAL": {
        "precision": 1.0,
        "recall": 0.8391608391608392,
        "f1-score": 0.9125475285171103,
        "support": 143
    },
    "LOC": {
        "precision": 0.8511904761904762,
        "recall": 0.8265895953757225,
        "f1-score": 0.8387096774193549,
        "support": 173
    },
    "TAM": {
        "precision": 0.8613138686131386,
        "recall": 0.8939393939393939,
        "f1-score": 0.8773234200743494,
        "support": 132
    },
    "micro avg": {
        "precision": 0.8703703703703703,
        "recall": 0.8405365126676602,
        "f1-score": 0.8551933282789992,
        "support": 671
    },
    "macro avg": {
        "precision": 0.824333646958238,
        "recall": 0.7857902083555913,
        "f1-score": 0.8007337508801616,
        "support": 671
    },
    "weighted avg": {
        "precision": 0.875164079468854,
        "recall": 0.8405365126676602,
        "f1-score": 0.8556537749139046,
        "support": 671
    },
    "training_time": 136.92591214179993
}