{
    "ACH": {
        "precision": 0.9235294117647059,
        "recall": 0.9022988505747126,
        "f1-score": 0.9127906976744186,
        "support": 174
    },
    "ATE": {
        "precision": 0.9629629629629629,
        "recall": 0.8666666666666667,
        "f1-score": 0.912280701754386,
        "support": 30
    },
    "BOR": {
        "precision": 0.5333333333333333,
        "recall": 0.42105263157894735,
        "f1-score": 0.47058823529411764,
        "support": 19
    },
    "CAL": {
        "precision": 0.9640287769784173,
        "recall": 0.9370629370629371,
        "f1-score": 0.9503546099290779,
        "support": 143
    },
    "LOC": {
        "precision": 0.8571428571428571,
        "recall": 0.8323699421965318,
        "f1-score": 0.8445747800586509,
        "support": 173
    },
    "TAM": {
        "precision": 0.8666666666666667,
        "recall": 0.8863636363636364,
        "f1-score": 0.8764044943820225,
        "support": 132
    },
    "micro avg": {
        "precision": 0.8960244648318043,
        "recall": 0.8733233979135618,
        "f1-score": 0.8845283018867925,
        "support": 671
    },
    "macro avg": {
        "precision": 0.8512773348081571,
        "recall": 0.8076357774072386,
        "f1-score": 0.8278322531821122,
        "support": 671
    },
    "weighted avg": {
        "precision": 0.8945725324335455,
        "recall": 0.8733233979135618,
        "f1-score": 0.8835062866572286,
        "support": 671
    },
    "training_time": 165.28035140037537
}