{
    "ACH": {
        "precision": 0.9454545454545454,
        "recall": 0.896551724137931,
        "f1-score": 0.920353982300885,
        "support": 174
    },
    "ATE": {
        "precision": 0.9166666666666666,
        "recall": 0.7333333333333333,
        "f1-score": 0.8148148148148148,
        "support": 30
    },
    "BOR": {
        "precision": 0.8,
        "recall": 0.631578947368421,
        "f1-score": 0.7058823529411765,
        "support": 19
    },
    "CAL": {
        "precision": 0.9492753623188406,
        "recall": 0.916083916083916,
        "f1-score": 0.9323843416370106,
        "support": 143
    },
    "LOC": {
        "precision": 0.879746835443038,
        "recall": 0.8034682080924855,
        "f1-score": 0.8398791540785498,
        "support": 173
    },
    "TAM": {
        "precision": 0.9098360655737705,
        "recall": 0.8409090909090909,
        "f1-score": 0.8740157480314961,
        "support": 132
    },
    "micro avg": {
        "precision": 0.9180064308681672,
        "recall": 0.8509687034277198,
        "f1-score": 0.8832173240525909,
        "support": 671
    },
    "macro avg": {
        "precision": 0.9001632459094769,
        "recall": 0.803654203320863,
        "f1-score": 0.8478883989673222,
        "support": 671
    },
    "weighted avg": {
        "precision": 0.9169150982236487,
        "recall": 0.8509687034277198,
        "f1-score": 0.8822621986892994,
        "support": 671
    },
    "training_time": 203.18610215187073
}