{
    "ACH": {
        "precision": 0.9216867469879518,
        "recall": 0.8793103448275862,
        "f1-score": 0.9,
        "support": 174
    },
    "ATE": {
        "precision": 0.9285714285714286,
        "recall": 0.8666666666666667,
        "f1-score": 0.896551724137931,
        "support": 30
    },
    "BOR": {
        "precision": 0.7333333333333333,
        "recall": 0.5789473684210527,
        "f1-score": 0.6470588235294117,
        "support": 19
    },
    "CAL": {
        "precision": 0.9852941176470589,
        "recall": 0.9370629370629371,
        "f1-score": 0.960573476702509,
        "support": 143
    },
    "LOC": {
        "precision": 0.7880434782608695,
        "recall": 0.838150289017341,
        "f1-score": 0.8123249299719888,
        "support": 173
    },
    "TAM": {
        "precision": 0.8040540540540541,
        "recall": 0.9015151515151515,
        "f1-score": 0.85,
        "support": 132
    },
    "micro avg": {
        "precision": 0.8685376661742984,
        "recall": 0.8763040238450075,
        "f1-score": 0.8724035608308607,
        "support": 671
    },
    "macro avg": {
        "precision": 0.860163859809116,
        "recall": 0.8336087929184558,
        "f1-score": 0.8444181590569734,
        "support": 671
    },
    "weighted avg": {
        "precision": 0.8726195020330474,
        "recall": 0.8763040238450075,
        "f1-score": 0.8731518471308639,
        "support": 671
    },
    "training_time": 127.7635338306427
}