{
    "ACH": {
        "precision": 0.9127906976744186,
        "recall": 0.9022988505747126,
        "f1-score": 0.907514450867052,
        "support": 174
    },
    "ATE": {
        "precision": 0.9583333333333334,
        "recall": 0.7666666666666667,
        "f1-score": 0.8518518518518519,
        "support": 30
    },
    "BOR": {
        "precision": 0.7857142857142857,
        "recall": 0.5789473684210527,
        "f1-score": 0.6666666666666667,
        "support": 19
    },
    "CAL": {
        "precision": 0.9565217391304348,
        "recall": 0.9230769230769231,
        "f1-score": 0.9395017793594307,
        "support": 143
    },
    "LOC": {
        "precision": 0.8909090909090909,
        "recall": 0.8497109826589595,
        "f1-score": 0.8698224852071005,
        "support": 173
    },
    "TAM": {
        "precision": 0.8571428571428571,
        "recall": 0.9090909090909091,
        "f1-score": 0.8823529411764706,
        "support": 132
    },
    "micro avg": {
        "precision": 0.9035222052067381,
        "recall": 0.879284649776453,
        "f1-score": 0.891238670694864,
        "support": 671
    },
    "macro avg": {
        "precision": 0.8935686673174033,
        "recall": 0.8216319500815373,
        "f1-score": 0.8529516958547619,
        "support": 671
    },
    "weighted avg": {
        "precision": 0.9039595996865906,
        "recall": 0.879284649776453,
        "f1-score": 0.8903552448548588,
        "support": 671
    },
    "training_time": 149.46391940116882
}