{
    "ACH": {
        "precision": 0.9090909090909091,
        "recall": 0.9195402298850575,
        "f1-score": 0.9142857142857144,
        "support": 174
    },
    "ATE": {
        "precision": 0.8695652173913043,
        "recall": 0.6666666666666666,
        "f1-score": 0.7547169811320754,
        "support": 30
    },
    "BOR": {
        "precision": 0.7142857142857143,
        "recall": 0.5263157894736842,
        "f1-score": 0.6060606060606061,
        "support": 19
    },
    "CAL": {
        "precision": 0.9571428571428572,
        "recall": 0.9370629370629371,
        "f1-score": 0.9469964664310955,
        "support": 143
    },
    "LOC": {
        "precision": 0.8074866310160428,
        "recall": 0.8728323699421965,
        "f1-score": 0.8388888888888889,
        "support": 173
    },
    "TAM": {
        "precision": 0.851063829787234,
        "recall": 0.9090909090909091,
        "f1-score": 0.8791208791208791,
        "support": 132
    },
    "micro avg": {
        "precision": 0.8737151248164464,
        "recall": 0.886736214605067,
        "f1-score": 0.8801775147928994,
        "support": 671
    },
    "macro avg": {
        "precision": 0.8514391931190103,
        "recall": 0.8052514836869085,
        "f1-score": 0.8233449226532098,
        "support": 671
    },
    "weighted avg": {
        "precision": 0.8744370261462067,
        "recall": 0.886736214605067,
        "f1-score": 0.8790381576098487,
        "support": 671
    },
    "training_time": 204.18683910369873
}