{
    "ACH": {
        "precision": 0.9,
        "recall": 0.8793103448275862,
        "f1-score": 0.8895348837209301,
        "support": 174
    },
    "ATE": {
        "precision": 0.8571428571428571,
        "recall": 0.8,
        "f1-score": 0.8275862068965518,
        "support": 30
    },
    "BOR": {
        "precision": 0.75,
        "recall": 0.47368421052631576,
        "f1-score": 0.5806451612903226,
        "support": 19
    },
    "CAL": {
        "precision": 0.9565217391304348,
        "recall": 0.9230769230769231,
        "f1-score": 0.9395017793594307,
        "support": 143
    },
    "LOC": {
        "precision": 0.7258883248730964,
        "recall": 0.8265895953757225,
        "f1-score": 0.7729729729729728,
        "support": 173
    },
    "TAM": {
        "precision": 0.8378378378378378,
        "recall": 0.9393939393939394,
        "f1-score": 0.8857142857142858,
        "support": 132
    },
    "micro avg": {
        "precision": 0.8441558441558441,
        "recall": 0.8718330849478391,
        "f1-score": 0.8577712609970675,
        "support": 671
    },
    "macro avg": {
        "precision": 0.8378984598307043,
        "recall": 0.8070091688667479,
        "f1-score": 0.815992548325749,
        "support": 671
    },
    "weighted avg": {
        "precision": 0.8487632924106977,
        "recall": 0.8718330849478391,
        "f1-score": 0.8578633062978587,
        "support": 671
    },
    "training_time": 74.00735640525818
}