{
    "ACH": {
        "precision": 0.8054054054054054,
        "recall": 0.8563218390804598,
        "f1-score": 0.83008356545961,
        "support": 174
    },
    "ATE": {
        "precision": 0.9230769230769231,
        "recall": 0.8,
        "f1-score": 0.8571428571428571,
        "support": 30
    },
    "BOR": {
        "precision": 0.7692307692307693,
        "recall": 0.5263157894736842,
        "f1-score": 0.625,
        "support": 19
    },
    "CAL": {
        "precision": 0.9424460431654677,
        "recall": 0.916083916083916,
        "f1-score": 0.9290780141843971,
        "support": 143
    },
    "LOC": {
        "precision": 0.8245614035087719,
        "recall": 0.815028901734104,
        "f1-score": 0.8197674418604651,
        "support": 173
    },
    "TAM": {
        "precision": 0.8613138686131386,
        "recall": 0.8939393939393939,
        "f1-score": 0.8773234200743494,
        "support": 132
    },
    "micro avg": {
        "precision": 0.8539493293591655,
        "recall": 0.8539493293591655,
        "f1-score": 0.8539493293591656,
        "support": 671
    },
    "macro avg": {
        "precision": 0.8543390688334127,
        "recall": 0.8012816400519264,
        "f1-score": 0.8230658831202797,
        "support": 671
    },
    "weighted avg": {
        "precision": 0.8547847548209336,
        "recall": 0.8539493293591655,
        "f1-score": 0.8532167526442641,
        "support": 671
    },
    "training_time": 91.75009560585022
}