{
    "ACH": {
        "precision": 0.8659217877094972,
        "recall": 0.8908045977011494,
        "f1-score": 0.878186968838527,
        "support": 174
    },
    "ATE": {
        "precision": 0.9583333333333334,
        "recall": 0.7666666666666667,
        "f1-score": 0.8518518518518519,
        "support": 30
    },
    "BOR": {
        "precision": 0.65,
        "recall": 0.6842105263157895,
        "f1-score": 0.6666666666666667,
        "support": 19
    },
    "CAL": {
        "precision": 0.9290780141843972,
        "recall": 0.916083916083916,
        "f1-score": 0.9225352112676057,
        "support": 143
    },
    "LOC": {
        "precision": 0.8055555555555556,
        "recall": 0.838150289017341,
        "f1-score": 0.8215297450424929,
        "support": 173
    },
    "TAM": {
        "precision": 0.8625954198473282,
        "recall": 0.8560606060606061,
        "f1-score": 0.8593155893536122,
        "support": 132
    },
    "micro avg": {
        "precision": 0.8592592592592593,
        "recall": 0.8643815201192251,
        "f1-score": 0.8618127786032689,
        "support": 671
    },
    "macro avg": {
        "precision": 0.8452473517716853,
        "recall": 0.8253294336409116,
        "f1-score": 0.833347672170126,
        "support": 671
    },
    "weighted avg": {
        "precision": 0.8611807058431888,
        "recall": 0.8643815201192251,
        "f1-score": 0.8621514064059934,
        "support": 671
    },
    "training_time": 135.08087134361267
}