{
    "ACH": {
        "precision": 0.8848484848484849,
        "recall": 0.8390804597701149,
        "f1-score": 0.8613569321533924,
        "support": 174
    },
    "ATE": {
        "precision": 0.8846153846153846,
        "recall": 0.7666666666666667,
        "f1-score": 0.8214285714285715,
        "support": 30
    },
    "BOR": {
        "precision": 0.75,
        "recall": 0.47368421052631576,
        "f1-score": 0.5806451612903226,
        "support": 19
    },
    "CAL": {
        "precision": 0.9777777777777777,
        "recall": 0.9230769230769231,
        "f1-score": 0.9496402877697843,
        "support": 143
    },
    "LOC": {
        "precision": 0.8846153846153846,
        "recall": 0.7976878612716763,
        "f1-score": 0.8389057750759878,
        "support": 173
    },
    "TAM": {
        "precision": 0.8188405797101449,
        "recall": 0.8560606060606061,
        "f1-score": 0.837037037037037,
        "support": 132
    },
    "micro avg": {
        "precision": 0.8876582278481012,
        "recall": 0.8360655737704918,
        "f1-score": 0.8610897927858788,
        "support": 671
    },
    "macro avg": {
        "precision": 0.8667829352611961,
        "recall": 0.7760427878953838,
        "f1-score": 0.8148356274591827,
        "support": 671
    },
    "weighted avg": {
        "precision": 0.8877790434940698,
        "recall": 0.8360655737704918,
        "f1-score": 0.8598649337260469,
        "support": 671
    },
    "training_time": 75.10947394371033
}