{
    "ACH": {
        "precision": 0.9477124183006536,
        "recall": 0.8333333333333334,
        "f1-score": 0.8868501529051989,
        "support": 174
    },
    "ATE": {
        "precision": 0.8928571428571429,
        "recall": 0.8333333333333334,
        "f1-score": 0.8620689655172413,
        "support": 30
    },
    "BOR": {
        "precision": 0.9230769230769231,
        "recall": 0.631578947368421,
        "f1-score": 0.7499999999999999,
        "support": 19
    },
    "CAL": {
        "precision": 0.9772727272727273,
        "recall": 0.9020979020979021,
        "f1-score": 0.9381818181818181,
        "support": 143
    },
    "LOC": {
        "precision": 0.8363636363636363,
        "recall": 0.7976878612716763,
        "f1-score": 0.8165680473372781,
        "support": 173
    },
    "TAM": {
        "precision": 0.8870967741935484,
        "recall": 0.8333333333333334,
        "f1-score": 0.859375,
        "support": 132
    },
    "micro avg": {
        "precision": 0.9089430894308943,
        "recall": 0.8330849478390462,
        "f1-score": 0.8693623639191291,
        "support": 671
    },
    "macro avg": {
        "precision": 0.9107299370107719,
        "recall": 0.8052274517896666,
        "f1-score": 0.8521739973235894,
        "support": 671
    },
    "weighted avg": {
        "precision": 0.910229239780845,
        "recall": 0.8330849478390462,
        "f1-score": 0.8692813230407912,
        "support": 671
    },
    "training_time": 93.36015844345093
}