{
    "ACH": {
        "precision": 0.8833333333333333,
        "recall": 0.9137931034482759,
        "f1-score": 0.8983050847457628,
        "support": 174
    },
    "ATE": {
        "precision": 0.9615384615384616,
        "recall": 0.8333333333333334,
        "f1-score": 0.8928571428571429,
        "support": 30
    },
    "BOR": {
        "precision": 0.6470588235294118,
        "recall": 0.5789473684210527,
        "f1-score": 0.6111111111111113,
        "support": 19
    },
    "CAL": {
        "precision": 0.950354609929078,
        "recall": 0.9370629370629371,
        "f1-score": 0.943661971830986,
        "support": 143
    },
    "LOC": {
        "precision": 0.8165680473372781,
        "recall": 0.7976878612716763,
        "f1-score": 0.8070175438596492,
        "support": 173
    },
    "TAM": {
        "precision": 0.825503355704698,
        "recall": 0.9318181818181818,
        "f1-score": 0.8754448398576513,
        "support": 132
    },
    "micro avg": {
        "precision": 0.8651026392961877,
        "recall": 0.879284649776453,
        "f1-score": 0.8721359940872137,
        "support": 671
    },
    "macro avg": {
        "precision": 0.8473927718953768,
        "recall": 0.8321071308925762,
        "f1-score": 0.8380662823770505,
        "support": 671
    },
    "weighted avg": {
        "precision": 0.8658326316772581,
        "recall": 0.879284649776453,
        "f1-score": 0.8715623339245133,
        "support": 671
    },
    "training_time": 136.16858410835266
}