{
    "ACH": {
        "precision": 0.8241758241758241,
        "recall": 0.8620689655172413,
        "f1-score": 0.8426966292134831,
        "support": 174
    },
    "ATE": {
        "precision": 0.8928571428571429,
        "recall": 0.8333333333333334,
        "f1-score": 0.8620689655172413,
        "support": 30
    },
    "BOR": {
        "precision": 0.8181818181818182,
        "recall": 0.47368421052631576,
        "f1-score": 0.6,
        "support": 19
    },
    "CAL": {
        "precision": 0.9485294117647058,
        "recall": 0.9020979020979021,
        "f1-score": 0.9247311827956989,
        "support": 143
    },
    "LOC": {
        "precision": 0.7885714285714286,
        "recall": 0.7976878612716763,
        "f1-score": 0.7931034482758622,
        "support": 173
    },
    "TAM": {
        "precision": 0.8188405797101449,
        "recall": 0.8560606060606061,
        "f1-score": 0.837037037037037,
        "support": 132
    },
    "micro avg": {
        "precision": 0.8417910447761194,
        "recall": 0.8405365126676602,
        "f1-score": 0.8411633109619687,
        "support": 671
    },
    "macro avg": {
        "precision": 0.8485260342101774,
        "recall": 0.7874888131345125,
        "f1-score": 0.8099395438065539,
        "support": 671
    },
    "weighted avg": {
        "precision": 0.843349153181388,
        "recall": 0.8405365126676602,
        "f1-score": 0.8402736617422673,
        "support": 671
    },
    "training_time": 78.10518264770508
}