{
    "ACH": {
        "precision": 0.8757062146892656,
        "recall": 0.8908045977011494,
        "f1-score": 0.8831908831908831,
        "support": 174
    },
    "ATE": {
        "precision": 0.84375,
        "recall": 0.9,
        "f1-score": 0.870967741935484,
        "support": 30
    },
    "BOR": {
        "precision": 0.6666666666666666,
        "recall": 0.5263157894736842,
        "f1-score": 0.5882352941176471,
        "support": 19
    },
    "CAL": {
        "precision": 0.9375,
        "recall": 0.9440559440559441,
        "f1-score": 0.9407665505226481,
        "support": 143
    },
    "LOC": {
        "precision": 0.8238636363636364,
        "recall": 0.838150289017341,
        "f1-score": 0.830945558739255,
        "support": 173
    },
    "TAM": {
        "precision": 0.8666666666666667,
        "recall": 0.8863636363636364,
        "f1-score": 0.8764044943820225,
        "support": 132
    },
    "micro avg": {
        "precision": 0.8674521354933726,
        "recall": 0.8777943368107303,
        "f1-score": 0.8725925925925927,
        "support": 671
    },
    "macro avg": {
        "precision": 0.8356921973977057,
        "recall": 0.8309483761019593,
        "f1-score": 0.8317517538146566,
        "support": 671
    },
    "weighted avg": {
        "precision": 0.8663829465178956,
        "recall": 0.8777943368107303,
        "f1-score": 0.8717575382512224,
        "support": 671
    },
    "training_time": 96.65808749198914
}