{
    "ACH": {
        "precision": 0.9112426035502958,
        "recall": 0.8850574712643678,
        "f1-score": 0.8979591836734694,
        "support": 174
    },
    "ATE": {
        "precision": 0.8636363636363636,
        "recall": 0.6333333333333333,
        "f1-score": 0.7307692307692307,
        "support": 30
    },
    "BOR": {
        "precision": 0.7333333333333333,
        "recall": 0.5789473684210527,
        "f1-score": 0.6470588235294117,
        "support": 19
    },
    "CAL": {
        "precision": 0.9703703703703703,
        "recall": 0.916083916083916,
        "f1-score": 0.9424460431654677,
        "support": 143
    },
    "LOC": {
        "precision": 0.8484848484848485,
        "recall": 0.8092485549132948,
        "f1-score": 0.8284023668639054,
        "support": 173
    },
    "TAM": {
        "precision": 0.896,
        "recall": 0.8484848484848485,
        "f1-score": 0.8715953307392996,
        "support": 132
    },
    "micro avg": {
        "precision": 0.8985736925515055,
        "recall": 0.8450074515648286,
        "f1-score": 0.8709677419354838,
        "support": 671
    },
    "macro avg": {
        "precision": 0.870511253229202,
        "recall": 0.7785259154168022,
        "f1-score": 0.819705163123464,
        "support": 671
    },
    "weighted avg": {
        "precision": 0.8974984784068815,
        "recall": 0.8450074515648286,
        "f1-score": 0.8697407896080842,
        "support": 671
    },
    "training_time": 140.84585738182068
}