{
    "ACH": {
        "precision": 0.9454545454545454,
        "recall": 0.896551724137931,
        "f1-score": 0.920353982300885,
        "support": 174
    },
    "ATE": {
        "precision": 0.92,
        "recall": 0.7666666666666667,
        "f1-score": 0.8363636363636363,
        "support": 30
    },
    "BOR": {
        "precision": 0.625,
        "recall": 0.5263157894736842,
        "f1-score": 0.5714285714285714,
        "support": 19
    },
    "CAL": {
        "precision": 0.9922480620155039,
        "recall": 0.8951048951048951,
        "f1-score": 0.9411764705882353,
        "support": 143
    },
    "LOC": {
        "precision": 0.8895705521472392,
        "recall": 0.838150289017341,
        "f1-score": 0.863095238095238,
        "support": 173
    },
    "TAM": {
        "precision": 0.8947368421052632,
        "recall": 0.9015151515151515,
        "f1-score": 0.8981132075471697,
        "support": 132
    },
    "micro avg": {
        "precision": 0.9207606973058637,
        "recall": 0.8658718330849479,
        "f1-score": 0.8924731182795699,
        "support": 671
    },
    "macro avg": {
        "precision": 0.8778350002870918,
        "recall": 0.8040507526526115,
        "f1-score": 0.8384218510539561,
        "support": 671
    },
    "weighted avg": {
        "precision": 0.9208294075360284,
        "recall": 0.8658718330849479,
        "f1-score": 0.892018330475747,
        "support": 671
    },
    "training_time": 656.5206224918365
}