{
    "ACH": {
        "precision": 0.9518716577540107,
        "recall": 0.9319371727748691,
        "f1-score": 0.9417989417989419,
        "support": 191
    },
    "ATE": {
        "precision": 0.9230769230769231,
        "recall": 0.8571428571428571,
        "f1-score": 0.888888888888889,
        "support": 42
    },
    "BOR": {
        "precision": 0.8888888888888888,
        "recall": 0.4444444444444444,
        "f1-score": 0.5925925925925926,
        "support": 18
    },
    "CAL": {
        "precision": 0.967741935483871,
        "recall": 0.9433962264150944,
        "f1-score": 0.9554140127388535,
        "support": 159
    },
    "LOC": {
        "precision": 0.8770949720670391,
        "recall": 0.8092783505154639,
        "f1-score": 0.8418230563002681,
        "support": 194
    },
    "TAM": {
        "precision": 0.9459459459459459,
        "recall": 0.9032258064516129,
        "f1-score": 0.9240924092409241,
        "support": 155
    },
    "micro avg": {
        "precision": 0.9330543933054394,
        "recall": 0.8814229249011858,
        "f1-score": 0.9065040650406504,
        "support": 759
    },
    "macro avg": {
        "precision": 0.9257700538694463,
        "recall": 0.8149041429573903,
        "f1-score": 0.8574349835934115,
        "support": 759
    },
    "weighted avg": {
        "precision": 0.9317862073054143,
        "recall": 0.8814229249011858,
        "f1-score": 0.904271966091793,
        "support": 759
    },
    "training_time": 209.63889908790588
}