{
    "ACH": {
        "precision": 0.9523809523809523,
        "recall": 0.9424083769633508,
        "f1-score": 0.9473684210526315,
        "support": 191
    },
    "ATE": {
        "precision": 0.95,
        "recall": 0.9047619047619048,
        "f1-score": 0.9268292682926829,
        "support": 42
    },
    "BOR": {
        "precision": 0.9,
        "recall": 0.5,
        "f1-score": 0.6428571428571429,
        "support": 18
    },
    "CAL": {
        "precision": 0.9386503067484663,
        "recall": 0.9622641509433962,
        "f1-score": 0.9503105590062112,
        "support": 159
    },
    "LOC": {
        "precision": 0.8291457286432161,
        "recall": 0.8505154639175257,
        "f1-score": 0.8396946564885496,
        "support": 194
    },
    "TAM": {
        "precision": 0.9333333333333333,
        "recall": 0.9032258064516129,
        "f1-score": 0.9180327868852459,
        "support": 155
    },
    "micro avg": {
        "precision": 0.9121171770972037,
        "recall": 0.9025032938076416,
        "f1-score": 0.9072847682119205,
        "support": 759
    },
    "macro avg": {
        "precision": 0.917251720184328,
        "recall": 0.8438626171729652,
        "f1-score": 0.8708488057637439,
        "support": 759
    },
    "weighted avg": {
        "precision": 0.912741895522027,
        "recall": 0.9025032938076416,
        "f1-score": 0.9061144274950635,
        "support": 759
    },
    "training_time": 233.29766201972961
}