{
    "ACH": {
        "precision": 0.8975609756097561,
        "recall": 0.9633507853403142,
        "f1-score": 0.9292929292929293,
        "support": 191
    },
    "ATE": {
        "precision": 0.8809523809523809,
        "recall": 0.8809523809523809,
        "f1-score": 0.8809523809523809,
        "support": 42
    },
    "BOR": {
        "precision": 0.7777777777777778,
        "recall": 0.3888888888888889,
        "f1-score": 0.5185185185185185,
        "support": 18
    },
    "CAL": {
        "precision": 0.9567901234567902,
        "recall": 0.9748427672955975,
        "f1-score": 0.9657320872274143,
        "support": 159
    },
    "LOC": {
        "precision": 0.835820895522388,
        "recall": 0.865979381443299,
        "f1-score": 0.8506329113924052,
        "support": 194
    },
    "TAM": {
        "precision": 0.8520710059171598,
        "recall": 0.9290322580645162,
        "f1-score": 0.888888888888889,
        "support": 155
    },
    "micro avg": {
        "precision": 0.881979695431472,
        "recall": 0.9156785243741765,
        "f1-score": 0.898513251454428,
        "support": 759
    },
    "macro avg": {
        "precision": 0.8668288598727086,
        "recall": 0.8338410769974994,
        "f1-score": 0.8390029527120895,
        "support": 759
    },
    "weighted avg": {
        "precision": 0.8811383868505878,
        "recall": 0.9156785243741765,
        "f1-score": 0.8961531584787169,
        "support": 759
    },
    "training_time": 302.28482580184937
}