{
    "ACH": {
        "precision": 0.9378238341968912,
        "recall": 0.9476439790575916,
        "f1-score": 0.9427083333333334,
        "support": 191
    },
    "ATE": {
        "precision": 0.875,
        "recall": 0.8333333333333334,
        "f1-score": 0.8536585365853658,
        "support": 42
    },
    "BOR": {
        "precision": 0.7857142857142857,
        "recall": 0.6111111111111112,
        "f1-score": 0.6875000000000001,
        "support": 18
    },
    "CAL": {
        "precision": 0.9506172839506173,
        "recall": 0.9685534591194969,
        "f1-score": 0.9595015576323987,
        "support": 159
    },
    "LOC": {
        "precision": 0.8783068783068783,
        "recall": 0.8556701030927835,
        "f1-score": 0.8668407310704961,
        "support": 194
    },
    "TAM": {
        "precision": 0.9230769230769231,
        "recall": 0.9290322580645162,
        "f1-score": 0.9260450160771705,
        "support": 155
    },
    "micro avg": {
        "precision": 0.916445623342175,
        "recall": 0.9104084321475626,
        "f1-score": 0.913417052214144,
        "support": 759
    },
    "macro avg": {
        "precision": 0.8917565342075994,
        "recall": 0.8575573739631387,
        "f1-score": 0.8727090291164608,
        "support": 759
    },
    "weighted avg": {
        "precision": 0.9151960673136613,
        "recall": 0.9104084321475626,
        "f1-score": 0.912451616846431,
        "support": 759
    },
    "training_time": 213.65527510643005
}