{
    "ACH": {
        "precision": 0.905940594059406,
        "recall": 0.9581151832460733,
        "f1-score": 0.9312977099236641,
        "support": 191
    },
    "ATE": {
        "precision": 0.8809523809523809,
        "recall": 0.8809523809523809,
        "f1-score": 0.8809523809523809,
        "support": 42
    },
    "BOR": {
        "precision": 0.8181818181818182,
        "recall": 0.5,
        "f1-score": 0.6206896551724137,
        "support": 18
    },
    "CAL": {
        "precision": 0.9333333333333333,
        "recall": 0.9685534591194969,
        "f1-score": 0.9506172839506173,
        "support": 159
    },
    "LOC": {
        "precision": 0.8076923076923077,
        "recall": 0.865979381443299,
        "f1-score": 0.8358208955223881,
        "support": 194
    },
    "TAM": {
        "precision": 0.8258426966292135,
        "recall": 0.9483870967741935,
        "f1-score": 0.882882882882883,
        "support": 155
    },
    "micro avg": {
        "precision": 0.8660049627791563,
        "recall": 0.919631093544137,
        "f1-score": 0.8920127795527155,
        "support": 759
    },
    "macro avg": {
        "precision": 0.8619905218080767,
        "recall": 0.8536645835892407,
        "f1-score": 0.8503768014007244,
        "support": 759
    },
    "weighted avg": {
        "precision": 0.8667455228754349,
        "recall": 0.919631093544137,
        "f1-score": 0.8909018776216885,
        "support": 759
    },
    "training_time": 236.46448302268982
}