{
    "ACH": {
        "precision": 0.900523560209424,
        "recall": 0.900523560209424,
        "f1-score": 0.9005235602094241,
        "support": 191
    },
    "ATE": {
        "precision": 0.8947368421052632,
        "recall": 0.8095238095238095,
        "f1-score": 0.8500000000000001,
        "support": 42
    },
    "BOR": {
        "precision": 0.75,
        "recall": 0.3333333333333333,
        "f1-score": 0.46153846153846156,
        "support": 18
    },
    "CAL": {
        "precision": 0.96,
        "recall": 0.9056603773584906,
        "f1-score": 0.9320388349514563,
        "support": 159
    },
    "LOC": {
        "precision": 0.9005524861878453,
        "recall": 0.8402061855670103,
        "f1-score": 0.8693333333333333,
        "support": 194
    },
    "TAM": {
        "precision": 0.5714285714285714,
        "recall": 0.567741935483871,
        "f1-score": 0.56957928802589,
        "support": 155
    },
    "micro avg": {
        "precision": 0.8407202216066482,
        "recall": 0.7997364953886693,
        "f1-score": 0.8197164078325456,
        "support": 759
    },
    "macro avg": {
        "precision": 0.8295402433218507,
        "recall": 0.7261648669126566,
        "f1-score": 0.7638355796764276,
        "support": 759
    },
    "weighted avg": {
        "precision": 0.8418940161532169,
        "recall": 0.7997364953886693,
        "f1-score": 0.818362744895459,
        "support": 759
    },
    "training_time": 306.6738896369934
}