{
    "ACH": {
        "precision": 0.9518716577540107,
        "recall": 0.9319371727748691,
        "f1-score": 0.9417989417989419,
        "support": 191
    },
    "ATE": {
        "precision": 0.85,
        "recall": 0.8095238095238095,
        "f1-score": 0.8292682926829269,
        "support": 42
    },
    "BOR": {
        "precision": 1.0,
        "recall": 0.3333333333333333,
        "f1-score": 0.5,
        "support": 18
    },
    "CAL": {
        "precision": 0.9559748427672956,
        "recall": 0.9559748427672956,
        "f1-score": 0.9559748427672956,
        "support": 159
    },
    "LOC": {
        "precision": 0.8481675392670157,
        "recall": 0.8350515463917526,
        "f1-score": 0.8415584415584415,
        "support": 194
    },
    "TAM": {
        "precision": 0.9194630872483222,
        "recall": 0.8838709677419355,
        "f1-score": 0.9013157894736842,
        "support": 155
    },
    "micro avg": {
        "precision": 0.9139344262295082,
        "recall": 0.8814229249011858,
        "f1-score": 0.89738430583501,
        "support": 759
    },
    "macro avg": {
        "precision": 0.9209128545061073,
        "recall": 0.7916152787554993,
        "f1-score": 0.8283193847135483,
        "support": 759
    },
    "weighted avg": {
        "precision": 0.915110365971419,
        "recall": 0.8814229249011858,
        "f1-score": 0.8941754297852957,
        "support": 759
    },
    "training_time": 217.7421624660492
}