{
    "ACH": {
        "precision": 0.946236559139785,
        "recall": 0.9214659685863874,
        "f1-score": 0.9336870026525199,
        "support": 191
    },
    "ATE": {
        "precision": 0.9444444444444444,
        "recall": 0.8095238095238095,
        "f1-score": 0.8717948717948718,
        "support": 42
    },
    "BOR": {
        "precision": 0.8888888888888888,
        "recall": 0.4444444444444444,
        "f1-score": 0.5925925925925926,
        "support": 18
    },
    "CAL": {
        "precision": 0.9556962025316456,
        "recall": 0.949685534591195,
        "f1-score": 0.9526813880126183,
        "support": 159
    },
    "LOC": {
        "precision": 0.868421052631579,
        "recall": 0.8505154639175257,
        "f1-score": 0.8593750000000001,
        "support": 194
    },
    "TAM": {
        "precision": 0.9256756756756757,
        "recall": 0.8838709677419355,
        "f1-score": 0.9042904290429042,
        "support": 155
    },
    "micro avg": {
        "precision": 0.922971114167813,
        "recall": 0.8840579710144928,
        "f1-score": 0.9030955585464335,
        "support": 759
    },
    "macro avg": {
        "precision": 0.921560470552003,
        "recall": 0.8099176981342163,
        "f1-score": 0.8524035473492511,
        "support": 759
    },
    "weighted avg": {
        "precision": 0.9226705660146947,
        "recall": 0.8840579710144928,
        "f1-score": 0.901154645565664,
        "support": 759
    },
    "training_time": 242.7126441001892
}