{
    "ACH": {
        "precision": 0.9326424870466321,
        "recall": 0.9424083769633508,
        "f1-score": 0.9374999999999999,
        "support": 191
    },
    "ATE": {
        "precision": 0.9024390243902439,
        "recall": 0.8809523809523809,
        "f1-score": 0.8915662650602411,
        "support": 42
    },
    "BOR": {
        "precision": 0.9,
        "recall": 0.5,
        "f1-score": 0.6428571428571429,
        "support": 18
    },
    "CAL": {
        "precision": 0.9503105590062112,
        "recall": 0.9622641509433962,
        "f1-score": 0.95625,
        "support": 159
    },
    "LOC": {
        "precision": 0.9095744680851063,
        "recall": 0.8814432989690721,
        "f1-score": 0.8952879581151832,
        "support": 194
    },
    "TAM": {
        "precision": 0.9448275862068966,
        "recall": 0.8838709677419355,
        "f1-score": 0.9133333333333333,
        "support": 155
    },
    "micro avg": {
        "precision": 0.9308943089430894,
        "recall": 0.9051383399209486,
        "f1-score": 0.9178356713426854,
        "support": 759
    },
    "macro avg": {
        "precision": 0.9232990207891817,
        "recall": 0.8418231959283559,
        "f1-score": 0.8727991165609833,
        "support": 759
    },
    "weighted avg": {
        "precision": 0.930490455339742,
        "recall": 0.9051383399209486,
        "f1-score": 0.9161739028260485,
        "support": 759
    },
    "training_time": 316.3574130535126
}