{
    "ACH": {
        "precision": 0.9326424870466321,
        "recall": 0.9424083769633508,
        "f1-score": 0.9374999999999999,
        "support": 191
    },
    "ATE": {
        "precision": 0.9210526315789473,
        "recall": 0.8333333333333334,
        "f1-score": 0.875,
        "support": 42
    },
    "BOR": {
        "precision": 0.9,
        "recall": 0.5,
        "f1-score": 0.6428571428571429,
        "support": 18
    },
    "CAL": {
        "precision": 0.9444444444444444,
        "recall": 0.9622641509433962,
        "f1-score": 0.9532710280373832,
        "support": 159
    },
    "LOC": {
        "precision": 0.8010204081632653,
        "recall": 0.8092783505154639,
        "f1-score": 0.805128205128205,
        "support": 194
    },
    "TAM": {
        "precision": 0.8909090909090909,
        "recall": 0.9483870967741935,
        "f1-score": 0.9187499999999998,
        "support": 155
    },
    "micro avg": {
        "precision": 0.8913612565445026,
        "recall": 0.8972332015810277,
        "f1-score": 0.8942875902823376,
        "support": 759
    },
    "macro avg": {
        "precision": 0.8983448436903966,
        "recall": 0.8326118847549563,
        "f1-score": 0.8554177293371219,
        "support": 759
    },
    "weighted avg": {
        "precision": 0.8915342035487112,
        "recall": 0.8972332015810277,
        "f1-score": 0.8926945241426143,
        "support": 759
    },
    "training_time": 119.23923349380493
}