{
    "ACH": {
        "precision": 0.8769230769230769,
        "recall": 0.8952879581151832,
        "f1-score": 0.8860103626943004,
        "support": 191
    },
    "ATE": {
        "precision": 0.9444444444444444,
        "recall": 0.8095238095238095,
        "f1-score": 0.8717948717948718,
        "support": 42
    },
    "BOR": {
        "precision": 0.8181818181818182,
        "recall": 0.5,
        "f1-score": 0.6206896551724137,
        "support": 18
    },
    "CAL": {
        "precision": 0.94375,
        "recall": 0.949685534591195,
        "f1-score": 0.9467084639498432,
        "support": 159
    },
    "LOC": {
        "precision": 0.8106796116504854,
        "recall": 0.8608247422680413,
        "f1-score": 0.8350000000000001,
        "support": 194
    },
    "TAM": {
        "precision": 0.8511904761904762,
        "recall": 0.9225806451612903,
        "f1-score": 0.8854489164086687,
        "support": 155
    },
    "micro avg": {
        "precision": 0.8698453608247423,
        "recall": 0.8893280632411067,
        "f1-score": 0.8794788273615635,
        "support": 759
    },
    "macro avg": {
        "precision": 0.8741949045650502,
        "recall": 0.8229837816099198,
        "f1-score": 0.8409420450033496,
        "support": 759
    },
    "weighted avg": {
        "precision": 0.8710788742502834,
        "recall": 0.8893280632411067,
        "f1-score": 0.8784940783853334,
        "support": 759
    },
    "training_time": 140.20936226844788
}