{
    "ACH": {
        "precision": 0.9259259259259259,
        "recall": 0.9162303664921466,
        "f1-score": 0.9210526315789473,
        "support": 191
    },
    "ATE": {
        "precision": 0.8636363636363636,
        "recall": 0.9047619047619048,
        "f1-score": 0.8837209302325582,
        "support": 42
    },
    "BOR": {
        "precision": 0.75,
        "recall": 0.5,
        "f1-score": 0.6,
        "support": 18
    },
    "CAL": {
        "precision": 0.93125,
        "recall": 0.9371069182389937,
        "f1-score": 0.9341692789968652,
        "support": 159
    },
    "LOC": {
        "precision": 0.8412698412698413,
        "recall": 0.8195876288659794,
        "f1-score": 0.8302872062663186,
        "support": 194
    },
    "TAM": {
        "precision": 0.9210526315789473,
        "recall": 0.9032258064516129,
        "f1-score": 0.9120521172638436,
        "support": 155
    },
    "micro avg": {
        "precision": 0.8981233243967829,
        "recall": 0.8827404479578392,
        "f1-score": 0.8903654485049833,
        "support": 759
    },
    "macro avg": {
        "precision": 0.872189127068513,
        "recall": 0.8301521041351063,
        "f1-score": 0.8468803607230889,
        "support": 759
    },
    "weighted avg": {
        "precision": 0.8967889805344732,
        "recall": 0.8827404479578392,
        "f1-score": 0.8890830609399336,
        "support": 759
    },
    "training_time": 189.78935933113098
}