{
    "ACH": {
        "precision": 0.9375,
        "recall": 0.9424083769633508,
        "f1-score": 0.9399477806788512,
        "support": 191
    },
    "ATE": {
        "precision": 0.918918918918919,
        "recall": 0.8095238095238095,
        "f1-score": 0.860759493670886,
        "support": 42
    },
    "BOR": {
        "precision": 0.9,
        "recall": 0.5,
        "f1-score": 0.6428571428571429,
        "support": 18
    },
    "CAL": {
        "precision": 0.9272727272727272,
        "recall": 0.9622641509433962,
        "f1-score": 0.9444444444444444,
        "support": 159
    },
    "LOC": {
        "precision": 0.8367346938775511,
        "recall": 0.845360824742268,
        "f1-score": 0.8410256410256411,
        "support": 194
    },
    "TAM": {
        "precision": 0.8819875776397516,
        "recall": 0.9161290322580645,
        "f1-score": 0.8987341772151899,
        "support": 155
    },
    "micro avg": {
        "precision": 0.8961892247043364,
        "recall": 0.8985507246376812,
        "f1-score": 0.8973684210526316,
        "support": 759
    },
    "macro avg": {
        "precision": 0.9004023196181582,
        "recall": 0.8292810324051482,
        "f1-score": 0.8546281133153593,
        "support": 759
    },
    "weighted avg": {
        "precision": 0.8963479095880957,
        "recall": 0.8985507246376812,
        "f1-score": 0.8957612541624004,
        "support": 759
    },
    "training_time": 121.06281661987305
}