{
    "ACH": {
        "precision": 0.9057591623036649,
        "recall": 0.9057591623036649,
        "f1-score": 0.9057591623036649,
        "support": 191
    },
    "ATE": {
        "precision": 0.8809523809523809,
        "recall": 0.8809523809523809,
        "f1-score": 0.8809523809523809,
        "support": 42
    },
    "BOR": {
        "precision": 0.875,
        "recall": 0.3888888888888889,
        "f1-score": 0.5384615384615385,
        "support": 18
    },
    "CAL": {
        "precision": 0.95625,
        "recall": 0.9622641509433962,
        "f1-score": 0.9592476489028213,
        "support": 159
    },
    "LOC": {
        "precision": 0.8324873096446701,
        "recall": 0.845360824742268,
        "f1-score": 0.8388746803069055,
        "support": 194
    },
    "TAM": {
        "precision": 0.89171974522293,
        "recall": 0.9032258064516129,
        "f1-score": 0.8974358974358975,
        "support": 155
    },
    "micro avg": {
        "precision": 0.8927152317880794,
        "recall": 0.8880105401844532,
        "f1-score": 0.8903566710700133,
        "support": 759
    },
    "macro avg": {
        "precision": 0.8903614330206077,
        "recall": 0.814408535713702,
        "f1-score": 0.8367885513938681,
        "support": 759
    },
    "weighted avg": {
        "precision": 0.8926387991839528,
        "recall": 0.8880105401844532,
        "f1-score": 0.8880855546112781,
        "support": 759
    },
    "training_time": 142.49649357795715
}