{
    "ACH": {
        "precision": 0.9388888888888889,
        "recall": 0.8848167539267016,
        "f1-score": 0.9110512129380054,
        "support": 191
    },
    "ATE": {
        "precision": 0.925,
        "recall": 0.8809523809523809,
        "f1-score": 0.9024390243902439,
        "support": 42
    },
    "BOR": {
        "precision": 0.75,
        "recall": 0.3333333333333333,
        "f1-score": 0.46153846153846156,
        "support": 18
    },
    "CAL": {
        "precision": 0.9733333333333334,
        "recall": 0.9182389937106918,
        "f1-score": 0.9449838187702265,
        "support": 159
    },
    "LOC": {
        "precision": 0.8810810810810811,
        "recall": 0.8402061855670103,
        "f1-score": 0.8601583113456465,
        "support": 194
    },
    "TAM": {
        "precision": 0.9300699300699301,
        "recall": 0.8580645161290322,
        "f1-score": 0.8926174496644295,
        "support": 155
    },
    "micro avg": {
        "precision": 0.9263456090651558,
        "recall": 0.8616600790513834,
        "f1-score": 0.8928327645051194,
        "support": 759
    },
    "macro avg": {
        "precision": 0.8997288722288723,
        "recall": 0.7859353606031917,
        "f1-score": 0.828798046441169,
        "support": 759
    },
    "weighted avg": {
        "precision": 0.9242797716315503,
        "recall": 0.8616600790513834,
        "f1-score": 0.8902500096004607,
        "support": 759
    },
    "training_time": 192.46124410629272
}