{
    "ACH": {
        "precision": 0.9361702127659575,
        "recall": 0.9214659685863874,
        "f1-score": 0.9287598944591029,
        "support": 191
    },
    "ATE": {
        "precision": 0.9230769230769231,
        "recall": 0.8571428571428571,
        "f1-score": 0.888888888888889,
        "support": 42
    },
    "BOR": {
        "precision": 0.8888888888888888,
        "recall": 0.4444444444444444,
        "f1-score": 0.5925925925925926,
        "support": 18
    },
    "CAL": {
        "precision": 0.9559748427672956,
        "recall": 0.9559748427672956,
        "f1-score": 0.9559748427672956,
        "support": 159
    },
    "LOC": {
        "precision": 0.81,
        "recall": 0.8350515463917526,
        "f1-score": 0.8223350253807107,
        "support": 194
    },
    "TAM": {
        "precision": 0.8867924528301887,
        "recall": 0.9096774193548387,
        "f1-score": 0.8980891719745223,
        "support": 155
    },
    "micro avg": {
        "precision": 0.8952254641909815,
        "recall": 0.8893280632411067,
        "f1-score": 0.8922670191672175,
        "support": 759
    },
    "macro avg": {
        "precision": 0.900150553388209,
        "recall": 0.8206261797812626,
        "f1-score": 0.8477734026771855,
        "support": 759
    },
    "weighted avg": {
        "precision": 0.8961404105351884,
        "recall": 0.8893280632411067,
        "f1-score": 0.8908168068795751,
        "support": 759
    },
    "training_time": 125.09867978096008
}