{
    "ACH": {
        "precision": 0.921875,
        "recall": 0.9267015706806283,
        "f1-score": 0.9242819843342037,
        "support": 191
    },
    "ATE": {
        "precision": 0.8292682926829268,
        "recall": 0.8095238095238095,
        "f1-score": 0.8192771084337348,
        "support": 42
    },
    "BOR": {
        "precision": 0.875,
        "recall": 0.3888888888888889,
        "f1-score": 0.5384615384615385,
        "support": 18
    },
    "CAL": {
        "precision": 0.9503105590062112,
        "recall": 0.9622641509433962,
        "f1-score": 0.95625,
        "support": 159
    },
    "LOC": {
        "precision": 0.8723404255319149,
        "recall": 0.845360824742268,
        "f1-score": 0.8586387434554974,
        "support": 194
    },
    "TAM": {
        "precision": 0.8831168831168831,
        "recall": 0.8774193548387097,
        "f1-score": 0.8802588996763754,
        "support": 155
    },
    "micro avg": {
        "precision": 0.9018817204301075,
        "recall": 0.8840579710144928,
        "f1-score": 0.8928809048569528,
        "support": 759
    },
    "macro avg": {
        "precision": 0.8886518600563226,
        "recall": 0.8016930999362835,
        "f1-score": 0.8295280457268915,
        "support": 759
    },
    "weighted avg": {
        "precision": 0.9010196727417376,
        "recall": 0.8840579710144928,
        "f1-score": 0.8902498036028487,
        "support": 759
    },
    "training_time": 147.03095173835754
}