{
    "ACH": {
        "precision": 0.8894736842105263,
        "recall": 0.8848167539267016,
        "f1-score": 0.8871391076115485,
        "support": 191
    },
    "ATE": {
        "precision": 0.8636363636363636,
        "recall": 0.9047619047619048,
        "f1-score": 0.8837209302325582,
        "support": 42
    },
    "BOR": {
        "precision": 1.0,
        "recall": 0.3888888888888889,
        "f1-score": 0.56,
        "support": 18
    },
    "CAL": {
        "precision": 0.9430379746835443,
        "recall": 0.9371069182389937,
        "f1-score": 0.9400630914826499,
        "support": 159
    },
    "LOC": {
        "precision": 0.8520408163265306,
        "recall": 0.8608247422680413,
        "f1-score": 0.8564102564102565,
        "support": 194
    },
    "TAM": {
        "precision": 0.8390804597701149,
        "recall": 0.9419354838709677,
        "f1-score": 0.8875379939209727,
        "support": 155
    },
    "micro avg": {
        "precision": 0.8790637191157347,
        "recall": 0.8906455862977603,
        "f1-score": 0.8848167539267016,
        "support": 759
    },
    "macro avg": {
        "precision": 0.8978782164378467,
        "recall": 0.8197224486592497,
        "f1-score": 0.8358118966096644,
        "support": 759
    },
    "weighted avg": {
        "precision": 0.8820271786078208,
        "recall": 0.8906455862977603,
        "f1-score": 0.8825057430443415,
        "support": 759
    },
    "training_time": 198.77659511566162
}