{
    "ACH": {
        "precision": 0.8059701492537313,
        "recall": 0.8481675392670157,
        "f1-score": 0.8265306122448979,
        "support": 191
    },
    "ATE": {
        "precision": 0.9,
        "recall": 0.42857142857142855,
        "f1-score": 0.5806451612903225,
        "support": 42
    },
    "BOR": {
        "precision": 0.8181818181818182,
        "recall": 0.5,
        "f1-score": 0.6206896551724137,
        "support": 18
    },
    "CAL": {
        "precision": 0.9444444444444444,
        "recall": 0.9622641509433962,
        "f1-score": 0.9532710280373832,
        "support": 159
    },
    "LOC": {
        "precision": 0.8186274509803921,
        "recall": 0.8608247422680413,
        "f1-score": 0.8391959798994976,
        "support": 194
    },
    "TAM": {
        "precision": 0.8834355828220859,
        "recall": 0.9290322580645162,
        "f1-score": 0.9056603773584907,
        "support": 155
    },
    "micro avg": {
        "precision": 0.8580814717477004,
        "recall": 0.8603425559947299,
        "f1-score": 0.8592105263157895,
        "support": 759
    },
    "macro avg": {
        "precision": 0.861776574280412,
        "recall": 0.7548100198523997,
        "f1-score": 0.7876654690005008,
        "support": 759
    },
    "weighted avg": {
        "precision": 0.8595263224361285,
        "recall": 0.8603425559947299,
        "f1-score": 0.8539898940119696,
        "support": 759
    },
    "training_time": 72.7152488231659
}