{
    "ACH": {
        "precision": 0.9358288770053476,
        "recall": 0.9162303664921466,
        "f1-score": 0.9259259259259258,
        "support": 191
    },
    "ATE": {
        "precision": 0.9024390243902439,
        "recall": 0.8809523809523809,
        "f1-score": 0.8915662650602411,
        "support": 42
    },
    "BOR": {
        "precision": 0.8,
        "recall": 0.4444444444444444,
        "f1-score": 0.5714285714285714,
        "support": 18
    },
    "CAL": {
        "precision": 0.9612903225806452,
        "recall": 0.9371069182389937,
        "f1-score": 0.9490445859872612,
        "support": 159
    },
    "LOC": {
        "precision": 0.7908163265306123,
        "recall": 0.7989690721649485,
        "f1-score": 0.7948717948717949,
        "support": 194
    },
    "TAM": {
        "precision": 0.8402366863905325,
        "recall": 0.9161290322580645,
        "f1-score": 0.8765432098765431,
        "support": 155
    },
    "micro avg": {
        "precision": 0.8786279683377308,
        "recall": 0.8774703557312253,
        "f1-score": 0.8780487804878048,
        "support": 759
    },
    "macro avg": {
        "precision": 0.871768539482897,
        "recall": 0.8156387024251631,
        "f1-score": 0.8348967255250562,
        "support": 759
    },
    "weighted avg": {
        "precision": 0.8795072062716806,
        "recall": 0.8774703557312253,
        "f1-score": 0.8768784771779488,
        "support": 759
    },
    "training_time": 90.12063479423523
}