{
    "ACH": {
        "precision": 0.8905472636815921,
        "recall": 0.93717277486911,
        "f1-score": 0.913265306122449,
        "support": 191
    },
    "ATE": {
        "precision": 0.8571428571428571,
        "recall": 0.8571428571428571,
        "f1-score": 0.8571428571428571,
        "support": 42
    },
    "BOR": {
        "precision": 0.8333333333333334,
        "recall": 0.5555555555555556,
        "f1-score": 0.6666666666666667,
        "support": 18
    },
    "CAL": {
        "precision": 0.9053254437869822,
        "recall": 0.9622641509433962,
        "f1-score": 0.9329268292682927,
        "support": 159
    },
    "LOC": {
        "precision": 0.7688888888888888,
        "recall": 0.8917525773195877,
        "f1-score": 0.8257756563245824,
        "support": 194
    },
    "TAM": {
        "precision": 0.8411764705882353,
        "recall": 0.9225806451612903,
        "f1-score": 0.8800000000000001,
        "support": 155
    },
    "micro avg": {
        "precision": 0.8473748473748474,
        "recall": 0.9143610013175231,
        "f1-score": 0.8795944233206591,
        "support": 759
    },
    "macro avg": {
        "precision": 0.8494023762369814,
        "recall": 0.8544114268319661,
        "f1-score": 0.845962885920808,
        "support": 759
    },
    "weighted avg": {
        "precision": 0.8492596446784391,
        "recall": 0.9143610013175231,
        "f1-score": 0.8792747254940912,
        "support": 759
    },
    "training_time": 131.70723867416382
}