{
    "ACH": {
        "precision": 0.927461139896373,
        "recall": 0.93717277486911,
        "f1-score": 0.9322916666666667,
        "support": 191
    },
    "ATE": {
        "precision": 0.8947368421052632,
        "recall": 0.8095238095238095,
        "f1-score": 0.8500000000000001,
        "support": 42
    },
    "BOR": {
        "precision": 0.75,
        "recall": 0.5,
        "f1-score": 0.6,
        "support": 18
    },
    "CAL": {
        "precision": 0.95,
        "recall": 0.9559748427672956,
        "f1-score": 0.9529780564263324,
        "support": 159
    },
    "LOC": {
        "precision": 0.8601036269430051,
        "recall": 0.8556701030927835,
        "f1-score": 0.8578811369509043,
        "support": 194
    },
    "TAM": {
        "precision": 0.94,
        "recall": 0.9096774193548387,
        "f1-score": 0.9245901639344262,
        "support": 155
    },
    "micro avg": {
        "precision": 0.9128686327077749,
        "recall": 0.8972332015810277,
        "f1-score": 0.904983388704319,
        "support": 759
    },
    "macro avg": {
        "precision": 0.88705026815744,
        "recall": 0.8280031582679728,
        "f1-score": 0.8529568373297217,
        "support": 759
    },
    "weighted avg": {
        "precision": 0.9115074159625445,
        "recall": 0.8972332015810277,
        "f1-score": 0.9035989924682893,
        "support": 759
    },
    "training_time": 73.92699599266052
}