{
    "ACH": {
        "precision": 0.9090909090909091,
        "recall": 0.9424083769633508,
        "f1-score": 0.9254498714652956,
        "support": 191
    },
    "ATE": {
        "precision": 0.8809523809523809,
        "recall": 0.8809523809523809,
        "f1-score": 0.8809523809523809,
        "support": 42
    },
    "BOR": {
        "precision": 0.875,
        "recall": 0.3888888888888889,
        "f1-score": 0.5384615384615385,
        "support": 18
    },
    "CAL": {
        "precision": 0.9493670886075949,
        "recall": 0.9433962264150944,
        "f1-score": 0.9463722397476341,
        "support": 159
    },
    "LOC": {
        "precision": 0.8191489361702128,
        "recall": 0.7938144329896907,
        "f1-score": 0.806282722513089,
        "support": 194
    },
    "TAM": {
        "precision": 0.8616352201257862,
        "recall": 0.8838709677419355,
        "f1-score": 0.872611464968153,
        "support": 155
    },
    "micro avg": {
        "precision": 0.8831341301460823,
        "recall": 0.8761528326745718,
        "f1-score": 0.8796296296296295,
        "support": 759
    },
    "macro avg": {
        "precision": 0.8825324224911473,
        "recall": 0.8055552123252235,
        "f1-score": 0.8283550363513484,
        "support": 759
    },
    "weighted avg": {
        "precision": 0.8824823234011718,
        "recall": 0.8761528326745718,
        "f1-score": 0.8769434051378866,
        "support": 759
    },
    "training_time": 92.31992673873901
}