{
    "ACH": {
        "precision": 0.9054726368159204,
        "recall": 0.9528795811518325,
        "f1-score": 0.9285714285714286,
        "support": 191
    },
    "ATE": {
        "precision": 0.9230769230769231,
        "recall": 0.8571428571428571,
        "f1-score": 0.888888888888889,
        "support": 42
    },
    "BOR": {
        "precision": 0.6923076923076923,
        "recall": 0.5,
        "f1-score": 0.5806451612903226,
        "support": 18
    },
    "CAL": {
        "precision": 0.9506172839506173,
        "recall": 0.9685534591194969,
        "f1-score": 0.9595015576323987,
        "support": 159
    },
    "LOC": {
        "precision": 0.815,
        "recall": 0.8402061855670103,
        "f1-score": 0.8274111675126902,
        "support": 194
    },
    "TAM": {
        "precision": 0.9038461538461539,
        "recall": 0.9096774193548387,
        "f1-score": 0.9067524115755627,
        "support": 155
    },
    "micro avg": {
        "precision": 0.8884565499351491,
        "recall": 0.9025032938076416,
        "f1-score": 0.8954248366013071,
        "support": 759
    },
    "macro avg": {
        "precision": 0.8650534483328843,
        "recall": 0.8380765837226726,
        "f1-score": 0.848628435911882,
        "support": 759
    },
    "weighted avg": {
        "precision": 0.8873917587047588,
        "recall": 0.9025032938076416,
        "f1-score": 0.8942914717377175,
        "support": 759
    },
    "training_time": 133.3746862411499
}