{
    "ACH": {
        "precision": 0.9427083333333334,
        "recall": 0.9476439790575916,
        "f1-score": 0.9451697127937336,
        "support": 191
    },
    "ATE": {
        "precision": 0.8974358974358975,
        "recall": 0.8333333333333334,
        "f1-score": 0.8641975308641975,
        "support": 42
    },
    "BOR": {
        "precision": 0.6,
        "recall": 0.3333333333333333,
        "f1-score": 0.42857142857142855,
        "support": 18
    },
    "CAL": {
        "precision": 0.9259259259259259,
        "recall": 0.9433962264150944,
        "f1-score": 0.9345794392523364,
        "support": 159
    },
    "LOC": {
        "precision": 0.828125,
        "recall": 0.8195876288659794,
        "f1-score": 0.8238341968911918,
        "support": 194
    },
    "TAM": {
        "precision": 0.8372093023255814,
        "recall": 0.9290322580645162,
        "f1-score": 0.8807339449541285,
        "support": 155
    },
    "micro avg": {
        "precision": 0.8800521512385919,
        "recall": 0.8893280632411067,
        "f1-score": 0.8846657929226737,
        "support": 759
    },
    "macro avg": {
        "precision": 0.8385674098367897,
        "recall": 0.8010544598449746,
        "f1-score": 0.8128477088878361,
        "support": 759
    },
    "weighted avg": {
        "precision": 0.8777279491985002,
        "recall": 0.8893280632411067,
        "f1-score": 0.8820470667458337,
        "support": 759
    },
    "training_time": 76.78722858428955
}