{
    "ACH": {
        "precision": 0.9326424870466321,
        "recall": 0.9424083769633508,
        "f1-score": 0.9374999999999999,
        "support": 191
    },
    "ATE": {
        "precision": 0.8636363636363636,
        "recall": 0.9047619047619048,
        "f1-score": 0.8837209302325582,
        "support": 42
    },
    "BOR": {
        "precision": 0.8888888888888888,
        "recall": 0.4444444444444444,
        "f1-score": 0.5925925925925926,
        "support": 18
    },
    "CAL": {
        "precision": 0.949685534591195,
        "recall": 0.949685534591195,
        "f1-score": 0.949685534591195,
        "support": 159
    },
    "LOC": {
        "precision": 0.8115942028985508,
        "recall": 0.865979381443299,
        "f1-score": 0.8379052369077308,
        "support": 194
    },
    "TAM": {
        "precision": 0.8275862068965517,
        "recall": 0.9290322580645162,
        "f1-score": 0.8753799392097265,
        "support": 155
    },
    "micro avg": {
        "precision": 0.8765903307888041,
        "recall": 0.9077733860342556,
        "f1-score": 0.8919093851132686,
        "support": 759
    },
    "macro avg": {
        "precision": 0.8790056139930303,
        "recall": 0.8393853167114517,
        "f1-score": 0.8461307055889672,
        "support": 759
    },
    "weighted avg": {
        "precision": 0.8789625556388913,
        "recall": 0.9077733860342556,
        "f1-score": 0.8907548778314116,
        "support": 759
    },
    "training_time": 94.75064849853516
}