{
    "ACH": {
        "precision": 0.93717277486911,
        "recall": 0.93717277486911,
        "f1-score": 0.93717277486911,
        "support": 191
    },
    "ATE": {
        "precision": 0.8372093023255814,
        "recall": 0.8571428571428571,
        "f1-score": 0.8470588235294119,
        "support": 42
    },
    "BOR": {
        "precision": 0.6666666666666666,
        "recall": 0.4444444444444444,
        "f1-score": 0.5333333333333333,
        "support": 18
    },
    "CAL": {
        "precision": 0.9625,
        "recall": 0.9685534591194969,
        "f1-score": 0.9655172413793103,
        "support": 159
    },
    "LOC": {
        "precision": 0.8282828282828283,
        "recall": 0.845360824742268,
        "f1-score": 0.836734693877551,
        "support": 194
    },
    "TAM": {
        "precision": 0.9078947368421053,
        "recall": 0.8903225806451613,
        "f1-score": 0.8990228013029316,
        "support": 155
    },
    "micro avg": {
        "precision": 0.8981481481481481,
        "recall": 0.8945981554677207,
        "f1-score": 0.8963696369636964,
        "support": 759
    },
    "macro avg": {
        "precision": 0.8566210514977152,
        "recall": 0.8238328234938895,
        "f1-score": 0.8364732780486079,
        "support": 759
    },
    "weighted avg": {
        "precision": 0.8967204790448873,
        "recall": 0.8945981554677207,
        "f1-score": 0.8950840273804279,
        "support": 759
    },
    "training_time": 137.95635795593262
}