{
    "ACH": {
        "precision": 0.9312169312169312,
        "recall": 0.9214659685863874,
        "f1-score": 0.9263157894736842,
        "support": 191
    },
    "ATE": {
        "precision": 0.8717948717948718,
        "recall": 0.8095238095238095,
        "f1-score": 0.8395061728395062,
        "support": 42
    },
    "BOR": {
        "precision": 1.0,
        "recall": 0.4444444444444444,
        "f1-score": 0.6153846153846153,
        "support": 18
    },
    "CAL": {
        "precision": 0.9375,
        "recall": 0.9433962264150944,
        "f1-score": 0.9404388714733543,
        "support": 159
    },
    "LOC": {
        "precision": 0.8449197860962567,
        "recall": 0.8144329896907216,
        "f1-score": 0.8293963254593176,
        "support": 194
    },
    "TAM": {
        "precision": 0.9133333333333333,
        "recall": 0.8838709677419355,
        "f1-score": 0.8983606557377048,
        "support": 155
    },
    "micro avg": {
        "precision": 0.9045020463847203,
        "recall": 0.8735177865612648,
        "f1-score": 0.8887399463806971,
        "support": 759
    },
    "macro avg": {
        "precision": 0.9164608204068988,
        "recall": 0.8028557344003988,
        "f1-score": 0.8415670717280305,
        "support": 759
    },
    "weighted avg": {
        "precision": 0.905166566070038,
        "recall": 0.8735177865612648,
        "f1-score": 0.886615372158592,
        "support": 759
    },
    "training_time": 644.754549741745
}