{
    "ACH": {
        "precision": 0.9456521739130435,
        "recall": 0.9157894736842105,
        "f1-score": 0.9304812834224598,
        "support": 190
    },
    "ATE": {
        "precision": 0.7948717948717948,
        "recall": 0.9393939393939394,
        "f1-score": 0.8611111111111112,
        "support": 33
    },
    "BOR": {
        "precision": 0.8333333333333334,
        "recall": 0.625,
        "f1-score": 0.7142857142857143,
        "support": 16
    },
    "CAL": {
        "precision": 0.9285714285714286,
        "recall": 0.9533333333333334,
        "f1-score": 0.9407894736842105,
        "support": 150
    },
    "LOC": {
        "precision": 0.844559585492228,
        "recall": 0.8810810810810811,
        "f1-score": 0.8624338624338624,
        "support": 185
    },
    "TAM": {
        "precision": 0.8758620689655172,
        "recall": 0.9407407407407408,
        "f1-score": 0.907142857142857,
        "support": 135
    },
    "micro avg": {
        "precision": 0.8913342503438789,
        "recall": 0.9139633286318759,
        "f1-score": 0.9025069637883008,
        "support": 709
    },
    "macro avg": {
        "precision": 0.8704750641912243,
        "recall": 0.8758897613722175,
        "f1-score": 0.8693740503467025,
        "support": 709
    },
    "weighted avg": {
        "precision": 0.8928189457259551,
        "recall": 0.9139633286318759,
        "f1-score": 0.90235494113214,
        "support": 709
    },
    "training_time": 213.25603938102722
}