{
    "ACH": {
        "precision": 0.9719101123595506,
        "recall": 0.9105263157894737,
        "f1-score": 0.9402173913043478,
        "support": 190
    },
    "ATE": {
        "precision": 0.9333333333333333,
        "recall": 0.8484848484848485,
        "f1-score": 0.888888888888889,
        "support": 33
    },
    "BOR": {
        "precision": 0.9090909090909091,
        "recall": 0.625,
        "f1-score": 0.7407407407407406,
        "support": 16
    },
    "CAL": {
        "precision": 0.9463087248322147,
        "recall": 0.94,
        "f1-score": 0.94314381270903,
        "support": 150
    },
    "LOC": {
        "precision": 0.8729281767955801,
        "recall": 0.8540540540540541,
        "f1-score": 0.8633879781420766,
        "support": 185
    },
    "TAM": {
        "precision": 0.9541984732824428,
        "recall": 0.9259259259259259,
        "f1-score": 0.9398496240601504,
        "support": 135
    },
    "micro avg": {
        "precision": 0.9338235294117647,
        "recall": 0.8956276445698167,
        "f1-score": 0.914326853851692,
        "support": 709
    },
    "macro avg": {
        "precision": 0.931294954949005,
        "recall": 0.8506651907090502,
        "f1-score": 0.8860380726408724,
        "support": 709
    },
    "weighted avg": {
        "precision": 0.9340806646247016,
        "recall": 0.8956276445698167,
        "f1-score": 0.9138286835596195,
        "support": 709
    },
    "training_time": 237.4724884033203
}