{
    "ACH": {
        "precision": 0.9518716577540107,
        "recall": 0.9368421052631579,
        "f1-score": 0.9442970822281167,
        "support": 190
    },
    "ATE": {
        "precision": 0.9666666666666667,
        "recall": 0.8787878787878788,
        "f1-score": 0.9206349206349207,
        "support": 33
    },
    "BOR": {
        "precision": 0.8571428571428571,
        "recall": 0.75,
        "f1-score": 0.7999999999999999,
        "support": 16
    },
    "CAL": {
        "precision": 0.9726027397260274,
        "recall": 0.9466666666666667,
        "f1-score": 0.9594594594594594,
        "support": 150
    },
    "LOC": {
        "precision": 0.9248554913294798,
        "recall": 0.8648648648648649,
        "f1-score": 0.8938547486033519,
        "support": 185
    },
    "TAM": {
        "precision": 0.9307692307692308,
        "recall": 0.8962962962962963,
        "f1-score": 0.9132075471698113,
        "support": 135
    },
    "micro avg": {
        "precision": 0.9441176470588235,
        "recall": 0.9055007052186178,
        "f1-score": 0.9244060475161987,
        "support": 709
    },
    "macro avg": {
        "precision": 0.9339847738980455,
        "recall": 0.878909635313144,
        "f1-score": 0.9052422930159434,
        "support": 709
    },
    "weighted avg": {
        "precision": 0.9437410771456303,
        "recall": 0.9055007052186178,
        "f1-score": 0.9240655349545247,
        "support": 709
    },
    "training_time": 308.43044781684875
}