{
    "ACH": {
        "precision": 0.9608938547486033,
        "recall": 0.9052631578947369,
        "f1-score": 0.9322493224932249,
        "support": 190
    },
    "ATE": {
        "precision": 0.9333333333333333,
        "recall": 0.8484848484848485,
        "f1-score": 0.888888888888889,
        "support": 33
    },
    "BOR": {
        "precision": 0.6923076923076923,
        "recall": 0.5625,
        "f1-score": 0.6206896551724138,
        "support": 16
    },
    "CAL": {
        "precision": 0.9466666666666667,
        "recall": 0.9466666666666667,
        "f1-score": 0.9466666666666667,
        "support": 150
    },
    "LOC": {
        "precision": 0.8870967741935484,
        "recall": 0.8918918918918919,
        "f1-score": 0.8894878706199462,
        "support": 185
    },
    "TAM": {
        "precision": 0.9022556390977443,
        "recall": 0.8888888888888888,
        "f1-score": 0.8955223880597015,
        "support": 135
    },
    "micro avg": {
        "precision": 0.9204052098408104,
        "recall": 0.8970380818053597,
        "f1-score": 0.9085714285714286,
        "support": 709
    },
    "macro avg": {
        "precision": 0.8870923267245981,
        "recall": 0.8406159089711721,
        "f1-score": 0.8622507986501403,
        "support": 709
    },
    "weighted avg": {
        "precision": 0.9201187164783634,
        "recall": 0.8970380818053597,
        "f1-score": 0.9080994605677778,
        "support": 709
    },
    "training_time": 217.09886932373047
}