{
    "ACH": {
        "precision": 0.9672131147540983,
        "recall": 0.9315789473684211,
        "f1-score": 0.9490616621983914,
        "support": 190
    },
    "ATE": {
        "precision": 0.9666666666666667,
        "recall": 0.8787878787878788,
        "f1-score": 0.9206349206349207,
        "support": 33
    },
    "BOR": {
        "precision": 0.8461538461538461,
        "recall": 0.6875,
        "f1-score": 0.7586206896551724,
        "support": 16
    },
    "CAL": {
        "precision": 0.9664429530201343,
        "recall": 0.96,
        "f1-score": 0.9632107023411371,
        "support": 150
    },
    "LOC": {
        "precision": 0.898876404494382,
        "recall": 0.8648648648648649,
        "f1-score": 0.8815426997245179,
        "support": 185
    },
    "TAM": {
        "precision": 0.9173553719008265,
        "recall": 0.8222222222222222,
        "f1-score": 0.8671875,
        "support": 135
    },
    "micro avg": {
        "precision": 0.9376854599406528,
        "recall": 0.8913963328631875,
        "f1-score": 0.9139551699204628,
        "support": 709
    },
    "macro avg": {
        "precision": 0.9271180594983256,
        "recall": 0.8574923188738978,
        "f1-score": 0.8900430290923566,
        "support": 709
    },
    "weighted avg": {
        "precision": 0.9369682740942632,
        "recall": 0.8913963328631875,
        "f1-score": 0.9132269626704314,
        "support": 709
    },
    "training_time": 240.64163327217102
}