{
    "ACH": {
        "precision": 0.9772727272727273,
        "recall": 0.9052631578947369,
        "f1-score": 0.9398907103825138,
        "support": 190
    },
    "ATE": {
        "precision": 0.9032258064516129,
        "recall": 0.8484848484848485,
        "f1-score": 0.875,
        "support": 33
    },
    "BOR": {
        "precision": 0.6428571428571429,
        "recall": 0.5625,
        "f1-score": 0.6000000000000001,
        "support": 16
    },
    "CAL": {
        "precision": 0.9662162162162162,
        "recall": 0.9533333333333334,
        "f1-score": 0.9597315436241611,
        "support": 150
    },
    "LOC": {
        "precision": 0.8707865168539326,
        "recall": 0.8378378378378378,
        "f1-score": 0.8539944903581266,
        "support": 185
    },
    "TAM": {
        "precision": 0.9538461538461539,
        "recall": 0.9185185185185185,
        "f1-score": 0.9358490566037735,
        "support": 135
    },
    "micro avg": {
        "precision": 0.9320531757754801,
        "recall": 0.8899858956276445,
        "f1-score": 0.9105339105339105,
        "support": 709
    },
    "macro avg": {
        "precision": 0.8857007605829642,
        "recall": 0.8376562826782125,
        "f1-score": 0.8607443001614291,
        "support": 709
    },
    "weighted avg": {
        "precision": 0.9316941507758483,
        "recall": 0.8899858956276445,
        "f1-score": 0.910215190231403,
        "support": 709
    },
    "training_time": 312.1000974178314
}