{
    "ACH": {
        "precision": 0.9513513513513514,
        "recall": 0.9263157894736842,
        "f1-score": 0.9386666666666668,
        "support": 190
    },
    "ATE": {
        "precision": 0.9032258064516129,
        "recall": 0.8484848484848485,
        "f1-score": 0.875,
        "support": 33
    },
    "BOR": {
        "precision": 0.8235294117647058,
        "recall": 0.875,
        "f1-score": 0.8484848484848485,
        "support": 16
    },
    "CAL": {
        "precision": 0.9225806451612903,
        "recall": 0.9533333333333334,
        "f1-score": 0.9377049180327869,
        "support": 150
    },
    "LOC": {
        "precision": 0.8655913978494624,
        "recall": 0.8702702702702703,
        "f1-score": 0.8679245283018868,
        "support": 185
    },
    "TAM": {
        "precision": 0.8079470198675497,
        "recall": 0.9037037037037037,
        "f1-score": 0.8531468531468532,
        "support": 135
    },
    "micro avg": {
        "precision": 0.8882758620689655,
        "recall": 0.9083215796897038,
        "f1-score": 0.898186889818689,
        "support": 709
    },
    "macro avg": {
        "precision": 0.8790376054076621,
        "recall": 0.8961846575443065,
        "f1-score": 0.8868213024388404,
        "support": 709
    },
    "weighted avg": {
        "precision": 0.8904570268213803,
        "recall": 0.9083215796897038,
        "f1-score": 0.8987221789252702,
        "support": 709
    },
    "training_time": 221.81048154830933
}