{
    "ACH": {
        "precision": 0.9567567567567568,
        "recall": 0.9315789473684211,
        "f1-score": 0.944,
        "support": 190
    },
    "ATE": {
        "precision": 0.9032258064516129,
        "recall": 0.8484848484848485,
        "f1-score": 0.875,
        "support": 33
    },
    "BOR": {
        "precision": 0.9333333333333333,
        "recall": 0.875,
        "f1-score": 0.9032258064516129,
        "support": 16
    },
    "CAL": {
        "precision": 0.9342105263157895,
        "recall": 0.9466666666666667,
        "f1-score": 0.9403973509933775,
        "support": 150
    },
    "LOC": {
        "precision": 0.841025641025641,
        "recall": 0.8864864864864865,
        "f1-score": 0.8631578947368422,
        "support": 185
    },
    "TAM": {
        "precision": 0.9185185185185185,
        "recall": 0.9185185185185185,
        "f1-score": 0.9185185185185185,
        "support": 135
    },
    "micro avg": {
        "precision": 0.9102384291725105,
        "recall": 0.9153737658674189,
        "f1-score": 0.9127988748241913,
        "support": 709
    },
    "macro avg": {
        "precision": 0.9145117637336085,
        "recall": 0.9011225779208236,
        "f1-score": 0.9073832617833918,
        "support": 709
    },
    "weighted avg": {
        "precision": 0.9114878579226126,
        "recall": 0.9153737658674189,
        "f1-score": 0.913159980364666,
        "support": 709
    },
    "training_time": 247.71664571762085
}