{
    "ACH": {
        "precision": 0.9222797927461139,
        "recall": 0.9368421052631579,
        "f1-score": 0.9295039164490861,
        "support": 190
    },
    "ATE": {
        "precision": 0.8378378378378378,
        "recall": 0.9393939393939394,
        "f1-score": 0.8857142857142858,
        "support": 33
    },
    "BOR": {
        "precision": 0.875,
        "recall": 0.875,
        "f1-score": 0.875,
        "support": 16
    },
    "CAL": {
        "precision": 0.910828025477707,
        "recall": 0.9533333333333334,
        "f1-score": 0.9315960912052117,
        "support": 150
    },
    "LOC": {
        "precision": 0.7894736842105263,
        "recall": 0.8918918918918919,
        "f1-score": 0.8375634517766497,
        "support": 185
    },
    "TAM": {
        "precision": 0.8819444444444444,
        "recall": 0.9407407407407408,
        "f1-score": 0.9103942652329748,
        "support": 135
    },
    "micro avg": {
        "precision": 0.8703703703703703,
        "recall": 0.9280677009873061,
        "f1-score": 0.8982935153583618,
        "support": 709
    },
    "macro avg": {
        "precision": 0.869560630786105,
        "recall": 0.9228670017705105,
        "f1-score": 0.8949620017297013,
        "support": 709
    },
    "weighted avg": {
        "precision": 0.8725262971382423,
        "recall": 0.9280677009873061,
        "f1-score": 0.8990496383918355,
        "support": 709
    },
    "training_time": 323.256783246994
}