{
    "ACH": {
        "precision": 0.9491525423728814,
        "recall": 0.8842105263157894,
        "f1-score": 0.9155313351498637,
        "support": 190
    },
    "ATE": {
        "precision": 0.9310344827586207,
        "recall": 0.8181818181818182,
        "f1-score": 0.8709677419354839,
        "support": 33
    },
    "BOR": {
        "precision": 0.7222222222222222,
        "recall": 0.8125,
        "f1-score": 0.7647058823529411,
        "support": 16
    },
    "CAL": {
        "precision": 0.9387755102040817,
        "recall": 0.92,
        "f1-score": 0.9292929292929293,
        "support": 150
    },
    "LOC": {
        "precision": 0.9080459770114943,
        "recall": 0.8540540540540541,
        "f1-score": 0.8802228412256268,
        "support": 185
    },
    "TAM": {
        "precision": 0.8811188811188811,
        "recall": 0.9333333333333333,
        "f1-score": 0.906474820143885,
        "support": 135
    },
    "micro avg": {
        "precision": 0.9156976744186046,
        "recall": 0.8885754583921015,
        "f1-score": 0.9019327129563349,
        "support": 709
    },
    "macro avg": {
        "precision": 0.8883916026146969,
        "recall": 0.8703799553141659,
        "f1-score": 0.8778659250167884,
        "support": 709
    },
    "weighted avg": {
        "precision": 0.9173124933233077,
        "recall": 0.8885754583921015,
        "f1-score": 0.9020274316221397,
        "support": 709
    },
    "training_time": 121.36941313743591
}