{
    "ACH": {
        "precision": 0.9358288770053476,
        "recall": 0.9210526315789473,
        "f1-score": 0.9283819628647214,
        "support": 190
    },
    "ATE": {
        "precision": 0.9,
        "recall": 0.8181818181818182,
        "f1-score": 0.8571428571428572,
        "support": 33
    },
    "BOR": {
        "precision": 0.8888888888888888,
        "recall": 1.0,
        "f1-score": 0.9411764705882353,
        "support": 16
    },
    "CAL": {
        "precision": 0.9403973509933775,
        "recall": 0.9466666666666667,
        "f1-score": 0.9435215946843853,
        "support": 150
    },
    "LOC": {
        "precision": 0.88,
        "recall": 0.8324324324324325,
        "f1-score": 0.8555555555555556,
        "support": 185
    },
    "TAM": {
        "precision": 0.9333333333333333,
        "recall": 0.9333333333333333,
        "f1-score": 0.9333333333333333,
        "support": 135
    },
    "micro avg": {
        "precision": 0.9195402298850575,
        "recall": 0.9026798307475318,
        "f1-score": 0.9110320284697508,
        "support": 709
    },
    "macro avg": {
        "precision": 0.9130747417034913,
        "recall": 0.9086111470321998,
        "f1-score": 0.9098519623615147,
        "support": 709
    },
    "weighted avg": {
        "precision": 0.919025827224605,
        "recall": 0.9026798307475318,
        "f1-score": 0.9104980645131999,
        "support": 709
    },
    "training_time": 142.780757188797
}