{
    "ACH": {
        "precision": 0.9086294416243654,
        "recall": 0.9421052631578948,
        "f1-score": 0.9250645994832041,
        "support": 190
    },
    "ATE": {
        "precision": 0.96875,
        "recall": 0.9393939393939394,
        "f1-score": 0.9538461538461539,
        "support": 33
    },
    "BOR": {
        "precision": 0.9090909090909091,
        "recall": 0.625,
        "f1-score": 0.7407407407407406,
        "support": 16
    },
    "CAL": {
        "precision": 0.9527027027027027,
        "recall": 0.94,
        "f1-score": 0.9463087248322148,
        "support": 150
    },
    "LOC": {
        "precision": 0.8756756756756757,
        "recall": 0.8756756756756757,
        "f1-score": 0.8756756756756757,
        "support": 185
    },
    "TAM": {
        "precision": 0.8840579710144928,
        "recall": 0.9037037037037037,
        "f1-score": 0.8937728937728937,
        "support": 135
    },
    "micro avg": {
        "precision": 0.9071729957805907,
        "recall": 0.9097320169252469,
        "f1-score": 0.9084507042253522,
        "support": 709
    },
    "macro avg": {
        "precision": 0.9164844500180244,
        "recall": 0.8709797636552022,
        "f1-score": 0.8892347980584804,
        "support": 709
    },
    "weighted avg": {
        "precision": 0.9074852326466091,
        "recall": 0.9097320169252469,
        "f1-score": 0.9078937915581898,
        "support": 709
    },
    "training_time": 193.65441131591797
}