{
    "ACH": {
        "precision": 0.9456521739130435,
        "recall": 0.9157894736842105,
        "f1-score": 0.9304812834224598,
        "support": 190
    },
    "ATE": {
        "precision": 0.84375,
        "recall": 0.8181818181818182,
        "f1-score": 0.8307692307692308,
        "support": 33
    },
    "BOR": {
        "precision": 0.875,
        "recall": 0.875,
        "f1-score": 0.875,
        "support": 16
    },
    "CAL": {
        "precision": 0.9290322580645162,
        "recall": 0.96,
        "f1-score": 0.9442622950819672,
        "support": 150
    },
    "LOC": {
        "precision": 0.8191489361702128,
        "recall": 0.8324324324324325,
        "f1-score": 0.8257372654155496,
        "support": 185
    },
    "TAM": {
        "precision": 0.9253731343283582,
        "recall": 0.9185185185185185,
        "f1-score": 0.9219330855018587,
        "support": 135
    },
    "micro avg": {
        "precision": 0.8984485190409027,
        "recall": 0.8984485190409027,
        "f1-score": 0.8984485190409027,
        "support": 709
    },
    "macro avg": {
        "precision": 0.889659417079355,
        "recall": 0.8866537071361633,
        "f1-score": 0.888030526698511,
        "support": 709
    },
    "weighted avg": {
        "precision": 0.898928671479511,
        "recall": 0.8984485190409027,
        "f1-score": 0.8985451810614594,
        "support": 709
    },
    "training_time": 123.40998554229736
}