{
    "ACH": {
        "precision": 0.9621621621621622,
        "recall": 0.9368421052631579,
        "f1-score": 0.9493333333333333,
        "support": 190
    },
    "ATE": {
        "precision": 0.896551724137931,
        "recall": 0.7878787878787878,
        "f1-score": 0.8387096774193549,
        "support": 33
    },
    "BOR": {
        "precision": 0.8823529411764706,
        "recall": 0.9375,
        "f1-score": 0.9090909090909091,
        "support": 16
    },
    "CAL": {
        "precision": 0.9477124183006536,
        "recall": 0.9666666666666667,
        "f1-score": 0.9570957095709571,
        "support": 150
    },
    "LOC": {
        "precision": 0.8622448979591837,
        "recall": 0.9135135135135135,
        "f1-score": 0.8871391076115485,
        "support": 185
    },
    "TAM": {
        "precision": 0.9291338582677166,
        "recall": 0.8740740740740741,
        "f1-score": 0.900763358778626,
        "support": 135
    },
    "micro avg": {
        "precision": 0.9207920792079208,
        "recall": 0.918194640338505,
        "f1-score": 0.9194915254237289,
        "support": 709
    },
    "macro avg": {
        "precision": 0.9133596670006864,
        "recall": 0.9027458578993667,
        "f1-score": 0.9070220159674548,
        "support": 709
    },
    "weighted avg": {
        "precision": 0.9218898511986953,
        "recall": 0.918194640338505,
        "f1-score": 0.919441963346292,
        "support": 709
    },
    "training_time": 145.0266535282135
}