{
    "ACH": {
        "precision": 0.956989247311828,
        "recall": 0.9368421052631579,
        "f1-score": 0.946808510638298,
        "support": 190
    },
    "ATE": {
        "precision": 0.9375,
        "recall": 0.9090909090909091,
        "f1-score": 0.923076923076923,
        "support": 33
    },
    "BOR": {
        "precision": 0.8,
        "recall": 1.0,
        "f1-score": 0.888888888888889,
        "support": 16
    },
    "CAL": {
        "precision": 0.9415584415584416,
        "recall": 0.9666666666666667,
        "f1-score": 0.9539473684210527,
        "support": 150
    },
    "LOC": {
        "precision": 0.8702702702702703,
        "recall": 0.8702702702702703,
        "f1-score": 0.8702702702702703,
        "support": 185
    },
    "TAM": {
        "precision": 0.9323308270676691,
        "recall": 0.9185185185185185,
        "f1-score": 0.9253731343283582,
        "support": 135
    },
    "micro avg": {
        "precision": 0.9211267605633803,
        "recall": 0.922425952045134,
        "f1-score": 0.9217758985200846,
        "support": 709
    },
    "macro avg": {
        "precision": 0.9064414643680347,
        "recall": 0.9335647449682537,
        "f1-score": 0.9180608492706318,
        "support": 709
    },
    "weighted avg": {
        "precision": 0.9219518827604357,
        "recall": 0.922425952045134,
        "f1-score": 0.9218545220063802,
        "support": 709
    },
    "training_time": 195.6213343143463
}