{
    "ACH": {
        "precision": 0.9558011049723757,
        "recall": 0.9105263157894737,
        "f1-score": 0.9326145552560646,
        "support": 190
    },
    "ATE": {
        "precision": 0.9666666666666667,
        "recall": 0.8787878787878788,
        "f1-score": 0.9206349206349207,
        "support": 33
    },
    "BOR": {
        "precision": 0.9375,
        "recall": 0.9375,
        "f1-score": 0.9375,
        "support": 16
    },
    "CAL": {
        "precision": 0.952054794520548,
        "recall": 0.9266666666666666,
        "f1-score": 0.939189189189189,
        "support": 150
    },
    "LOC": {
        "precision": 0.8010204081632653,
        "recall": 0.8486486486486486,
        "f1-score": 0.8241469816272965,
        "support": 185
    },
    "TAM": {
        "precision": 0.8865248226950354,
        "recall": 0.9259259259259259,
        "f1-score": 0.9057971014492754,
        "support": 135
    },
    "micro avg": {
        "precision": 0.8985915492957747,
        "recall": 0.8998589562764457,
        "f1-score": 0.8992248062015503,
        "support": 709
    },
    "macro avg": {
        "precision": 0.9165946328363151,
        "recall": 0.9046759059697655,
        "f1-score": 0.9099804580261243,
        "support": 709
    },
    "weighted avg": {
        "precision": 0.9015233507713223,
        "recall": 0.8998589562764457,
        "f1-score": 0.9001493604438434,
        "support": 709
    },
    "training_time": 127.27453374862671
}