{
    "ACH": {
        "precision": 0.956989247311828,
        "recall": 0.9368421052631579,
        "f1-score": 0.946808510638298,
        "support": 190
    },
    "ATE": {
        "precision": 0.8333333333333334,
        "recall": 0.9090909090909091,
        "f1-score": 0.8695652173913043,
        "support": 33
    },
    "BOR": {
        "precision": 0.7647058823529411,
        "recall": 0.8125,
        "f1-score": 0.787878787878788,
        "support": 16
    },
    "CAL": {
        "precision": 0.9281045751633987,
        "recall": 0.9466666666666667,
        "f1-score": 0.9372937293729374,
        "support": 150
    },
    "LOC": {
        "precision": 0.8140703517587939,
        "recall": 0.8756756756756757,
        "f1-score": 0.8437499999999999,
        "support": 185
    },
    "TAM": {
        "precision": 0.8978102189781022,
        "recall": 0.9111111111111111,
        "f1-score": 0.9044117647058824,
        "support": 135
    },
    "micro avg": {
        "precision": 0.8901098901098901,
        "recall": 0.9139633286318759,
        "f1-score": 0.9018789144050104,
        "support": 709
    },
    "macro avg": {
        "precision": 0.8658356014830662,
        "recall": 0.8986477446345869,
        "f1-score": 0.8816180016645351,
        "support": 709
    },
    "weighted avg": {
        "precision": 0.8922233173749292,
        "recall": 0.9139633286318759,
        "f1-score": 0.9026498271403174,
        "support": 709
    },
    "training_time": 149.57194638252258
}