{
    "ACH": {
        "precision": 0.9516129032258065,
        "recall": 0.9315789473684211,
        "f1-score": 0.9414893617021277,
        "support": 190
    },
    "ATE": {
        "precision": 0.9090909090909091,
        "recall": 0.9090909090909091,
        "f1-score": 0.9090909090909091,
        "support": 33
    },
    "BOR": {
        "precision": 0.7647058823529411,
        "recall": 0.8125,
        "f1-score": 0.787878787878788,
        "support": 16
    },
    "CAL": {
        "precision": 0.935064935064935,
        "recall": 0.96,
        "f1-score": 0.9473684210526316,
        "support": 150
    },
    "LOC": {
        "precision": 0.8418367346938775,
        "recall": 0.8918918918918919,
        "f1-score": 0.8661417322834645,
        "support": 185
    },
    "TAM": {
        "precision": 0.8689655172413793,
        "recall": 0.9333333333333333,
        "f1-score": 0.9,
        "support": 135
    },
    "micro avg": {
        "precision": 0.896032831737346,
        "recall": 0.923836389280677,
        "f1-score": 0.9097222222222222,
        "support": 709
    },
    "macro avg": {
        "precision": 0.8785461469449748,
        "recall": 0.9063991802807593,
        "f1-score": 0.8919948686679869,
        "support": 709
    },
    "weighted avg": {
        "precision": 0.8975340292471707,
        "recall": 0.923836389280677,
        "f1-score": 0.9101981988149513,
        "support": 709
    },
    "training_time": 202.999773979187
}