{
    "ACH": {
        "precision": 0.9269662921348315,
        "recall": 0.868421052631579,
        "f1-score": 0.8967391304347827,
        "support": 190
    },
    "ATE": {
        "precision": 0.8571428571428571,
        "recall": 0.7272727272727273,
        "f1-score": 0.7868852459016394,
        "support": 33
    },
    "BOR": {
        "precision": 0.8,
        "recall": 0.5,
        "f1-score": 0.6153846153846154,
        "support": 16
    },
    "CAL": {
        "precision": 0.9470198675496688,
        "recall": 0.9533333333333334,
        "f1-score": 0.9501661129568105,
        "support": 150
    },
    "LOC": {
        "precision": 0.8469945355191257,
        "recall": 0.8378378378378378,
        "f1-score": 0.842391304347826,
        "support": 185
    },
    "TAM": {
        "precision": 0.8723404255319149,
        "recall": 0.9111111111111111,
        "f1-score": 0.891304347826087,
        "support": 135
    },
    "micro avg": {
        "precision": 0.894356005788712,
        "recall": 0.8716502115655853,
        "f1-score": 0.8828571428571429,
        "support": 709
    },
    "macro avg": {
        "precision": 0.8750773296463996,
        "recall": 0.7996626770310981,
        "f1-score": 0.8304784594752935,
        "support": 709
    },
    "weighted avg": {
        "precision": 0.8938254392688708,
        "recall": 0.8716502115655853,
        "f1-score": 0.8813641705894327,
        "support": 709
    },
    "training_time": 73.89285802841187
}