{
    "ACH": {
        "precision": 0.9273743016759777,
        "recall": 0.8736842105263158,
        "f1-score": 0.8997289972899729,
        "support": 190
    },
    "ATE": {
        "precision": 0.96,
        "recall": 0.7272727272727273,
        "f1-score": 0.8275862068965517,
        "support": 33
    },
    "BOR": {
        "precision": 1.0,
        "recall": 0.5625,
        "f1-score": 0.72,
        "support": 16
    },
    "CAL": {
        "precision": 0.9324324324324325,
        "recall": 0.92,
        "f1-score": 0.9261744966442953,
        "support": 150
    },
    "LOC": {
        "precision": 0.8505747126436781,
        "recall": 0.8,
        "f1-score": 0.8245125348189416,
        "support": 185
    },
    "TAM": {
        "precision": 0.8796992481203008,
        "recall": 0.8666666666666667,
        "f1-score": 0.8731343283582089,
        "support": 135
    },
    "micro avg": {
        "precision": 0.9011976047904192,
        "recall": 0.849083215796897,
        "f1-score": 0.8743645606390704,
        "support": 709
    },
    "macro avg": {
        "precision": 0.9250134491453982,
        "recall": 0.7916872674109516,
        "f1-score": 0.8451894273346617,
        "support": 709
    },
    "weighted avg": {
        "precision": 0.902484770830214,
        "recall": 0.849083215796897,
        "f1-score": 0.873220002932564,
        "support": 709
    },
    "training_time": 91.96374893188477
}