{
    "ACH": {
        "precision": 0.9825581395348837,
        "recall": 0.8894736842105263,
        "f1-score": 0.9337016574585636,
        "support": 190
    },
    "ATE": {
        "precision": 0.9655172413793104,
        "recall": 0.8484848484848485,
        "f1-score": 0.9032258064516129,
        "support": 33
    },
    "BOR": {
        "precision": 1.0,
        "recall": 0.5625,
        "f1-score": 0.72,
        "support": 16
    },
    "CAL": {
        "precision": 0.9565217391304348,
        "recall": 0.88,
        "f1-score": 0.9166666666666666,
        "support": 150
    },
    "LOC": {
        "precision": 0.8983050847457628,
        "recall": 0.572972972972973,
        "f1-score": 0.6996699669966996,
        "support": 185
    },
    "TAM": {
        "precision": 0.9482758620689655,
        "recall": 0.8148148148148148,
        "f1-score": 0.8764940239043825,
        "support": 135
    },
    "micro avg": {
        "precision": 0.9518900343642611,
        "recall": 0.7813822284908322,
        "f1-score": 0.8582494190549962,
        "support": 709
    },
    "macro avg": {
        "precision": 0.958529677809893,
        "recall": 0.7613743867471937,
        "f1-score": 0.8416263535796542,
        "support": 709
    },
    "weighted avg": {
        "precision": 0.9481383052242409,
        "recall": 0.7813822284908322,
        "f1-score": 0.8518976074069272,
        "support": 709
    },
    "training_time": 133.59226274490356
}