{
    "ACH": {
        "precision": 0.8950276243093923,
        "recall": 0.8526315789473684,
        "f1-score": 0.8733153638814016,
        "support": 190
    },
    "ATE": {
        "precision": 0.8571428571428571,
        "recall": 0.7272727272727273,
        "f1-score": 0.7868852459016394,
        "support": 33
    },
    "BOR": {
        "precision": 0.8333333333333334,
        "recall": 0.625,
        "f1-score": 0.7142857142857143,
        "support": 16
    },
    "CAL": {
        "precision": 0.9342105263157895,
        "recall": 0.9466666666666667,
        "f1-score": 0.9403973509933775,
        "support": 150
    },
    "LOC": {
        "precision": 0.8641304347826086,
        "recall": 0.8594594594594595,
        "f1-score": 0.861788617886179,
        "support": 185
    },
    "TAM": {
        "precision": 0.9015151515151515,
        "recall": 0.8814814814814815,
        "f1-score": 0.8913857677902621,
        "support": 135
    },
    "micro avg": {
        "precision": 0.8940493468795355,
        "recall": 0.8688293370944993,
        "f1-score": 0.8812589413447782,
        "support": 709
    },
    "macro avg": {
        "precision": 0.8808933212331888,
        "recall": 0.8154186523046172,
        "f1-score": 0.844676343456429,
        "support": 709
    },
    "weighted avg": {
        "precision": 0.8933350508808585,
        "recall": 0.8688293370944993,
        "f1-score": 0.8803290257974992,
        "support": 709
    },
    "training_time": 75.07956957817078
}