{
    "ACH": {
        "precision": 0.9560439560439561,
        "recall": 0.9157894736842105,
        "f1-score": 0.935483870967742,
        "support": 190
    },
    "ATE": {
        "precision": 0.9032258064516129,
        "recall": 0.8484848484848485,
        "f1-score": 0.875,
        "support": 33
    },
    "BOR": {
        "precision": 0.7692307692307693,
        "recall": 0.625,
        "f1-score": 0.6896551724137931,
        "support": 16
    },
    "CAL": {
        "precision": 0.9403973509933775,
        "recall": 0.9466666666666667,
        "f1-score": 0.9435215946843853,
        "support": 150
    },
    "LOC": {
        "precision": 0.8636363636363636,
        "recall": 0.8216216216216217,
        "f1-score": 0.8421052631578947,
        "support": 185
    },
    "TAM": {
        "precision": 0.8936170212765957,
        "recall": 0.9333333333333333,
        "f1-score": 0.9130434782608695,
        "support": 135
    },
    "micro avg": {
        "precision": 0.9106628242074928,
        "recall": 0.8913963328631875,
        "f1-score": 0.9009265858873842,
        "support": 709
    },
    "macro avg": {
        "precision": 0.8876918779387791,
        "recall": 0.8484826572984469,
        "f1-score": 0.8664682299141141,
        "support": 709
    },
    "weighted avg": {
        "precision": 0.9100608227969273,
        "recall": 0.8913963328631875,
        "f1-score": 0.9001833578202784,
        "support": 709
    },
    "training_time": 93.31825590133667
}