{
    "ACH": {
        "precision": 0.9657142857142857,
        "recall": 0.8894736842105263,
        "f1-score": 0.926027397260274,
        "support": 190
    },
    "ATE": {
        "precision": 0.9032258064516129,
        "recall": 0.8484848484848485,
        "f1-score": 0.875,
        "support": 33
    },
    "BOR": {
        "precision": 0.6428571428571429,
        "recall": 0.5625,
        "f1-score": 0.6000000000000001,
        "support": 16
    },
    "CAL": {
        "precision": 0.9403973509933775,
        "recall": 0.9466666666666667,
        "f1-score": 0.9435215946843853,
        "support": 150
    },
    "LOC": {
        "precision": 0.8351063829787234,
        "recall": 0.8486486486486486,
        "f1-score": 0.8418230563002682,
        "support": 185
    },
    "TAM": {
        "precision": 0.8266666666666667,
        "recall": 0.9185185185185185,
        "f1-score": 0.8701754385964913,
        "support": 135
    },
    "micro avg": {
        "precision": 0.8871650211565585,
        "recall": 0.8871650211565585,
        "f1-score": 0.8871650211565585,
        "support": 709
    },
    "macro avg": {
        "precision": 0.852327939276968,
        "recall": 0.8357153944215349,
        "f1-score": 0.8427579144735698,
        "support": 709
    },
    "weighted avg": {
        "precision": 0.8896081293150949,
        "recall": 0.8871650211565585,
        "f1-score": 0.8873898368239574,
        "support": 709
    },
    "training_time": 135.96313524246216
}