{
    "ACH": {
        "precision": 0.9702380952380952,
        "recall": 0.8578947368421053,
        "f1-score": 0.9106145251396648,
        "support": 190
    },
    "ATE": {
        "precision": 0.8787878787878788,
        "recall": 0.8787878787878788,
        "f1-score": 0.8787878787878788,
        "support": 33
    },
    "BOR": {
        "precision": 0.8888888888888888,
        "recall": 0.5,
        "f1-score": 0.64,
        "support": 16
    },
    "CAL": {
        "precision": 0.9440559440559441,
        "recall": 0.9,
        "f1-score": 0.9215017064846417,
        "support": 150
    },
    "LOC": {
        "precision": 0.8764044943820225,
        "recall": 0.8432432432432433,
        "f1-score": 0.859504132231405,
        "support": 185
    },
    "TAM": {
        "precision": 0.8976377952755905,
        "recall": 0.8444444444444444,
        "f1-score": 0.8702290076335878,
        "support": 135
    },
    "micro avg": {
        "precision": 0.9194528875379939,
        "recall": 0.8533145275035261,
        "f1-score": 0.8851499634235552,
        "support": 709
    },
    "macro avg": {
        "precision": 0.9093355161047367,
        "recall": 0.804061717219612,
        "f1-score": 0.8467728750461964,
        "support": 709
    },
    "weighted avg": {
        "precision": 0.9202987105059672,
        "recall": 0.8533145275035261,
        "f1-score": 0.8843035207934794,
        "support": 709
    },
    "training_time": 77.81322622299194
}