{
    "ACH": {
        "precision": 0.9625668449197861,
        "recall": 0.9473684210526315,
        "f1-score": 0.9549071618037135,
        "support": 190
    },
    "ATE": {
        "precision": 0.9375,
        "recall": 0.9090909090909091,
        "f1-score": 0.923076923076923,
        "support": 33
    },
    "BOR": {
        "precision": 0.9285714285714286,
        "recall": 0.8125,
        "f1-score": 0.8666666666666666,
        "support": 16
    },
    "CAL": {
        "precision": 0.9473684210526315,
        "recall": 0.96,
        "f1-score": 0.9536423841059603,
        "support": 150
    },
    "LOC": {
        "precision": 0.8839779005524862,
        "recall": 0.8648648648648649,
        "f1-score": 0.8743169398907105,
        "support": 185
    },
    "TAM": {
        "precision": 0.9104477611940298,
        "recall": 0.9037037037037037,
        "f1-score": 0.9070631970260223,
        "support": 135
    },
    "micro avg": {
        "precision": 0.9271428571428572,
        "recall": 0.9153737658674189,
        "f1-score": 0.9212207239176722,
        "support": 709
    },
    "macro avg": {
        "precision": 0.9284053927150603,
        "recall": 0.8995879831186849,
        "f1-score": 0.913278878761666,
        "support": 709
    },
    "weighted avg": {
        "precision": 0.9269872579875894,
        "recall": 0.9153737658674189,
        "f1-score": 0.9210283342243994,
        "support": 709
    },
    "training_time": 96.31452298164368
}