{
    "ACH": {
        "precision": 0.9516129032258065,
        "recall": 0.9315789473684211,
        "f1-score": 0.9414893617021277,
        "support": 190
    },
    "ATE": {
        "precision": 0.9090909090909091,
        "recall": 0.9090909090909091,
        "f1-score": 0.9090909090909091,
        "support": 33
    },
    "BOR": {
        "precision": 0.8666666666666667,
        "recall": 0.8125,
        "f1-score": 0.8387096774193549,
        "support": 16
    },
    "CAL": {
        "precision": 0.959731543624161,
        "recall": 0.9533333333333334,
        "f1-score": 0.9565217391304347,
        "support": 150
    },
    "LOC": {
        "precision": 0.8461538461538461,
        "recall": 0.8918918918918919,
        "f1-score": 0.868421052631579,
        "support": 185
    },
    "TAM": {
        "precision": 0.8857142857142857,
        "recall": 0.9185185185185185,
        "f1-score": 0.9018181818181817,
        "support": 135
    },
    "micro avg": {
        "precision": 0.9080779944289693,
        "recall": 0.919605077574048,
        "f1-score": 0.9138051857042747,
        "support": 709
    },
    "macro avg": {
        "precision": 0.9031616924126125,
        "recall": 0.902818933367179,
        "f1-score": 0.9026751536320977,
        "support": 709
    },
    "weighted avg": {
        "precision": 0.9093691677476504,
        "recall": 0.919605077574048,
        "f1-score": 0.9142227696953115,
        "support": 709
    },
    "training_time": 140.46961069107056
}