{
    "ACH": {
        "precision": 0.9502762430939227,
        "recall": 0.9052631578947369,
        "f1-score": 0.9272237196765499,
        "support": 190
    },
    "ATE": {
        "precision": 0.9259259259259259,
        "recall": 0.7575757575757576,
        "f1-score": 0.8333333333333334,
        "support": 33
    },
    "BOR": {
        "precision": 0.8,
        "recall": 0.75,
        "f1-score": 0.7741935483870969,
        "support": 16
    },
    "CAL": {
        "precision": 0.9463087248322147,
        "recall": 0.94,
        "f1-score": 0.94314381270903,
        "support": 150
    },
    "LOC": {
        "precision": 0.8757062146892656,
        "recall": 0.8378378378378378,
        "f1-score": 0.856353591160221,
        "support": 185
    },
    "TAM": {
        "precision": 0.8905109489051095,
        "recall": 0.9037037037037037,
        "f1-score": 0.8970588235294118,
        "support": 135
    },
    "micro avg": {
        "precision": 0.9139941690962099,
        "recall": 0.8843441466854725,
        "f1-score": 0.8989247311827957,
        "support": 709
    },
    "macro avg": {
        "precision": 0.8981213429077398,
        "recall": 0.8490634095020059,
        "f1-score": 0.8718844714659405,
        "support": 709
    },
    "weighted avg": {
        "precision": 0.9140747225499816,
        "recall": 0.8843441466854725,
        "f1-score": 0.8985324837238421,
        "support": 709
    },
    "training_time": 656.0395004749298
}