{
    "ACH": {
        "precision": 0.9757575757575757,
        "recall": 0.8341968911917098,
        "f1-score": 0.8994413407821229,
        "support": 193
    },
    "ATE": {
        "precision": 0.8604651162790697,
        "recall": 0.8604651162790697,
        "f1-score": 0.8604651162790697,
        "support": 43
    },
    "BOR": {
        "precision": 0.8,
        "recall": 0.7058823529411765,
        "f1-score": 0.7500000000000001,
        "support": 17
    },
    "CAL": {
        "precision": 0.9632352941176471,
        "recall": 0.8851351351351351,
        "f1-score": 0.9225352112676056,
        "support": 148
    },
    "LOC": {
        "precision": 0.9006211180124224,
        "recall": 0.7712765957446809,
        "f1-score": 0.8309455587392551,
        "support": 188
    },
    "TAM": {
        "precision": 0.9262295081967213,
        "recall": 0.8432835820895522,
        "f1-score": 0.8828125,
        "support": 134
    },
    "micro avg": {
        "precision": 0.9330218068535826,
        "recall": 0.8284923928077456,
        "f1-score": 0.8776556776556776,
        "support": 723
    },
    "macro avg": {
        "precision": 0.9043847687272395,
        "recall": 0.8167066122302207,
        "f1-score": 0.8576999545113422,
        "support": 723
    },
    "weighted avg": {
        "precision": 0.9334876347653112,
        "recall": 0.8284923928077456,
        "f1-score": 0.8774440250090391,
        "support": 723
    },
    "training_time": 209.12656474113464
}