{
    "ACH": {
        "precision": 0.9488636363636364,
        "recall": 0.8652849740932642,
        "f1-score": 0.9051490514905149,
        "support": 193
    },
    "ATE": {
        "precision": 0.8809523809523809,
        "recall": 0.8604651162790697,
        "f1-score": 0.8705882352941177,
        "support": 43
    },
    "BOR": {
        "precision": 0.8421052631578947,
        "recall": 0.9411764705882353,
        "f1-score": 0.8888888888888888,
        "support": 17
    },
    "CAL": {
        "precision": 0.9530201342281879,
        "recall": 0.9594594594594594,
        "f1-score": 0.9562289562289561,
        "support": 148
    },
    "LOC": {
        "precision": 0.812807881773399,
        "recall": 0.8776595744680851,
        "f1-score": 0.8439897698209718,
        "support": 188
    },
    "TAM": {
        "precision": 0.9111111111111111,
        "recall": 0.917910447761194,
        "f1-score": 0.9144981412639405,
        "support": 134
    },
    "micro avg": {
        "precision": 0.8977900552486188,
        "recall": 0.8990318118948825,
        "f1-score": 0.8984105044920525,
        "support": 723
    },
    "macro avg": {
        "precision": 0.8914767345977683,
        "recall": 0.9036593404415513,
        "f1-score": 0.8965571738312316,
        "support": 723
    },
    "weighted avg": {
        "precision": 0.9007900058103432,
        "recall": 0.8990318118948825,
        "f1-score": 0.898997075164625,
        "support": 723
    },
    "training_time": 232.2802448272705
}