{
    "ACH": {
        "precision": 0.9560439560439561,
        "recall": 0.9015544041450777,
        "f1-score": 0.928,
        "support": 193
    },
    "ATE": {
        "precision": 0.7346938775510204,
        "recall": 0.8372093023255814,
        "f1-score": 0.782608695652174,
        "support": 43
    },
    "BOR": {
        "precision": 0.6666666666666666,
        "recall": 0.9411764705882353,
        "f1-score": 0.7804878048780487,
        "support": 17
    },
    "CAL": {
        "precision": 0.958904109589041,
        "recall": 0.9459459459459459,
        "f1-score": 0.9523809523809523,
        "support": 148
    },
    "LOC": {
        "precision": 0.7772511848341233,
        "recall": 0.8723404255319149,
        "f1-score": 0.8220551378446115,
        "support": 188
    },
    "TAM": {
        "precision": 0.8873239436619719,
        "recall": 0.9402985074626866,
        "f1-score": 0.9130434782608696,
        "support": 134
    },
    "micro avg": {
        "precision": 0.870026525198939,
        "recall": 0.9073305670816044,
        "f1-score": 0.888287068381855,
        "support": 723
    },
    "macro avg": {
        "precision": 0.8301472897244633,
        "recall": 0.9064208426665736,
        "f1-score": 0.8630960115027758,
        "support": 723
    },
    "weighted avg": {
        "precision": 0.8774330470307168,
        "recall": 0.9073305670816044,
        "f1-score": 0.8905546881744049,
        "support": 723
    },
    "training_time": 302.352881193161
}