{
    "ACH": {
        "precision": 0.975609756097561,
        "recall": 0.8290155440414507,
        "f1-score": 0.8963585434173669,
        "support": 193
    },
    "ATE": {
        "precision": 0.8181818181818182,
        "recall": 0.8372093023255814,
        "f1-score": 0.8275862068965518,
        "support": 43
    },
    "BOR": {
        "precision": 0.8095238095238095,
        "recall": 1.0,
        "f1-score": 0.8947368421052632,
        "support": 17
    },
    "CAL": {
        "precision": 0.9640287769784173,
        "recall": 0.9054054054054054,
        "f1-score": 0.9337979094076654,
        "support": 148
    },
    "LOC": {
        "precision": 0.8505154639175257,
        "recall": 0.8776595744680851,
        "f1-score": 0.8638743455497381,
        "support": 188
    },
    "TAM": {
        "precision": 0.9064748201438849,
        "recall": 0.9402985074626866,
        "f1-score": 0.9230769230769231,
        "support": 134
    },
    "micro avg": {
        "precision": 0.9101283880171184,
        "recall": 0.8824343015214384,
        "f1-score": 0.8960674157303371,
        "support": 723
    },
    "macro avg": {
        "precision": 0.8873890741405027,
        "recall": 0.8982647222838681,
        "f1-score": 0.889905128408918,
        "support": 723
    },
    "weighted avg": {
        "precision": 0.9146295960983863,
        "recall": 0.8824343015214384,
        "f1-score": 0.8963993185890539,
        "support": 723
    },
    "training_time": 213.34748482704163
}