{
    "ACH": {
        "precision": 0.9611111111111111,
        "recall": 0.8963730569948186,
        "f1-score": 0.9276139410187667,
        "support": 193
    },
    "ATE": {
        "precision": 0.8837209302325582,
        "recall": 0.8837209302325582,
        "f1-score": 0.8837209302325582,
        "support": 43
    },
    "BOR": {
        "precision": 0.8421052631578947,
        "recall": 0.9411764705882353,
        "f1-score": 0.8888888888888888,
        "support": 17
    },
    "CAL": {
        "precision": 0.958904109589041,
        "recall": 0.9459459459459459,
        "f1-score": 0.9523809523809523,
        "support": 148
    },
    "LOC": {
        "precision": 0.8232323232323232,
        "recall": 0.8670212765957447,
        "f1-score": 0.844559585492228,
        "support": 188
    },
    "TAM": {
        "precision": 0.9022556390977443,
        "recall": 0.8955223880597015,
        "f1-score": 0.8988764044943821,
        "support": 134
    },
    "micro avg": {
        "precision": 0.9040333796940194,
        "recall": 0.8990318118948825,
        "f1-score": 0.9015256588072122,
        "support": 723
    },
    "macro avg": {
        "precision": 0.8952215627367787,
        "recall": 0.9049600114028339,
        "f1-score": 0.8993401170846295,
        "support": 723
    },
    "weighted avg": {
        "precision": 0.9064978901024636,
        "recall": 0.8990318118948825,
        "f1-score": 0.9022401423995852,
        "support": 723
    },
    "training_time": 236.77153158187866
}