{
    "ACH": {
        "precision": 0.925531914893617,
        "recall": 0.9015544041450777,
        "f1-score": 0.9133858267716536,
        "support": 193
    },
    "ATE": {
        "precision": 0.7916666666666666,
        "recall": 0.8837209302325582,
        "f1-score": 0.8351648351648352,
        "support": 43
    },
    "BOR": {
        "precision": 0.7777777777777778,
        "recall": 0.8235294117647058,
        "f1-score": 0.7999999999999999,
        "support": 17
    },
    "CAL": {
        "precision": 0.958904109589041,
        "recall": 0.9459459459459459,
        "f1-score": 0.9523809523809523,
        "support": 148
    },
    "LOC": {
        "precision": 0.8429319371727748,
        "recall": 0.8563829787234043,
        "f1-score": 0.8496042216358839,
        "support": 188
    },
    "TAM": {
        "precision": 0.9133858267716536,
        "recall": 0.8656716417910447,
        "f1-score": 0.8888888888888888,
        "support": 134
    },
    "micro avg": {
        "precision": 0.8955431754874652,
        "recall": 0.8893499308437067,
        "f1-score": 0.8924358084663427,
        "support": 723
    },
    "macro avg": {
        "precision": 0.8683663721452551,
        "recall": 0.8794675521004561,
        "f1-score": 0.873237454140369,
        "support": 723
    },
    "weighted avg": {
        "precision": 0.8971981489051429,
        "recall": 0.8893499308437067,
        "f1-score": 0.8929248108022894,
        "support": 723
    },
    "training_time": 307.00696086883545
}