{
    "ACH": {
        "precision": 0.9431818181818182,
        "recall": 0.8601036269430051,
        "f1-score": 0.8997289972899728,
        "support": 193
    },
    "ATE": {
        "precision": 0.7857142857142857,
        "recall": 0.7674418604651163,
        "f1-score": 0.7764705882352941,
        "support": 43
    },
    "BOR": {
        "precision": 0.6842105263157895,
        "recall": 0.7647058823529411,
        "f1-score": 0.7222222222222222,
        "support": 17
    },
    "CAL": {
        "precision": 0.9574468085106383,
        "recall": 0.9121621621621622,
        "f1-score": 0.9342560553633218,
        "support": 148
    },
    "LOC": {
        "precision": 0.8291457286432161,
        "recall": 0.8776595744680851,
        "f1-score": 0.8527131782945737,
        "support": 188
    },
    "TAM": {
        "precision": 0.9253731343283582,
        "recall": 0.9253731343283582,
        "f1-score": 0.9253731343283582,
        "support": 134
    },
    "micro avg": {
        "precision": 0.8945147679324894,
        "recall": 0.8796680497925311,
        "f1-score": 0.8870292887029289,
        "support": 723
    },
    "macro avg": {
        "precision": 0.8541787169490176,
        "recall": 0.8512410401199446,
        "f1-score": 0.8517940292889573,
        "support": 723
    },
    "weighted avg": {
        "precision": 0.8976942030244436,
        "recall": 0.8796680497925311,
        "f1-score": 0.8878197555491171,
        "support": 723
    },
    "training_time": 218.3197054862976
}