{
    "ACH": {
        "precision": 0.9595375722543352,
        "recall": 0.8601036269430051,
        "f1-score": 0.907103825136612,
        "support": 193
    },
    "ATE": {
        "precision": 0.7708333333333334,
        "recall": 0.8604651162790697,
        "f1-score": 0.8131868131868132,
        "support": 43
    },
    "BOR": {
        "precision": 0.8421052631578947,
        "recall": 0.9411764705882353,
        "f1-score": 0.8888888888888888,
        "support": 17
    },
    "CAL": {
        "precision": 0.9492753623188406,
        "recall": 0.8851351351351351,
        "f1-score": 0.916083916083916,
        "support": 148
    },
    "LOC": {
        "precision": 0.850828729281768,
        "recall": 0.8191489361702128,
        "f1-score": 0.8346883468834688,
        "support": 188
    },
    "TAM": {
        "precision": 0.8978102189781022,
        "recall": 0.917910447761194,
        "f1-score": 0.9077490774907749,
        "support": 134
    },
    "micro avg": {
        "precision": 0.9008620689655172,
        "recall": 0.8672199170124482,
        "f1-score": 0.883720930232558,
        "support": 723
    },
    "macro avg": {
        "precision": 0.8783984132207124,
        "recall": 0.8806566221461422,
        "f1-score": 0.8779501446117455,
        "support": 723
    },
    "weighted avg": {
        "precision": 0.9037448109589636,
        "recall": 0.8672199170124482,
        "f1-score": 0.8842176867327604,
        "support": 723
    },
    "training_time": 244.2622799873352
}