{
    "ACH": {
        "precision": 0.9709302325581395,
        "recall": 0.8652849740932642,
        "f1-score": 0.915068493150685,
        "support": 193
    },
    "ATE": {
        "precision": 0.8372093023255814,
        "recall": 0.8372093023255814,
        "f1-score": 0.8372093023255814,
        "support": 43
    },
    "BOR": {
        "precision": 0.6875,
        "recall": 0.6470588235294118,
        "f1-score": 0.6666666666666667,
        "support": 17
    },
    "CAL": {
        "precision": 0.9635036496350365,
        "recall": 0.8918918918918919,
        "f1-score": 0.9263157894736843,
        "support": 148
    },
    "LOC": {
        "precision": 0.8641304347826086,
        "recall": 0.8457446808510638,
        "f1-score": 0.8548387096774193,
        "support": 188
    },
    "TAM": {
        "precision": 0.8923076923076924,
        "recall": 0.8656716417910447,
        "f1-score": 0.8787878787878788,
        "support": 134
    },
    "micro avg": {
        "precision": 0.9105571847507331,
        "recall": 0.8589211618257261,
        "f1-score": 0.8839857651245552,
        "support": 723
    },
    "macro avg": {
        "precision": 0.8692635519348432,
        "recall": 0.825476885747043,
        "f1-score": 0.8464811400136526,
        "support": 723
    },
    "weighted avg": {
        "precision": 0.9124499689323203,
        "recall": 0.8589211618257261,
        "f1-score": 0.8845138900836118,
        "support": 723
    },
    "training_time": 317.0806837081909
}