{
    "ACH": {
        "precision": 0.9344262295081968,
        "recall": 0.8860103626943006,
        "f1-score": 0.9095744680851064,
        "support": 193
    },
    "ATE": {
        "precision": 0.8,
        "recall": 0.8372093023255814,
        "f1-score": 0.8181818181818183,
        "support": 43
    },
    "BOR": {
        "precision": 0.7777777777777778,
        "recall": 0.8235294117647058,
        "f1-score": 0.7999999999999999,
        "support": 17
    },
    "CAL": {
        "precision": 0.958904109589041,
        "recall": 0.9459459459459459,
        "f1-score": 0.9523809523809523,
        "support": 148
    },
    "LOC": {
        "precision": 0.8104265402843602,
        "recall": 0.9095744680851063,
        "f1-score": 0.8571428571428572,
        "support": 188
    },
    "TAM": {
        "precision": 0.8785714285714286,
        "recall": 0.917910447761194,
        "f1-score": 0.8978102189781023,
        "support": 134
    },
    "micro avg": {
        "precision": 0.8815612382234186,
        "recall": 0.9059474412171508,
        "f1-score": 0.893587994542974,
        "support": 723
    },
    "macro avg": {
        "precision": 0.8600176809551341,
        "recall": 0.8866966564294724,
        "f1-score": 0.8725150524614725,
        "support": 723
    },
    "weighted avg": {
        "precision": 0.8851632831791333,
        "recall": 0.9059474412171508,
        "f1-score": 0.8945110621860961,
        "support": 723
    },
    "training_time": 119.02790021896362
}