{
    "ACH": {
        "precision": 0.9585798816568047,
        "recall": 0.8393782383419689,
        "f1-score": 0.8950276243093923,
        "support": 193
    },
    "ATE": {
        "precision": 0.8,
        "recall": 0.8372093023255814,
        "f1-score": 0.8181818181818183,
        "support": 43
    },
    "BOR": {
        "precision": 0.7894736842105263,
        "recall": 0.8823529411764706,
        "f1-score": 0.8333333333333333,
        "support": 17
    },
    "CAL": {
        "precision": 0.9637681159420289,
        "recall": 0.8986486486486487,
        "f1-score": 0.9300699300699301,
        "support": 148
    },
    "LOC": {
        "precision": 0.8219895287958116,
        "recall": 0.8351063829787234,
        "f1-score": 0.8284960422163589,
        "support": 188
    },
    "TAM": {
        "precision": 0.9398496240601504,
        "recall": 0.9328358208955224,
        "f1-score": 0.9363295880149812,
        "support": 134
    },
    "micro avg": {
        "precision": 0.9035971223021583,
        "recall": 0.8686030428769018,
        "f1-score": 0.8857545839210156,
        "support": 723
    },
    "macro avg": {
        "precision": 0.8789434724442202,
        "recall": 0.8709218890611524,
        "f1-score": 0.873573056020969,
        "support": 723
    },
    "weighted avg": {
        "precision": 0.9072455490849727,
        "recall": 0.8686030428769018,
        "f1-score": 0.8865346980929879,
        "support": 723
    },
    "training_time": 140.19459056854248
}