{
    "ACH": {
        "precision": 0.9647058823529412,
        "recall": 0.8497409326424871,
        "f1-score": 0.9035812672176309,
        "support": 193
    },
    "ATE": {
        "precision": 0.6,
        "recall": 0.6976744186046512,
        "f1-score": 0.6451612903225806,
        "support": 43
    },
    "BOR": {
        "precision": 0.7647058823529411,
        "recall": 0.7647058823529411,
        "f1-score": 0.7647058823529412,
        "support": 17
    },
    "CAL": {
        "precision": 0.9776119402985075,
        "recall": 0.8851351351351351,
        "f1-score": 0.9290780141843972,
        "support": 148
    },
    "LOC": {
        "precision": 0.8406593406593407,
        "recall": 0.8138297872340425,
        "f1-score": 0.827027027027027,
        "support": 188
    },
    "TAM": {
        "precision": 0.9448818897637795,
        "recall": 0.8955223880597015,
        "f1-score": 0.9195402298850575,
        "support": 134
    },
    "micro avg": {
        "precision": 0.8985294117647059,
        "recall": 0.8450899031811895,
        "f1-score": 0.8709907341411262,
        "support": 723
    },
    "macro avg": {
        "precision": 0.8487608225712516,
        "recall": 0.817768090671493,
        "f1-score": 0.8315156184982725,
        "support": 723
    },
    "weighted avg": {
        "precision": 0.9050248018403863,
        "recall": 0.8450899031811895,
        "f1-score": 0.8732173416899631,
        "support": 723
    },
    "training_time": 190.317533493042
}