{
    "ACH": {
        "precision": 0.9322033898305084,
        "recall": 0.8549222797927462,
        "f1-score": 0.8918918918918918,
        "support": 193
    },
    "ATE": {
        "precision": 0.8222222222222222,
        "recall": 0.8604651162790697,
        "f1-score": 0.8409090909090908,
        "support": 43
    },
    "BOR": {
        "precision": 0.7272727272727273,
        "recall": 0.9411764705882353,
        "f1-score": 0.8205128205128205,
        "support": 17
    },
    "CAL": {
        "precision": 0.971830985915493,
        "recall": 0.9324324324324325,
        "f1-score": 0.9517241379310345,
        "support": 148
    },
    "LOC": {
        "precision": 0.8219895287958116,
        "recall": 0.8351063829787234,
        "f1-score": 0.8284960422163589,
        "support": 188
    },
    "TAM": {
        "precision": 0.9090909090909091,
        "recall": 0.8955223880597015,
        "f1-score": 0.9022556390977443,
        "support": 134
    },
    "micro avg": {
        "precision": 0.8928067700987306,
        "recall": 0.8755186721991701,
        "f1-score": 0.8840782122905028,
        "support": 723
    },
    "macro avg": {
        "precision": 0.8641016271879454,
        "recall": 0.8866041783551514,
        "f1-score": 0.8726316037598236,
        "support": 723
    },
    "weighted avg": {
        "precision": 0.8960133406691113,
        "recall": 0.8755186721991701,
        "f1-score": 0.8848653222441359,
        "support": 723
    },
    "training_time": 134.5783953666687
}