{
    "ACH": {
        "precision": 0.9162303664921466,
        "recall": 0.9067357512953368,
        "f1-score": 0.9114583333333334,
        "support": 193
    },
    "ATE": {
        "precision": 0.7959183673469388,
        "recall": 0.9069767441860465,
        "f1-score": 0.8478260869565216,
        "support": 43
    },
    "BOR": {
        "precision": 0.7272727272727273,
        "recall": 0.9411764705882353,
        "f1-score": 0.8205128205128205,
        "support": 17
    },
    "CAL": {
        "precision": 0.9470198675496688,
        "recall": 0.9662162162162162,
        "f1-score": 0.9565217391304347,
        "support": 148
    },
    "LOC": {
        "precision": 0.8333333333333334,
        "recall": 0.8776595744680851,
        "f1-score": 0.8549222797927462,
        "support": 188
    },
    "TAM": {
        "precision": 0.847682119205298,
        "recall": 0.9552238805970149,
        "f1-score": 0.8982456140350877,
        "support": 134
    },
    "micro avg": {
        "precision": 0.8740157480314961,
        "recall": 0.921161825726141,
        "f1-score": 0.896969696969697,
        "support": 723
    },
    "macro avg": {
        "precision": 0.8445761302000188,
        "recall": 0.9256647728918224,
        "f1-score": 0.8815811456268241,
        "support": 723
    },
    "weighted avg": {
        "precision": 0.8766744093085291,
        "recall": 0.921161825726141,
        "f1-score": 0.8976102576683598,
        "support": 723
    },
    "training_time": 170.76338911056519
}