{
    "ACH": {
        "precision": 0.9649122807017544,
        "recall": 0.8549222797927462,
        "f1-score": 0.9065934065934066,
        "support": 193
    },
    "ATE": {
        "precision": 0.6666666666666666,
        "recall": 0.6976744186046512,
        "f1-score": 0.6818181818181818,
        "support": 43
    },
    "BOR": {
        "precision": 0.7333333333333333,
        "recall": 0.6470588235294118,
        "f1-score": 0.6875,
        "support": 17
    },
    "CAL": {
        "precision": 0.9696969696969697,
        "recall": 0.8648648648648649,
        "f1-score": 0.9142857142857143,
        "support": 148
    },
    "LOC": {
        "precision": 0.8674033149171271,
        "recall": 0.8351063829787234,
        "f1-score": 0.8509485094850948,
        "support": 188
    },
    "TAM": {
        "precision": 0.8888888888888888,
        "recall": 0.8955223880597015,
        "f1-score": 0.8921933085501859,
        "support": 134
    },
    "micro avg": {
        "precision": 0.8998527245949927,
        "recall": 0.8450899031811895,
        "f1-score": 0.8716119828815977,
        "support": 723
    },
    "macro avg": {
        "precision": 0.84848357570079,
        "recall": 0.7991915263050166,
        "f1-score": 0.822223186788764,
        "support": 723
    },
    "weighted avg": {
        "precision": 0.9032634707323022,
        "recall": 0.8450899031811895,
        "f1-score": 0.8725099835877147,
        "support": 723
    },
    "training_time": 234.1182689666748
}