{
    "ACH": {
        "precision": 0.9597701149425287,
        "recall": 0.8652849740932642,
        "f1-score": 0.9100817438692099,
        "support": 193
    },
    "ATE": {
        "precision": 0.7959183673469388,
        "recall": 0.9069767441860465,
        "f1-score": 0.8478260869565216,
        "support": 43
    },
    "BOR": {
        "precision": 0.6956521739130435,
        "recall": 0.9411764705882353,
        "f1-score": 0.7999999999999999,
        "support": 17
    },
    "CAL": {
        "precision": 0.9574468085106383,
        "recall": 0.9121621621621622,
        "f1-score": 0.9342560553633218,
        "support": 148
    },
    "LOC": {
        "precision": 0.8140703517587939,
        "recall": 0.8617021276595744,
        "f1-score": 0.8372093023255813,
        "support": 188
    },
    "TAM": {
        "precision": 0.9097744360902256,
        "recall": 0.9029850746268657,
        "f1-score": 0.906367041198502,
        "support": 134
    },
    "micro avg": {
        "precision": 0.8901251738525731,
        "recall": 0.8852005532503457,
        "f1-score": 0.8876560332871012,
        "support": 723
    },
    "macro avg": {
        "precision": 0.8554387087603615,
        "recall": 0.8983812588860247,
        "f1-score": 0.8726233716188561,
        "support": 723
    },
    "weighted avg": {
        "precision": 0.8961871883301051,
        "recall": 0.8852005532503457,
        "f1-score": 0.8891019735234691,
        "support": 723
    },
    "training_time": 149.74507546424866
}