{
    "ACH": {
        "precision": 0.918918918918919,
        "recall": 0.8808290155440415,
        "f1-score": 0.8994708994708995,
        "support": 193
    },
    "ATE": {
        "precision": 0.7659574468085106,
        "recall": 0.8372093023255814,
        "f1-score": 0.8,
        "support": 43
    },
    "BOR": {
        "precision": 0.8235294117647058,
        "recall": 0.8235294117647058,
        "f1-score": 0.8235294117647058,
        "support": 17
    },
    "CAL": {
        "precision": 0.9440559440559441,
        "recall": 0.9121621621621622,
        "f1-score": 0.9278350515463918,
        "support": 148
    },
    "LOC": {
        "precision": 0.82,
        "recall": 0.8723404255319149,
        "f1-score": 0.8453608247422681,
        "support": 188
    },
    "TAM": {
        "precision": 0.8300653594771242,
        "recall": 0.9477611940298507,
        "f1-score": 0.8850174216027874,
        "support": 134
    },
    "micro avg": {
        "precision": 0.8671140939597315,
        "recall": 0.8934993084370678,
        "f1-score": 0.8801089918256131,
        "support": 723
    },
    "macro avg": {
        "precision": 0.8504211801708673,
        "recall": 0.8789719185597095,
        "f1-score": 0.8635356015211754,
        "support": 723
    },
    "weighted avg": {
        "precision": 0.8705346603794352,
        "recall": 0.8934993084370678,
        "f1-score": 0.8808266124108846,
        "support": 723
    },
    "training_time": 170.8636326789856
}