{
    "ACH": {
        "precision": 0.9408602150537635,
        "recall": 0.9067357512953368,
        "f1-score": 0.9234828496042216,
        "support": 193
    },
    "ATE": {
        "precision": 0.7872340425531915,
        "recall": 0.8604651162790697,
        "f1-score": 0.8222222222222222,
        "support": 43
    },
    "BOR": {
        "precision": 0.65,
        "recall": 0.7647058823529411,
        "f1-score": 0.7027027027027027,
        "support": 17
    },
    "CAL": {
        "precision": 0.958904109589041,
        "recall": 0.9459459459459459,
        "f1-score": 0.9523809523809523,
        "support": 148
    },
    "LOC": {
        "precision": 0.7961165048543689,
        "recall": 0.8723404255319149,
        "f1-score": 0.83248730964467,
        "support": 188
    },
    "TAM": {
        "precision": 0.8051948051948052,
        "recall": 0.9253731343283582,
        "f1-score": 0.8611111111111112,
        "support": 134
    },
    "micro avg": {
        "precision": 0.8603425559947299,
        "recall": 0.9031811894882434,
        "f1-score": 0.8812415654520916,
        "support": 723
    },
    "macro avg": {
        "precision": 0.8230516128741949,
        "recall": 0.8792610426222612,
        "f1-score": 0.8490645246109801,
        "support": 723
    },
    "weighted avg": {
        "precision": 0.8657965426875063,
        "recall": 0.9031811894882434,
        "f1-score": 0.8829634516315132,
        "support": 723
    },
    "training_time": 233.70276355743408
}