{
    "ACH": {
        "precision": 0.9162011173184358,
        "recall": 0.8497409326424871,
        "f1-score": 0.8817204301075269,
        "support": 193
    },
    "ATE": {
        "precision": 0.7727272727272727,
        "recall": 0.7906976744186046,
        "f1-score": 0.7816091954022988,
        "support": 43
    },
    "BOR": {
        "precision": 0.7894736842105263,
        "recall": 0.8823529411764706,
        "f1-score": 0.8333333333333333,
        "support": 17
    },
    "CAL": {
        "precision": 0.92,
        "recall": 0.9324324324324325,
        "f1-score": 0.9261744966442953,
        "support": 148
    },
    "LOC": {
        "precision": 0.7464788732394366,
        "recall": 0.8457446808510638,
        "f1-score": 0.7930174563591024,
        "support": 188
    },
    "TAM": {
        "precision": 0.8357142857142857,
        "recall": 0.8731343283582089,
        "f1-score": 0.8540145985401459,
        "support": 134
    },
    "micro avg": {
        "precision": 0.8416107382550335,
        "recall": 0.8672199170124482,
        "f1-score": 0.8542234332425068,
        "support": 723
    },
    "macro avg": {
        "precision": 0.8300992055349928,
        "recall": 0.8623504983132113,
        "f1-score": 0.8449782517311171,
        "support": 723
    },
    "weighted avg": {
        "precision": 0.8464161596902325,
        "recall": 0.8672199170124482,
        "f1-score": 0.8555283106265072,
        "support": 723
    },
    "training_time": 82.1485846042633
}