{
    "ACH": {
        "precision": 0.9057591623036649,
        "recall": 0.8963730569948186,
        "f1-score": 0.9010416666666666,
        "support": 193
    },
    "ATE": {
        "precision": 0.7,
        "recall": 0.813953488372093,
        "f1-score": 0.7526881720430109,
        "support": 43
    },
    "BOR": {
        "precision": 0.5909090909090909,
        "recall": 0.7647058823529411,
        "f1-score": 0.6666666666666667,
        "support": 17
    },
    "CAL": {
        "precision": 0.9166666666666666,
        "recall": 0.9662162162162162,
        "f1-score": 0.9407894736842106,
        "support": 148
    },
    "LOC": {
        "precision": 0.7379912663755459,
        "recall": 0.898936170212766,
        "f1-score": 0.8105515587529977,
        "support": 188
    },
    "TAM": {
        "precision": 0.7875,
        "recall": 0.9402985074626866,
        "f1-score": 0.8571428571428571,
        "support": 134
    },
    "micro avg": {
        "precision": 0.8155940594059405,
        "recall": 0.9114799446749654,
        "f1-score": 0.8608752449379491,
        "support": 723
    },
    "macro avg": {
        "precision": 0.7731376977091613,
        "recall": 0.8800805536019203,
        "f1-score": 0.8214800658260683,
        "support": 723
    },
    "weighted avg": {
        "precision": 0.8228091253324081,
        "recall": 0.9114799446749654,
        "f1-score": 0.8631779314050056,
        "support": 723
    },
    "training_time": 103.56365704536438
}