{
    "ACH": {
        "precision": 0.9548022598870056,
        "recall": 0.8756476683937824,
        "f1-score": 0.9135135135135135,
        "support": 193
    },
    "ATE": {
        "precision": 0.6333333333333333,
        "recall": 0.4418604651162791,
        "f1-score": 0.5205479452054794,
        "support": 43
    },
    "BOR": {
        "precision": 0.7894736842105263,
        "recall": 0.8823529411764706,
        "f1-score": 0.8333333333333333,
        "support": 17
    },
    "CAL": {
        "precision": 0.9517241379310345,
        "recall": 0.9324324324324325,
        "f1-score": 0.9419795221843003,
        "support": 148
    },
    "LOC": {
        "precision": 0.7966101694915254,
        "recall": 0.75,
        "f1-score": 0.7726027397260273,
        "support": 188
    },
    "TAM": {
        "precision": 0.8355263157894737,
        "recall": 0.9477611940298507,
        "f1-score": 0.888111888111888,
        "support": 134
    },
    "micro avg": {
        "precision": 0.87,
        "recall": 0.8423236514522822,
        "f1-score": 0.8559381588193956,
        "support": 723
    },
    "macro avg": {
        "precision": 0.8269116501071498,
        "recall": 0.8050091168581358,
        "f1-score": 0.811681490345757,
        "support": 723
    },
    "weighted avg": {
        "precision": 0.8679248032048322,
        "recall": 0.8423236514522822,
        "f1-score": 0.8527352887653844,
        "support": 723
    },
    "training_time": 149.99629998207092
}