{
    "ACH": {
        "precision": 0.9602272727272727,
        "recall": 0.8756476683937824,
        "f1-score": 0.9159891598915989,
        "support": 193
    },
    "ATE": {
        "precision": 0.825,
        "recall": 0.7674418604651163,
        "f1-score": 0.7951807228915662,
        "support": 43
    },
    "BOR": {
        "precision": 0.8125,
        "recall": 0.7647058823529411,
        "f1-score": 0.787878787878788,
        "support": 17
    },
    "CAL": {
        "precision": 0.9632352941176471,
        "recall": 0.8851351351351351,
        "f1-score": 0.9225352112676056,
        "support": 148
    },
    "LOC": {
        "precision": 0.844311377245509,
        "recall": 0.75,
        "f1-score": 0.7943661971830986,
        "support": 188
    },
    "TAM": {
        "precision": 0.9133858267716536,
        "recall": 0.8656716417910447,
        "f1-score": 0.8888888888888888,
        "support": 134
    },
    "micro avg": {
        "precision": 0.9108761329305136,
        "recall": 0.8340248962655602,
        "f1-score": 0.8707581227436824,
        "support": 723
    },
    "macro avg": {
        "precision": 0.8864432951436805,
        "recall": 0.81810036468967,
        "f1-score": 0.8508064946669244,
        "support": 723
    },
    "weighted avg": {
        "precision": 0.9105040482369746,
        "recall": 0.8340248962655602,
        "f1-score": 0.870483797768319,
        "support": 723
    },
    "training_time": 84.26193332672119
}