{
    "ACH": {
        "precision": 0.9759036144578314,
        "recall": 0.8393782383419689,
        "f1-score": 0.9025069637883008,
        "support": 193
    },
    "ATE": {
        "precision": 0.8205128205128205,
        "recall": 0.7441860465116279,
        "f1-score": 0.7804878048780488,
        "support": 43
    },
    "BOR": {
        "precision": 0.875,
        "recall": 0.8235294117647058,
        "f1-score": 0.8484848484848485,
        "support": 17
    },
    "CAL": {
        "precision": 0.9855072463768116,
        "recall": 0.918918918918919,
        "f1-score": 0.951048951048951,
        "support": 148
    },
    "LOC": {
        "precision": 0.8072289156626506,
        "recall": 0.7127659574468085,
        "f1-score": 0.7570621468926554,
        "support": 188
    },
    "TAM": {
        "precision": 0.9224137931034483,
        "recall": 0.7985074626865671,
        "f1-score": 0.856,
        "support": 134
    },
    "micro avg": {
        "precision": 0.9126365054602185,
        "recall": 0.8091286307053942,
        "f1-score": 0.8577712609970676,
        "support": 723
    },
    "macro avg": {
        "precision": 0.897761065018927,
        "recall": 0.8062143392784328,
        "f1-score": 0.8492651191821342,
        "support": 723
    },
    "weighted avg": {
        "precision": 0.9124813357629616,
        "recall": 0.8091286307053942,
        "f1-score": 0.857477165167641,
        "support": 723
    },
    "training_time": 104.07765913009644
}