{
    "ACH": {
        "precision": 0.9661016949152542,
        "recall": 0.8860103626943006,
        "f1-score": 0.9243243243243242,
        "support": 193
    },
    "ATE": {
        "precision": 0.717391304347826,
        "recall": 0.7674418604651163,
        "f1-score": 0.7415730337078652,
        "support": 43
    },
    "BOR": {
        "precision": 0.7058823529411765,
        "recall": 0.7058823529411765,
        "f1-score": 0.7058823529411765,
        "support": 17
    },
    "CAL": {
        "precision": 0.9632352941176471,
        "recall": 0.8851351351351351,
        "f1-score": 0.9225352112676056,
        "support": 148
    },
    "LOC": {
        "precision": 0.8546511627906976,
        "recall": 0.7819148936170213,
        "f1-score": 0.8166666666666667,
        "support": 188
    },
    "TAM": {
        "precision": 0.9203539823008849,
        "recall": 0.7761194029850746,
        "f1-score": 0.8421052631578947,
        "support": 134
    },
    "micro avg": {
        "precision": 0.9046898638426626,
        "recall": 0.8271092669432918,
        "f1-score": 0.8641618497109826,
        "support": 723
    },
    "macro avg": {
        "precision": 0.8546026319022477,
        "recall": 0.8004173346396373,
        "f1-score": 0.8255144753442555,
        "support": 723
    },
    "weighted avg": {
        "precision": 0.9071454065947193,
        "recall": 0.8271092669432918,
        "f1-score": 0.8647204493888376,
        "support": 723
    },
    "training_time": 155.16256737709045
}