{
    "ACH": {
        "precision": 0.9545454545454546,
        "recall": 0.8704663212435233,
        "f1-score": 0.910569105691057,
        "support": 193
    },
    "ATE": {
        "precision": 0.868421052631579,
        "recall": 0.7674418604651163,
        "f1-score": 0.8148148148148148,
        "support": 43
    },
    "BOR": {
        "precision": 0.8095238095238095,
        "recall": 1.0,
        "f1-score": 0.8947368421052632,
        "support": 17
    },
    "CAL": {
        "precision": 0.9383561643835616,
        "recall": 0.9256756756756757,
        "f1-score": 0.9319727891156463,
        "support": 148
    },
    "LOC": {
        "precision": 0.8378378378378378,
        "recall": 0.824468085106383,
        "f1-score": 0.8310991957104557,
        "support": 188
    },
    "TAM": {
        "precision": 0.8809523809523809,
        "recall": 0.8283582089552238,
        "f1-score": 0.8538461538461538,
        "support": 134
    },
    "micro avg": {
        "precision": 0.8973988439306358,
        "recall": 0.8589211618257261,
        "f1-score": 0.87773851590106,
        "support": 723
    },
    "macro avg": {
        "precision": 0.8816061166457706,
        "recall": 0.8694016919076536,
        "f1-score": 0.872839816880565,
        "support": 723
    },
    "weighted avg": {
        "precision": 0.8987124863654703,
        "recall": 0.8589211618257261,
        "f1-score": 0.8777059570529273,
        "support": 723
    },
    "training_time": 88.75545501708984
}