{
    "ACH": {
        "precision": 0.927461139896373,
        "recall": 0.927461139896373,
        "f1-score": 0.927461139896373,
        "support": 193
    },
    "ATE": {
        "precision": 0.7450980392156863,
        "recall": 0.8837209302325582,
        "f1-score": 0.8085106382978724,
        "support": 43
    },
    "BOR": {
        "precision": 0.7894736842105263,
        "recall": 0.8823529411764706,
        "f1-score": 0.8333333333333333,
        "support": 17
    },
    "CAL": {
        "precision": 0.910828025477707,
        "recall": 0.9662162162162162,
        "f1-score": 0.9377049180327869,
        "support": 148
    },
    "LOC": {
        "precision": 0.7546296296296297,
        "recall": 0.8670212765957447,
        "f1-score": 0.806930693069307,
        "support": 188
    },
    "TAM": {
        "precision": 0.8571428571428571,
        "recall": 0.8955223880597015,
        "f1-score": 0.8759124087591241,
        "support": 134
    },
    "micro avg": {
        "precision": 0.8479381443298969,
        "recall": 0.9100968188105117,
        "f1-score": 0.8779186124082721,
        "support": 723
    },
    "macro avg": {
        "precision": 0.8307722292621298,
        "recall": 0.903715815362844,
        "f1-score": 0.8649755218981326,
        "support": 723
    },
    "weighted avg": {
        "precision": 0.8519921567303836,
        "recall": 0.9100968188105117,
        "f1-score": 0.8793750830609682,
        "support": 723
    },
    "training_time": 107.97922921180725
}