{
    "ACH": {
        "precision": 0.9621621621621622,
        "recall": 0.9222797927461139,
        "f1-score": 0.9417989417989417,
        "support": 193
    },
    "ATE": {
        "precision": 0.660377358490566,
        "recall": 0.813953488372093,
        "f1-score": 0.7291666666666667,
        "support": 43
    },
    "BOR": {
        "precision": 0.6666666666666666,
        "recall": 0.8235294117647058,
        "f1-score": 0.7368421052631577,
        "support": 17
    },
    "CAL": {
        "precision": 0.9724137931034482,
        "recall": 0.9527027027027027,
        "f1-score": 0.9624573378839592,
        "support": 148
    },
    "LOC": {
        "precision": 0.841025641025641,
        "recall": 0.8723404255319149,
        "f1-score": 0.856396866840731,
        "support": 188
    },
    "TAM": {
        "precision": 0.8759124087591241,
        "recall": 0.8955223880597015,
        "f1-score": 0.8856088560885609,
        "support": 134
    },
    "micro avg": {
        "precision": 0.8858695652173914,
        "recall": 0.9017980636237898,
        "f1-score": 0.8937628512679917,
        "support": 723
    },
    "macro avg": {
        "precision": 0.829759671701268,
        "recall": 0.8800547015295387,
        "f1-score": 0.8520451290903361,
        "support": 723
    },
    "weighted avg": {
        "precision": 0.8918799193797766,
        "recall": 0.9017980636237898,
        "f1-score": 0.8959413027829691,
        "support": 723
    },
    "training_time": 150.78002667427063
}