{
    "ACH": {
        "precision": 0.9502762430939227,
        "recall": 0.8911917098445595,
        "f1-score": 0.9197860962566845,
        "support": 193
    },
    "ATE": {
        "precision": 0.8222222222222222,
        "recall": 0.8604651162790697,
        "f1-score": 0.8409090909090908,
        "support": 43
    },
    "BOR": {
        "precision": 0.6956521739130435,
        "recall": 0.9411764705882353,
        "f1-score": 0.7999999999999999,
        "support": 17
    },
    "CAL": {
        "precision": 0.9652777777777778,
        "recall": 0.9391891891891891,
        "f1-score": 0.952054794520548,
        "support": 148
    },
    "LOC": {
        "precision": 0.7922705314009661,
        "recall": 0.8723404255319149,
        "f1-score": 0.830379746835443,
        "support": 188
    },
    "TAM": {
        "precision": 0.85,
        "recall": 0.8880597014925373,
        "f1-score": 0.8686131386861314,
        "support": 134
    },
    "micro avg": {
        "precision": 0.8743243243243243,
        "recall": 0.8948824343015215,
        "f1-score": 0.884483937115516,
        "support": 723
    },
    "macro avg": {
        "precision": 0.8459498247346553,
        "recall": 0.898737102154251,
        "f1-score": 0.8686238112013164,
        "support": 723
    },
    "weighted avg": {
        "precision": 0.8800732066994427,
        "recall": 0.8948824343015215,
        "f1-score": 0.8861514108778381,
        "support": 723
    },
    "training_time": 635.8938794136047
}