{
    "ACH": {
        "precision": 0.9454545454545454,
        "recall": 0.896551724137931,
        "f1-score": 0.920353982300885,
        "support": 174
    },
    "ATE": {
        "precision": 0.8620689655172413,
        "recall": 0.9259259259259259,
        "f1-score": 0.8928571428571429,
        "support": 27
    },
    "BOR": {
        "precision": 0.8571428571428571,
        "recall": 0.8,
        "f1-score": 0.8275862068965518,
        "support": 15
    },
    "CAL": {
        "precision": 0.9481481481481482,
        "recall": 0.9078014184397163,
        "f1-score": 0.927536231884058,
        "support": 141
    },
    "LOC": {
        "precision": 0.9030303030303031,
        "recall": 0.8563218390804598,
        "f1-score": 0.8790560471976401,
        "support": 174
    },
    "TAM": {
        "precision": 0.8827586206896552,
        "recall": 0.927536231884058,
        "f1-score": 0.9045936395759717,
        "support": 138
    },
    "micro avg": {
        "precision": 0.9157733537519143,
        "recall": 0.8938714499252616,
        "f1-score": 0.9046898638426626,
        "support": 669
    },
    "macro avg": {
        "precision": 0.899767239997125,
        "recall": 0.8856895232446819,
        "f1-score": 0.8919972084520417,
        "support": 669
    },
    "weighted avg": {
        "precision": 0.9167099358842052,
        "recall": 0.8938714499252616,
        "f1-score": 0.9046858177137082,
        "support": 669
    },
    "training_time": 209.6130073070526
}