{
    "ACH": {
        "precision": 0.8594594594594595,
        "recall": 0.9137931034482759,
        "f1-score": 0.8857938718662953,
        "support": 174
    },
    "ATE": {
        "precision": 0.84,
        "recall": 0.7777777777777778,
        "f1-score": 0.8076923076923077,
        "support": 27
    },
    "BOR": {
        "precision": 0.8461538461538461,
        "recall": 0.7333333333333333,
        "f1-score": 0.7857142857142856,
        "support": 15
    },
    "CAL": {
        "precision": 0.9060402684563759,
        "recall": 0.9574468085106383,
        "f1-score": 0.9310344827586208,
        "support": 141
    },
    "LOC": {
        "precision": 0.8674033149171271,
        "recall": 0.9022988505747126,
        "f1-score": 0.8845070422535212,
        "support": 174
    },
    "TAM": {
        "precision": 0.8291139240506329,
        "recall": 0.9492753623188406,
        "f1-score": 0.8851351351351351,
        "support": 138
    },
    "micro avg": {
        "precision": 0.8635724331926864,
        "recall": 0.9177877428998505,
        "f1-score": 0.8898550724637682,
        "support": 669
    },
    "macro avg": {
        "precision": 0.8580284688395735,
        "recall": 0.8723208726605964,
        "f1-score": 0.8633128542366942,
        "support": 669
    },
    "weighted avg": {
        "precision": 0.8639997455981615,
        "recall": 0.9177877428998505,
        "f1-score": 0.8894622965140042,
        "support": 669
    },
    "training_time": 232.83614325523376
}