{
    "ACH": {
        "precision": 0.9578313253012049,
        "recall": 0.9137931034482759,
        "f1-score": 0.9352941176470589,
        "support": 174
    },
    "ATE": {
        "precision": 0.896551724137931,
        "recall": 0.9629629629629629,
        "f1-score": 0.9285714285714286,
        "support": 27
    },
    "BOR": {
        "precision": 0.7058823529411765,
        "recall": 0.8,
        "f1-score": 0.7500000000000001,
        "support": 15
    },
    "CAL": {
        "precision": 0.935251798561151,
        "recall": 0.9219858156028369,
        "f1-score": 0.9285714285714285,
        "support": 141
    },
    "LOC": {
        "precision": 0.8780487804878049,
        "recall": 0.8275862068965517,
        "f1-score": 0.8520710059171597,
        "support": 174
    },
    "TAM": {
        "precision": 0.8865248226950354,
        "recall": 0.9057971014492754,
        "f1-score": 0.8960573476702509,
        "support": 138
    },
    "micro avg": {
        "precision": 0.9085365853658537,
        "recall": 0.890881913303438,
        "f1-score": 0.8996226415094339,
        "support": 669
    },
    "macro avg": {
        "precision": 0.876681800687384,
        "recall": 0.8886875317266504,
        "f1-score": 0.8817608880628877,
        "support": 669
    },
    "weighted avg": {
        "precision": 0.9094905820361235,
        "recall": 0.890881913303438,
        "f1-score": 0.899712175603391,
        "support": 669
    },
    "training_time": 302.00482535362244
}