{
    "ACH": {
        "precision": 0.9367088607594937,
        "recall": 0.8505747126436781,
        "f1-score": 0.891566265060241,
        "support": 174
    },
    "ATE": {
        "precision": 0.92,
        "recall": 0.8518518518518519,
        "f1-score": 0.8846153846153846,
        "support": 27
    },
    "BOR": {
        "precision": 0.7647058823529411,
        "recall": 0.8666666666666667,
        "f1-score": 0.8125,
        "support": 15
    },
    "CAL": {
        "precision": 0.9361702127659575,
        "recall": 0.9361702127659575,
        "f1-score": 0.9361702127659575,
        "support": 141
    },
    "LOC": {
        "precision": 0.8771929824561403,
        "recall": 0.8620689655172413,
        "f1-score": 0.8695652173913043,
        "support": 174
    },
    "TAM": {
        "precision": 0.9020979020979021,
        "recall": 0.9347826086956522,
        "f1-score": 0.9181494661921707,
        "support": 138
    },
    "micro avg": {
        "precision": 0.9083969465648855,
        "recall": 0.8893871449925261,
        "f1-score": 0.8987915407854985,
        "support": 669
    },
    "macro avg": {
        "precision": 0.889479306738739,
        "recall": 0.8836858363568413,
        "f1-score": 0.885427757670843,
        "support": 669
    },
    "weighted avg": {
        "precision": 0.9094454700214124,
        "recall": 0.8893871449925261,
        "f1-score": 0.8986750667648787,
        "support": 669
    },
    "training_time": 212.94997811317444
}