{
    "ACH": {
        "precision": 0.9506172839506173,
        "recall": 0.8850574712643678,
        "f1-score": 0.9166666666666666,
        "support": 174
    },
    "ATE": {
        "precision": 0.8846153846153846,
        "recall": 0.8518518518518519,
        "f1-score": 0.8679245283018868,
        "support": 27
    },
    "BOR": {
        "precision": 0.8461538461538461,
        "recall": 0.7333333333333333,
        "f1-score": 0.7857142857142856,
        "support": 15
    },
    "CAL": {
        "precision": 0.948905109489051,
        "recall": 0.9219858156028369,
        "f1-score": 0.935251798561151,
        "support": 141
    },
    "LOC": {
        "precision": 0.8764705882352941,
        "recall": 0.8563218390804598,
        "f1-score": 0.866279069767442,
        "support": 174
    },
    "TAM": {
        "precision": 0.9333333333333333,
        "recall": 0.9130434782608695,
        "f1-score": 0.9230769230769231,
        "support": 138
    },
    "micro avg": {
        "precision": 0.9222395023328149,
        "recall": 0.8863976083707026,
        "f1-score": 0.9039634146341463,
        "support": 669
    },
    "macro avg": {
        "precision": 0.9066825909629211,
        "recall": 0.8602656315656199,
        "f1-score": 0.8824855453480592,
        "support": 669
    },
    "weighted avg": {
        "precision": 0.9224003486924183,
        "recall": 0.8863976083707026,
        "f1-score": 0.9038973896429564,
        "support": 669
    },
    "training_time": 236.38441967964172
}