{
    "ACH": {
        "precision": 0.9244186046511628,
        "recall": 0.9137931034482759,
        "f1-score": 0.9190751445086706,
        "support": 174
    },
    "ATE": {
        "precision": 0.8928571428571429,
        "recall": 0.9259259259259259,
        "f1-score": 0.9090909090909091,
        "support": 27
    },
    "BOR": {
        "precision": 0.8125,
        "recall": 0.8666666666666667,
        "f1-score": 0.8387096774193549,
        "support": 15
    },
    "CAL": {
        "precision": 0.9424460431654677,
        "recall": 0.9290780141843972,
        "f1-score": 0.9357142857142857,
        "support": 141
    },
    "LOC": {
        "precision": 0.8666666666666667,
        "recall": 0.896551724137931,
        "f1-score": 0.8813559322033899,
        "support": 174
    },
    "TAM": {
        "precision": 0.8657718120805369,
        "recall": 0.9347826086956522,
        "f1-score": 0.8989547038327527,
        "support": 138
    },
    "micro avg": {
        "precision": 0.8961988304093568,
        "recall": 0.9162929745889388,
        "f1-score": 0.9061345158906134,
        "support": 669
    },
    "macro avg": {
        "precision": 0.8841100449034961,
        "recall": 0.9111330071764749,
        "f1-score": 0.8971501087948939,
        "support": 669
    },
    "weighted avg": {
        "precision": 0.8973167148279376,
        "recall": 0.9162929745889388,
        "f1-score": 0.9064163983098319,
        "support": 669
    },
    "training_time": 306.98373675346375
}