{
    "ACH": {
        "precision": 0.9349112426035503,
        "recall": 0.9080459770114943,
        "f1-score": 0.9212827988338192,
        "support": 174
    },
    "ATE": {
        "precision": 0.8620689655172413,
        "recall": 0.9259259259259259,
        "f1-score": 0.8928571428571429,
        "support": 27
    },
    "BOR": {
        "precision": 0.9230769230769231,
        "recall": 0.8,
        "f1-score": 0.8571428571428571,
        "support": 15
    },
    "CAL": {
        "precision": 0.9357142857142857,
        "recall": 0.9290780141843972,
        "f1-score": 0.9323843416370108,
        "support": 141
    },
    "LOC": {
        "precision": 0.896969696969697,
        "recall": 0.8505747126436781,
        "f1-score": 0.8731563421828908,
        "support": 174
    },
    "TAM": {
        "precision": 0.8823529411764706,
        "recall": 0.8695652173913043,
        "f1-score": 0.8759124087591241,
        "support": 138
    },
    "micro avg": {
        "precision": 0.911042944785276,
        "recall": 0.8878923766816144,
        "f1-score": 0.8993186979560939,
        "support": 669
    },
    "macro avg": {
        "precision": 0.9058490091763615,
        "recall": 0.8805316411928,
        "f1-score": 0.8921226485688075,
        "support": 669
    },
    "weighted avg": {
        "precision": 0.9111655001030369,
        "recall": 0.8878923766816144,
        "f1-score": 0.8991611372657263,
        "support": 669
    },
    "training_time": 217.83582186698914
}