{
    "ACH": {
        "precision": 0.9341317365269461,
        "recall": 0.896551724137931,
        "f1-score": 0.9149560117302054,
        "support": 174
    },
    "ATE": {
        "precision": 0.8666666666666667,
        "recall": 0.9629629629629629,
        "f1-score": 0.912280701754386,
        "support": 27
    },
    "BOR": {
        "precision": 0.8666666666666667,
        "recall": 0.8666666666666667,
        "f1-score": 0.8666666666666667,
        "support": 15
    },
    "CAL": {
        "precision": 0.948905109489051,
        "recall": 0.9219858156028369,
        "f1-score": 0.935251798561151,
        "support": 141
    },
    "LOC": {
        "precision": 0.8648648648648649,
        "recall": 0.9195402298850575,
        "f1-score": 0.8913649025069639,
        "support": 174
    },
    "TAM": {
        "precision": 0.8581560283687943,
        "recall": 0.8768115942028986,
        "f1-score": 0.8673835125448028,
        "support": 138
    },
    "micro avg": {
        "precision": 0.8977777777777778,
        "recall": 0.905829596412556,
        "f1-score": 0.9017857142857143,
        "support": 669
    },
    "macro avg": {
        "precision": 0.8898985120971649,
        "recall": 0.9074198322430589,
        "f1-score": 0.8979839322940292,
        "support": 669
    },
    "weighted avg": {
        "precision": 0.899322213744432,
        "recall": 0.905829596412556,
        "f1-score": 0.9020939407368325,
        "support": 669
    },
    "training_time": 243.1122863292694
}