{
    "ACH": {
        "precision": 0.9634146341463414,
        "recall": 0.9080459770114943,
        "f1-score": 0.9349112426035503,
        "support": 174
    },
    "ATE": {
        "precision": 0.7777777777777778,
        "recall": 0.7777777777777778,
        "f1-score": 0.7777777777777778,
        "support": 27
    },
    "BOR": {
        "precision": 0.9166666666666666,
        "recall": 0.7333333333333333,
        "f1-score": 0.8148148148148148,
        "support": 15
    },
    "CAL": {
        "precision": 0.9492753623188406,
        "recall": 0.9290780141843972,
        "f1-score": 0.9390681003584229,
        "support": 141
    },
    "LOC": {
        "precision": 0.9182389937106918,
        "recall": 0.8390804597701149,
        "f1-score": 0.8768768768768769,
        "support": 174
    },
    "TAM": {
        "precision": 0.9457364341085271,
        "recall": 0.8840579710144928,
        "f1-score": 0.9138576779026217,
        "support": 138
    },
    "micro avg": {
        "precision": 0.9364069952305246,
        "recall": 0.8804185351270553,
        "f1-score": 0.9075500770416025,
        "support": 669
    },
    "macro avg": {
        "precision": 0.911851644788141,
        "recall": 0.845228922181935,
        "f1-score": 0.8762177483890108,
        "support": 669
    },
    "weighted avg": {
        "precision": 0.9364980347399956,
        "recall": 0.8804185351270553,
        "f1-score": 0.9073158695260328,
        "support": 669
    },
    "training_time": 316.92782855033875
}