{
    "ACH": {
        "precision": 0.8959537572254336,
        "recall": 0.8908045977011494,
        "f1-score": 0.893371757925072,
        "support": 174
    },
    "ATE": {
        "precision": 0.8846153846153846,
        "recall": 0.8518518518518519,
        "f1-score": 0.8679245283018868,
        "support": 27
    },
    "BOR": {
        "precision": 1.0,
        "recall": 0.4666666666666667,
        "f1-score": 0.6363636363636364,
        "support": 15
    },
    "CAL": {
        "precision": 0.9027777777777778,
        "recall": 0.9219858156028369,
        "f1-score": 0.912280701754386,
        "support": 141
    },
    "LOC": {
        "precision": 0.8853503184713376,
        "recall": 0.7988505747126436,
        "f1-score": 0.8398791540785498,
        "support": 174
    },
    "TAM": {
        "precision": 0.9111111111111111,
        "recall": 0.8913043478260869,
        "f1-score": 0.9010989010989011,
        "support": 138
    },
    "micro avg": {
        "precision": 0.8987538940809969,
        "recall": 0.8624813153961136,
        "f1-score": 0.8802440884820748,
        "support": 669
    },
    "macro avg": {
        "precision": 0.9133013915335075,
        "recall": 0.803577309060206,
        "f1-score": 0.8418197799204054,
        "support": 669
    },
    "weighted avg": {
        "precision": 0.8996360606216048,
        "recall": 0.8624813153961136,
        "f1-score": 0.8782485841513491,
        "support": 669
    },
    "training_time": 119.24610757827759
}