{
    "ACH": {
        "precision": 0.8393782383419689,
        "recall": 0.9310344827586207,
        "f1-score": 0.8828337874659401,
        "support": 174
    },
    "ATE": {
        "precision": 0.7575757575757576,
        "recall": 0.9259259259259259,
        "f1-score": 0.8333333333333334,
        "support": 27
    },
    "BOR": {
        "precision": 0.5789473684210527,
        "recall": 0.7333333333333333,
        "f1-score": 0.6470588235294117,
        "support": 15
    },
    "CAL": {
        "precision": 0.891156462585034,
        "recall": 0.9290780141843972,
        "f1-score": 0.9097222222222222,
        "support": 141
    },
    "LOC": {
        "precision": 0.8595505617977528,
        "recall": 0.8793103448275862,
        "f1-score": 0.8693181818181818,
        "support": 174
    },
    "TAM": {
        "precision": 0.8533333333333334,
        "recall": 0.927536231884058,
        "f1-score": 0.888888888888889,
        "support": 138
    },
    "micro avg": {
        "precision": 0.8472222222222222,
        "recall": 0.9118086696562033,
        "f1-score": 0.8783297336213104,
        "support": 669
    },
    "macro avg": {
        "precision": 0.7966569536758166,
        "recall": 0.8877030554856535,
        "f1-score": 0.8385258728763297,
        "support": 669
    },
    "weighted avg": {
        "precision": 0.8492756777722908,
        "recall": 0.9118086696562033,
        "f1-score": 0.8789504110738092,
        "support": 669
    },
    "training_time": 140.27471661567688
}