{
    "ACH": {
        "precision": 0.8784530386740331,
        "recall": 0.9137931034482759,
        "f1-score": 0.895774647887324,
        "support": 174
    },
    "ATE": {
        "precision": 0.8064516129032258,
        "recall": 0.9259259259259259,
        "f1-score": 0.8620689655172414,
        "support": 27
    },
    "BOR": {
        "precision": 0.6666666666666666,
        "recall": 0.6666666666666666,
        "f1-score": 0.6666666666666666,
        "support": 15
    },
    "CAL": {
        "precision": 0.9172413793103448,
        "recall": 0.9432624113475178,
        "f1-score": 0.9300699300699301,
        "support": 141
    },
    "LOC": {
        "precision": 0.7676767676767676,
        "recall": 0.8735632183908046,
        "f1-score": 0.8172043010752689,
        "support": 174
    },
    "TAM": {
        "precision": 0.8343949044585988,
        "recall": 0.9492753623188406,
        "f1-score": 0.888135593220339,
        "support": 138
    },
    "micro avg": {
        "precision": 0.8390646492434664,
        "recall": 0.9118086696562033,
        "f1-score": 0.8739255014326648,
        "support": 669
    },
    "macro avg": {
        "precision": 0.8118140616149393,
        "recall": 0.8787477813496719,
        "f1-score": 0.8433200174061283,
        "support": 669
    },
    "weighted avg": {
        "precision": 0.8410737087465945,
        "recall": 0.9118086696562033,
        "f1-score": 0.8744944262970457,
        "support": 669
    },
    "training_time": 189.6257061958313
}