{
    "ACH": {
        "precision": 0.8914285714285715,
        "recall": 0.896551724137931,
        "f1-score": 0.8939828080229227,
        "support": 174
    },
    "ATE": {
        "precision": 0.8387096774193549,
        "recall": 0.9629629629629629,
        "f1-score": 0.896551724137931,
        "support": 27
    },
    "BOR": {
        "precision": 0.8571428571428571,
        "recall": 0.8,
        "f1-score": 0.8275862068965518,
        "support": 15
    },
    "CAL": {
        "precision": 0.9090909090909091,
        "recall": 0.9219858156028369,
        "f1-score": 0.9154929577464789,
        "support": 141
    },
    "LOC": {
        "precision": 0.8831168831168831,
        "recall": 0.7816091954022989,
        "f1-score": 0.8292682926829268,
        "support": 174
    },
    "TAM": {
        "precision": 0.8880597014925373,
        "recall": 0.8623188405797102,
        "f1-score": 0.8750000000000001,
        "support": 138
    },
    "micro avg": {
        "precision": 0.8894009216589862,
        "recall": 0.8654708520179372,
        "f1-score": 0.8772727272727273,
        "support": 669
    },
    "macro avg": {
        "precision": 0.8779247666151856,
        "recall": 0.8709047564476234,
        "f1-score": 0.8729803315811352,
        "support": 669
    },
    "weighted avg": {
        "precision": 0.8893980122962077,
        "recall": 0.8654708520179372,
        "f1-score": 0.8763839883710669,
        "support": 669
    },
    "training_time": 120.97718977928162
}