{
    "ACH": {
        "precision": 0.9294117647058824,
        "recall": 0.9080459770114943,
        "f1-score": 0.9186046511627908,
        "support": 174
    },
    "ATE": {
        "precision": 0.8387096774193549,
        "recall": 0.9629629629629629,
        "f1-score": 0.896551724137931,
        "support": 27
    },
    "BOR": {
        "precision": 0.8461538461538461,
        "recall": 0.7333333333333333,
        "f1-score": 0.7857142857142856,
        "support": 15
    },
    "CAL": {
        "precision": 0.9219858156028369,
        "recall": 0.9219858156028369,
        "f1-score": 0.9219858156028369,
        "support": 141
    },
    "LOC": {
        "precision": 0.906832298136646,
        "recall": 0.8390804597701149,
        "f1-score": 0.871641791044776,
        "support": 174
    },
    "TAM": {
        "precision": 0.9393939393939394,
        "recall": 0.8985507246376812,
        "f1-score": 0.9185185185185185,
        "support": 138
    },
    "micro avg": {
        "precision": 0.9182098765432098,
        "recall": 0.8893871449925261,
        "f1-score": 0.9035687167805619,
        "support": 669
    },
    "macro avg": {
        "precision": 0.897081223568751,
        "recall": 0.8773265455530707,
        "f1-score": 0.8855027976968565,
        "support": 669
    },
    "weighted avg": {
        "precision": 0.9185056794523077,
        "recall": 0.8893871449925261,
        "f1-score": 0.9032153173947842,
        "support": 669
    },
    "training_time": 142.20752453804016
}