{
    "ACH": {
        "precision": 0.8655913978494624,
        "recall": 0.9252873563218391,
        "f1-score": 0.8944444444444444,
        "support": 174
    },
    "ATE": {
        "precision": 0.8888888888888888,
        "recall": 0.8888888888888888,
        "f1-score": 0.8888888888888888,
        "support": 27
    },
    "BOR": {
        "precision": 0.9230769230769231,
        "recall": 0.8,
        "f1-score": 0.8571428571428571,
        "support": 15
    },
    "CAL": {
        "precision": 0.9,
        "recall": 0.9574468085106383,
        "f1-score": 0.9278350515463918,
        "support": 141
    },
    "LOC": {
        "precision": 0.9363057324840764,
        "recall": 0.8448275862068966,
        "f1-score": 0.8882175226586102,
        "support": 174
    },
    "TAM": {
        "precision": 0.8873239436619719,
        "recall": 0.9130434782608695,
        "f1-score": 0.9,
        "support": 138
    },
    "micro avg": {
        "precision": 0.8962962962962963,
        "recall": 0.9043348281016442,
        "f1-score": 0.900297619047619,
        "support": 669
    },
    "macro avg": {
        "precision": 0.9001978143268872,
        "recall": 0.8882490196981886,
        "f1-score": 0.892754794113532,
        "support": 669
    },
    "weighted avg": {
        "precision": 0.8979476214492402,
        "recall": 0.9043348281016442,
        "f1-score": 0.8999477838581698,
        "support": 669
    },
    "training_time": 192.25425744056702
}