{
    "ACH": {
        "precision": 0.9289940828402367,
        "recall": 0.9022988505747126,
        "f1-score": 0.9154518950437318,
        "support": 174
    },
    "ATE": {
        "precision": 0.8620689655172413,
        "recall": 0.9259259259259259,
        "f1-score": 0.8928571428571429,
        "support": 27
    },
    "BOR": {
        "precision": 0.8461538461538461,
        "recall": 0.7333333333333333,
        "f1-score": 0.7857142857142856,
        "support": 15
    },
    "CAL": {
        "precision": 0.9285714285714286,
        "recall": 0.9219858156028369,
        "f1-score": 0.9252669039145908,
        "support": 141
    },
    "LOC": {
        "precision": 0.8771929824561403,
        "recall": 0.8620689655172413,
        "f1-score": 0.8695652173913043,
        "support": 174
    },
    "TAM": {
        "precision": 0.9117647058823529,
        "recall": 0.8985507246376812,
        "f1-score": 0.9051094890510949,
        "support": 138
    },
    "micro avg": {
        "precision": 0.9072948328267477,
        "recall": 0.8923766816143498,
        "f1-score": 0.8997739261492088,
        "support": 669
    },
    "macro avg": {
        "precision": 0.8924576685702078,
        "recall": 0.8740272692652885,
        "f1-score": 0.8823274889953585,
        "support": 669
    },
    "weighted avg": {
        "precision": 0.9073196113052002,
        "recall": 0.8923766816143498,
        "f1-score": 0.8996316556764751,
        "support": 669
    },
    "training_time": 125.3052568435669
}