{
    "ACH": {
        "precision": 0.9345238095238095,
        "recall": 0.9022988505747126,
        "f1-score": 0.9181286549707602,
        "support": 174
    },
    "ATE": {
        "precision": 0.92,
        "recall": 0.8518518518518519,
        "f1-score": 0.8846153846153846,
        "support": 27
    },
    "BOR": {
        "precision": 0.75,
        "recall": 0.8,
        "f1-score": 0.7741935483870969,
        "support": 15
    },
    "CAL": {
        "precision": 0.9300699300699301,
        "recall": 0.9432624113475178,
        "f1-score": 0.9366197183098592,
        "support": 141
    },
    "LOC": {
        "precision": 0.8982035928143712,
        "recall": 0.8620689655172413,
        "f1-score": 0.879765395894428,
        "support": 174
    },
    "TAM": {
        "precision": 0.8970588235294118,
        "recall": 0.8840579710144928,
        "f1-score": 0.8905109489051095,
        "support": 138
    },
    "micro avg": {
        "precision": 0.9114503816793893,
        "recall": 0.8923766816143498,
        "f1-score": 0.9018126888217523,
        "support": 669
    },
    "macro avg": {
        "precision": 0.8883093593229204,
        "recall": 0.8739233417176361,
        "f1-score": 0.8806389418471063,
        "support": 669
    },
    "weighted avg": {
        "precision": 0.9116869144899289,
        "recall": 0.8923766816143498,
        "f1-score": 0.9017712626181762,
        "support": 669
    },
    "training_time": 147.05853152275085
}