{
    "ACH": {
        "precision": 0.9328859060402684,
        "recall": 0.7988505747126436,
        "f1-score": 0.8606811145510835,
        "support": 174
    },
    "ATE": {
        "precision": 0.8666666666666667,
        "recall": 0.9629629629629629,
        "f1-score": 0.912280701754386,
        "support": 27
    },
    "BOR": {
        "precision": 0.7333333333333333,
        "recall": 0.7333333333333333,
        "f1-score": 0.7333333333333333,
        "support": 15
    },
    "CAL": {
        "precision": 0.9603174603174603,
        "recall": 0.8581560283687943,
        "f1-score": 0.906367041198502,
        "support": 141
    },
    "LOC": {
        "precision": 0.8520710059171598,
        "recall": 0.8275862068965517,
        "f1-score": 0.8396501457725948,
        "support": 174
    },
    "TAM": {
        "precision": 0.8832116788321168,
        "recall": 0.8768115942028986,
        "f1-score": 0.8800000000000001,
        "support": 138
    },
    "micro avg": {
        "precision": 0.8977635782747604,
        "recall": 0.8400597907324364,
        "f1-score": 0.8679536679536678,
        "support": 669
    },
    "macro avg": {
        "precision": 0.8714143418511676,
        "recall": 0.8429501167461974,
        "f1-score": 0.8553853894349833,
        "support": 669
    },
    "weighted avg": {
        "precision": 0.9002548225174687,
        "recall": 0.8400597907324364,
        "f1-score": 0.8680522736213413,
        "support": 669
    },
    "training_time": 198.83935141563416
}