{
    "ACH": {
        "precision": 0.9207317073170732,
        "recall": 0.867816091954023,
        "f1-score": 0.893491124260355,
        "support": 174
    },
    "ATE": {
        "precision": 0.9523809523809523,
        "recall": 0.7407407407407407,
        "f1-score": 0.8333333333333334,
        "support": 27
    },
    "BOR": {
        "precision": 0.8181818181818182,
        "recall": 0.6,
        "f1-score": 0.6923076923076923,
        "support": 15
    },
    "CAL": {
        "precision": 0.9027777777777778,
        "recall": 0.9219858156028369,
        "f1-score": 0.912280701754386,
        "support": 141
    },
    "LOC": {
        "precision": 0.8910256410256411,
        "recall": 0.7988505747126436,
        "f1-score": 0.8424242424242424,
        "support": 174
    },
    "TAM": {
        "precision": 0.8536585365853658,
        "recall": 0.7608695652173914,
        "f1-score": 0.8045977011494252,
        "support": 138
    },
    "micro avg": {
        "precision": 0.8949919224555735,
        "recall": 0.828101644245142,
        "f1-score": 0.860248447204969,
        "support": 669
    },
    "macro avg": {
        "precision": 0.8897927388781047,
        "recall": 0.7817104647046059,
        "f1-score": 0.829739132538239,
        "support": 669
    },
    "weighted avg": {
        "precision": 0.8943637314111994,
        "recall": 0.828101644245142,
        "f1-score": 0.8588937980474208,
        "support": 669
    },
    "training_time": 72.68213629722595
}