{
    "ACH": {
        "precision": 0.8863636363636364,
        "recall": 0.896551724137931,
        "f1-score": 0.8914285714285715,
        "support": 174
    },
    "ATE": {
        "precision": 0.8148148148148148,
        "recall": 0.8148148148148148,
        "f1-score": 0.8148148148148148,
        "support": 27
    },
    "BOR": {
        "precision": 0.7692307692307693,
        "recall": 0.6666666666666666,
        "f1-score": 0.7142857142857142,
        "support": 15
    },
    "CAL": {
        "precision": 0.8972602739726028,
        "recall": 0.9290780141843972,
        "f1-score": 0.9128919860627179,
        "support": 141
    },
    "LOC": {
        "precision": 0.8162162162162162,
        "recall": 0.867816091954023,
        "f1-score": 0.841225626740947,
        "support": 174
    },
    "TAM": {
        "precision": 0.9117647058823529,
        "recall": 0.8985507246376812,
        "f1-score": 0.9051094890510949,
        "support": 138
    },
    "micro avg": {
        "precision": 0.8696925329428989,
        "recall": 0.8878923766816144,
        "f1-score": 0.878698224852071,
        "support": 669
    },
    "macro avg": {
        "precision": 0.8492750694133987,
        "recall": 0.8455796727325856,
        "f1-score": 0.8466260337306434,
        "support": 669
    },
    "weighted avg": {
        "precision": 0.8701413810601758,
        "recall": 0.8878923766816144,
        "f1-score": 0.8786532073537763,
        "support": 669
    },
    "training_time": 90.32876396179199
}