{
    "ACH": {
        "precision": 0.9341317365269461,
        "recall": 0.896551724137931,
        "f1-score": 0.9149560117302054,
        "support": 174
    },
    "ATE": {
        "precision": 0.6363636363636364,
        "recall": 0.7777777777777778,
        "f1-score": 0.7000000000000001,
        "support": 27
    },
    "BOR": {
        "precision": 0.8666666666666667,
        "recall": 0.8666666666666667,
        "f1-score": 0.8666666666666667,
        "support": 15
    },
    "CAL": {
        "precision": 0.9361702127659575,
        "recall": 0.9361702127659575,
        "f1-score": 0.9361702127659575,
        "support": 141
    },
    "LOC": {
        "precision": 0.8287292817679558,
        "recall": 0.8620689655172413,
        "f1-score": 0.8450704225352113,
        "support": 174
    },
    "TAM": {
        "precision": 0.900709219858156,
        "recall": 0.9202898550724637,
        "f1-score": 0.9103942652329748,
        "support": 138
    },
    "micro avg": {
        "precision": 0.883480825958702,
        "recall": 0.8953662182361734,
        "f1-score": 0.8893838158871566,
        "support": 669
    },
    "macro avg": {
        "precision": 0.8504617923248864,
        "recall": 0.8765875336563397,
        "f1-score": 0.8622095964885027,
        "support": 669
    },
    "weighted avg": {
        "precision": 0.8867227319963477,
        "recall": 0.8953662182361734,
        "f1-score": 0.8905515817105127,
        "support": 669
    },
    "training_time": 131.78358006477356
}