{
    "ACH": {
        "precision": 0.9146341463414634,
        "recall": 0.8620689655172413,
        "f1-score": 0.8875739644970414,
        "support": 174
    },
    "ATE": {
        "precision": 0.7,
        "recall": 0.7777777777777778,
        "f1-score": 0.7368421052631577,
        "support": 27
    },
    "BOR": {
        "precision": 0.6666666666666666,
        "recall": 0.26666666666666666,
        "f1-score": 0.3809523809523809,
        "support": 15
    },
    "CAL": {
        "precision": 0.8951048951048951,
        "recall": 0.9078014184397163,
        "f1-score": 0.9014084507042254,
        "support": 141
    },
    "LOC": {
        "precision": 0.8363636363636363,
        "recall": 0.7931034482758621,
        "f1-score": 0.8141592920353982,
        "support": 174
    },
    "TAM": {
        "precision": 0.9015151515151515,
        "recall": 0.8623188405797102,
        "f1-score": 0.8814814814814814,
        "support": 138
    },
    "micro avg": {
        "precision": 0.875,
        "recall": 0.8370702541106129,
        "f1-score": 0.8556149732620321,
        "support": 669
    },
    "macro avg": {
        "precision": 0.8190474159986354,
        "recall": 0.7449561862094957,
        "f1-score": 0.7670696124889474,
        "support": 669
    },
    "weighted avg": {
        "precision": 0.8732324294612384,
        "recall": 0.8370702541106129,
        "f1-score": 0.852696031669321,
        "support": 669
    },
    "training_time": 73.95482468605042
}