{
    "ACH": {
        "precision": 0.9298245614035088,
        "recall": 0.9137931034482759,
        "f1-score": 0.9217391304347825,
        "support": 174
    },
    "ATE": {
        "precision": 0.7666666666666667,
        "recall": 0.8518518518518519,
        "f1-score": 0.8070175438596491,
        "support": 27
    },
    "BOR": {
        "precision": 0.7647058823529411,
        "recall": 0.8666666666666667,
        "f1-score": 0.8125,
        "support": 15
    },
    "CAL": {
        "precision": 0.9090909090909091,
        "recall": 0.9219858156028369,
        "f1-score": 0.9154929577464789,
        "support": 141
    },
    "LOC": {
        "precision": 0.813953488372093,
        "recall": 0.8045977011494253,
        "f1-score": 0.8092485549132948,
        "support": 174
    },
    "TAM": {
        "precision": 0.86,
        "recall": 0.9347826086956522,
        "f1-score": 0.8958333333333334,
        "support": 138
    },
    "micro avg": {
        "precision": 0.8696925329428989,
        "recall": 0.8878923766816144,
        "f1-score": 0.878698224852071,
        "support": 669
    },
    "macro avg": {
        "precision": 0.8407069179810199,
        "recall": 0.8822796245691181,
        "f1-score": 0.8603052533812564,
        "support": 669
    },
    "weighted avg": {
        "precision": 0.8706274844216247,
        "recall": 0.8878923766816144,
        "f1-score": 0.8787419102795658,
        "support": 669
    },
    "training_time": 91.48837399482727
}