{
    "ACH": {
        "precision": 0.8914285714285715,
        "recall": 0.896551724137931,
        "f1-score": 0.8939828080229227,
        "support": 174
    },
    "ATE": {
        "precision": 0.7575757575757576,
        "recall": 0.9259259259259259,
        "f1-score": 0.8333333333333334,
        "support": 27
    },
    "BOR": {
        "precision": 1.0,
        "recall": 0.8666666666666667,
        "f1-score": 0.9285714285714286,
        "support": 15
    },
    "CAL": {
        "precision": 0.9172413793103448,
        "recall": 0.9432624113475178,
        "f1-score": 0.9300699300699301,
        "support": 141
    },
    "LOC": {
        "precision": 0.8388888888888889,
        "recall": 0.867816091954023,
        "f1-score": 0.8531073446327683,
        "support": 174
    },
    "TAM": {
        "precision": 0.8627450980392157,
        "recall": 0.9565217391304348,
        "f1-score": 0.9072164948453608,
        "support": 138
    },
    "micro avg": {
        "precision": 0.8726752503576538,
        "recall": 0.9118086696562033,
        "f1-score": 0.8918128654970761,
        "support": 669
    },
    "macro avg": {
        "precision": 0.8779799492071296,
        "recall": 0.9094574265270832,
        "f1-score": 0.8910468899126239,
        "support": 669
    },
    "weighted avg": {
        "precision": 0.8743193446367026,
        "recall": 0.9118086696562033,
        "f1-score": 0.8920149393410784,
        "support": 669
    },
    "training_time": 133.42918825149536
}