{
    "ACH": {
        "precision": 0.8764044943820225,
        "recall": 0.896551724137931,
        "f1-score": 0.8863636363636365,
        "support": 174
    },
    "ATE": {
        "precision": 0.7575757575757576,
        "recall": 0.9259259259259259,
        "f1-score": 0.8333333333333334,
        "support": 27
    },
    "BOR": {
        "precision": 0.6923076923076923,
        "recall": 0.6,
        "f1-score": 0.6428571428571429,
        "support": 15
    },
    "CAL": {
        "precision": 0.9142857142857143,
        "recall": 0.9078014184397163,
        "f1-score": 0.911032028469751,
        "support": 141
    },
    "LOC": {
        "precision": 0.8486842105263158,
        "recall": 0.7413793103448276,
        "f1-score": 0.7914110429447854,
        "support": 174
    },
    "TAM": {
        "precision": 0.84,
        "recall": 0.9130434782608695,
        "f1-score": 0.8749999999999999,
        "support": 138
    },
    "micro avg": {
        "precision": 0.8603603603603603,
        "recall": 0.8565022421524664,
        "f1-score": 0.8584269662921349,
        "support": 669
    },
    "macro avg": {
        "precision": 0.8215429781795837,
        "recall": 0.830783642851545,
        "f1-score": 0.8233328639947749,
        "support": 669
    },
    "weighted avg": {
        "precision": 0.8607457118198765,
        "recall": 0.8565022421524664,
        "f1-score": 0.8569225222074103,
        "support": 669
    },
    "training_time": 76.885995388031
}