{
    "ACH": {
        "precision": 0.8977272727272727,
        "recall": 0.9080459770114943,
        "f1-score": 0.9028571428571429,
        "support": 174
    },
    "ATE": {
        "precision": 0.8125,
        "recall": 0.9629629629629629,
        "f1-score": 0.8813559322033898,
        "support": 27
    },
    "BOR": {
        "precision": 1.0,
        "recall": 0.9333333333333333,
        "f1-score": 0.9655172413793104,
        "support": 15
    },
    "CAL": {
        "precision": 0.9290780141843972,
        "recall": 0.9290780141843972,
        "f1-score": 0.9290780141843973,
        "support": 141
    },
    "LOC": {
        "precision": 0.8141025641025641,
        "recall": 0.7298850574712644,
        "f1-score": 0.7696969696969699,
        "support": 174
    },
    "TAM": {
        "precision": 0.8661417322834646,
        "recall": 0.7971014492753623,
        "f1-score": 0.830188679245283,
        "support": 138
    },
    "micro avg": {
        "precision": 0.8761609907120743,
        "recall": 0.8460388639760837,
        "f1-score": 0.8608365019011407,
        "support": 669
    },
    "macro avg": {
        "precision": 0.8865915972162831,
        "recall": 0.8767344657064692,
        "f1-score": 0.8797823299277489,
        "support": 669
    },
    "weighted avg": {
        "precision": 0.8749229456853658,
        "recall": 0.8460388639760837,
        "f1-score": 0.859297192990203,
        "support": 669
    },
    "training_time": 94.8771641254425
}