{
    "ACH": {
        "precision": 0.8956043956043956,
        "recall": 0.9367816091954023,
        "f1-score": 0.9157303370786517,
        "support": 174
    },
    "ATE": {
        "precision": 0.7352941176470589,
        "recall": 0.9259259259259259,
        "f1-score": 0.819672131147541,
        "support": 27
    },
    "BOR": {
        "precision": 0.9285714285714286,
        "recall": 0.8666666666666667,
        "f1-score": 0.896551724137931,
        "support": 15
    },
    "CAL": {
        "precision": 0.9230769230769231,
        "recall": 0.9361702127659575,
        "f1-score": 0.9295774647887325,
        "support": 141
    },
    "LOC": {
        "precision": 0.8863636363636364,
        "recall": 0.896551724137931,
        "f1-score": 0.8914285714285715,
        "support": 174
    },
    "TAM": {
        "precision": 0.8590604026845637,
        "recall": 0.927536231884058,
        "f1-score": 0.8919860627177699,
        "support": 138
    },
    "micro avg": {
        "precision": 0.8839541547277937,
        "recall": 0.922272047832586,
        "f1-score": 0.902706656912948,
        "support": 669
    },
    "macro avg": {
        "precision": 0.8713284839913343,
        "recall": 0.9149387284293234,
        "f1-score": 0.8908243818831996,
        "support": 669
    },
    "weighted avg": {
        "precision": 0.8857221702418467,
        "recall": 0.922272047832586,
        "f1-score": 0.9031234270158041,
        "support": 669
    },
    "training_time": 138.08880996704102
}