{
    "ACH": {
        "precision": 0.9397590361445783,
        "recall": 0.896551724137931,
        "f1-score": 0.9176470588235294,
        "support": 174
    },
    "ATE": {
        "precision": 0.92,
        "recall": 0.8518518518518519,
        "f1-score": 0.8846153846153846,
        "support": 27
    },
    "BOR": {
        "precision": 0.9285714285714286,
        "recall": 0.8666666666666667,
        "f1-score": 0.896551724137931,
        "support": 15
    },
    "CAL": {
        "precision": 0.9428571428571428,
        "recall": 0.9361702127659575,
        "f1-score": 0.9395017793594306,
        "support": 141
    },
    "LOC": {
        "precision": 0.92,
        "recall": 0.9252873563218391,
        "f1-score": 0.9226361031518626,
        "support": 174
    },
    "TAM": {
        "precision": 0.916083916083916,
        "recall": 0.9492753623188406,
        "f1-score": 0.9323843416370106,
        "support": 138
    },
    "micro avg": {
        "precision": 0.9291101055806938,
        "recall": 0.9207772795216741,
        "f1-score": 0.9249249249249248,
        "support": 669
    },
    "macro avg": {
        "precision": 0.9278785872761777,
        "recall": 0.9043005290105145,
        "f1-score": 0.9155560652875249,
        "support": 669
    },
    "weighted avg": {
        "precision": 0.9293409286699037,
        "recall": 0.9207772795216741,
        "f1-score": 0.9247846808161281,
        "support": 669
    },
    "training_time": 637.6775171756744
}