{
    "ACH": {
        "precision": 0.9055555555555556,
        "recall": 0.8534031413612565,
        "f1-score": 0.8787061994609163,
        "support": 191
    },
    "ATE": {
        "precision": 0.9090909090909091,
        "recall": 0.7894736842105263,
        "f1-score": 0.8450704225352113,
        "support": 38
    },
    "BOR": {
        "precision": 0.9166666666666666,
        "recall": 0.6875,
        "f1-score": 0.7857142857142857,
        "support": 16
    },
    "CAL": {
        "precision": 0.948905109489051,
        "recall": 0.9027777777777778,
        "f1-score": 0.9252669039145908,
        "support": 144
    },
    "LOC": {
        "precision": 0.8596491228070176,
        "recall": 0.7989130434782609,
        "f1-score": 0.8281690140845072,
        "support": 184
    },
    "TAM": {
        "precision": 0.935251798561151,
        "recall": 0.9154929577464789,
        "f1-score": 0.9252669039145907,
        "support": 142
    },
    "micro avg": {
        "precision": 0.9092261904761905,
        "recall": 0.8545454545454545,
        "f1-score": 0.8810382119682768,
        "support": 715
    },
    "macro avg": {
        "precision": 0.9125198603617252,
        "recall": 0.8245934340957167,
        "f1-score": 0.8646989549373503,
        "support": 715
    },
    "weighted avg": {
        "precision": 0.9088066602543082,
        "recall": 0.8545454545454545,
        "f1-score": 0.8804565340362572,
        "support": 715
    },
    "training_time": 209.52635526657104
}