{
    "ACH": {
        "precision": 0.8947368421052632,
        "recall": 0.8900523560209425,
        "f1-score": 0.8923884514435696,
        "support": 191
    },
    "ATE": {
        "precision": 0.8571428571428571,
        "recall": 0.7894736842105263,
        "f1-score": 0.8219178082191781,
        "support": 38
    },
    "BOR": {
        "precision": 0.9,
        "recall": 0.5625,
        "f1-score": 0.6923076923076923,
        "support": 16
    },
    "CAL": {
        "precision": 0.9241379310344827,
        "recall": 0.9305555555555556,
        "f1-score": 0.9273356401384083,
        "support": 144
    },
    "LOC": {
        "precision": 0.7393364928909952,
        "recall": 0.8478260869565217,
        "f1-score": 0.789873417721519,
        "support": 184
    },
    "TAM": {
        "precision": 0.803680981595092,
        "recall": 0.9225352112676056,
        "f1-score": 0.8590163934426229,
        "support": 142
    },
    "micro avg": {
        "precision": 0.8355437665782494,
        "recall": 0.8811188811188811,
        "f1-score": 0.8577263444520082,
        "support": 715
    },
    "macro avg": {
        "precision": 0.8531725174614485,
        "recall": 0.8238238156685253,
        "f1-score": 0.8304732338788318,
        "support": 715
    },
    "weighted avg": {
        "precision": 0.8407029951901335,
        "recall": 0.8811188811188811,
        "f1-score": 0.8581949131811418,
        "support": 715
    },
    "training_time": 232.8470208644867
}