{
    "ACH": {
        "precision": 0.9086021505376344,
        "recall": 0.8848167539267016,
        "f1-score": 0.896551724137931,
        "support": 191
    },
    "ATE": {
        "precision": 0.8055555555555556,
        "recall": 0.7631578947368421,
        "f1-score": 0.7837837837837838,
        "support": 38
    },
    "BOR": {
        "precision": 0.8888888888888888,
        "recall": 0.5,
        "f1-score": 0.64,
        "support": 16
    },
    "CAL": {
        "precision": 0.9230769230769231,
        "recall": 0.9166666666666666,
        "f1-score": 0.9198606271777002,
        "support": 144
    },
    "LOC": {
        "precision": 0.8305084745762712,
        "recall": 0.7989130434782609,
        "f1-score": 0.8144044321329641,
        "support": 184
    },
    "TAM": {
        "precision": 0.9136690647482014,
        "recall": 0.8943661971830986,
        "f1-score": 0.9039145907473309,
        "support": 142
    },
    "micro avg": {
        "precision": 0.8869565217391304,
        "recall": 0.855944055944056,
        "f1-score": 0.8711743772241993,
        "support": 715
    },
    "macro avg": {
        "precision": 0.8783835095639124,
        "recall": 0.7929867593319283,
        "f1-score": 0.8264191929966183,
        "support": 715
    },
    "weighted avg": {
        "precision": 0.8865090734620656,
        "recall": 0.855944055944056,
        "f1-score": 0.8698340990297956,
        "support": 715
    },
    "training_time": 301.81018328666687
}