{
    "ACH": {
        "precision": 0.9157303370786517,
        "recall": 0.8534031413612565,
        "f1-score": 0.8834688346883468,
        "support": 191
    },
    "ATE": {
        "precision": 0.7837837837837838,
        "recall": 0.7631578947368421,
        "f1-score": 0.7733333333333334,
        "support": 38
    },
    "BOR": {
        "precision": 0.6666666666666666,
        "recall": 0.5,
        "f1-score": 0.5714285714285715,
        "support": 16
    },
    "CAL": {
        "precision": 0.9705882352941176,
        "recall": 0.9166666666666666,
        "f1-score": 0.9428571428571428,
        "support": 144
    },
    "LOC": {
        "precision": 0.8539325842696629,
        "recall": 0.8260869565217391,
        "f1-score": 0.8397790055248618,
        "support": 184
    },
    "TAM": {
        "precision": 0.9064748201438849,
        "recall": 0.8873239436619719,
        "f1-score": 0.896797153024911,
        "support": 142
    },
    "micro avg": {
        "precision": 0.8970588235294118,
        "recall": 0.8531468531468531,
        "f1-score": 0.8745519713261648,
        "support": 715
    },
    "macro avg": {
        "precision": 0.8495294045394611,
        "recall": 0.791106433824746,
        "f1-score": 0.8179440068095278,
        "support": 715
    },
    "weighted avg": {
        "precision": 0.8964512876655601,
        "recall": 0.8531468531468531,
        "f1-score": 0.8739972483252287,
        "support": 715
    },
    "training_time": 213.76339530944824
}