{
    "ACH": {
        "precision": 0.8535353535353535,
        "recall": 0.8848167539267016,
        "f1-score": 0.8688946015424164,
        "support": 191
    },
    "ATE": {
        "precision": 0.8108108108108109,
        "recall": 0.7894736842105263,
        "f1-score": 0.8,
        "support": 38
    },
    "BOR": {
        "precision": 0.8461538461538461,
        "recall": 0.6875,
        "f1-score": 0.7586206896551724,
        "support": 16
    },
    "CAL": {
        "precision": 0.9496402877697842,
        "recall": 0.9166666666666666,
        "f1-score": 0.9328621908127208,
        "support": 144
    },
    "LOC": {
        "precision": 0.7910447761194029,
        "recall": 0.8641304347826086,
        "f1-score": 0.8259740259740258,
        "support": 184
    },
    "TAM": {
        "precision": 0.8662420382165605,
        "recall": 0.9577464788732394,
        "f1-score": 0.9096989966555185,
        "support": 142
    },
    "micro avg": {
        "precision": 0.8550335570469799,
        "recall": 0.8909090909090909,
        "f1-score": 0.8726027397260273,
        "support": 715
    },
    "macro avg": {
        "precision": 0.8529045187676263,
        "recall": 0.8500556697432904,
        "f1-score": 0.8493417507733091,
        "support": 715
    },
    "weighted avg": {
        "precision": 0.8568969713931406,
        "recall": 0.8909090909090909,
        "f1-score": 0.8727069002942943,
        "support": 715
    },
    "training_time": 236.2619752883911
}