{
    "ACH": {
        "precision": 0.8629441624365483,
        "recall": 0.8900523560209425,
        "f1-score": 0.8762886597938145,
        "support": 191
    },
    "ATE": {
        "precision": 0.7804878048780488,
        "recall": 0.8421052631578947,
        "f1-score": 0.810126582278481,
        "support": 38
    },
    "BOR": {
        "precision": 1.0,
        "recall": 0.625,
        "f1-score": 0.7692307692307693,
        "support": 16
    },
    "CAL": {
        "precision": 0.95,
        "recall": 0.9236111111111112,
        "f1-score": 0.9366197183098592,
        "support": 144
    },
    "LOC": {
        "precision": 0.7799043062200957,
        "recall": 0.8858695652173914,
        "f1-score": 0.8295165394402036,
        "support": 184
    },
    "TAM": {
        "precision": 0.8,
        "recall": 0.8450704225352113,
        "f1-score": 0.821917808219178,
        "support": 142
    },
    "micro avg": {
        "precision": 0.8406961178045516,
        "recall": 0.8783216783216783,
        "f1-score": 0.8590971272229821,
        "support": 715
    },
    "macro avg": {
        "precision": 0.8622227122557821,
        "recall": 0.835284786340425,
        "f1-score": 0.8406166795453842,
        "support": 715
    },
    "weighted avg": {
        "precision": 0.8452912782590828,
        "recall": 0.8783216783216783,
        "f1-score": 0.8596926544274597,
        "support": 715
    },
    "training_time": 306.30092096328735
}