{
    "ACH": {
        "precision": 0.9,
        "recall": 0.8481675392670157,
        "f1-score": 0.8733153638814016,
        "support": 191
    },
    "ATE": {
        "precision": 0.8333333333333334,
        "recall": 0.7894736842105263,
        "f1-score": 0.8108108108108109,
        "support": 38
    },
    "BOR": {
        "precision": 0.9,
        "recall": 0.5625,
        "f1-score": 0.6923076923076923,
        "support": 16
    },
    "CAL": {
        "precision": 0.9629629629629629,
        "recall": 0.9027777777777778,
        "f1-score": 0.931899641577061,
        "support": 144
    },
    "LOC": {
        "precision": 0.8421052631578947,
        "recall": 0.782608695652174,
        "f1-score": 0.8112676056338028,
        "support": 184
    },
    "TAM": {
        "precision": 0.9037037037037037,
        "recall": 0.8591549295774648,
        "f1-score": 0.8808664259927798,
        "support": 142
    },
    "micro avg": {
        "precision": 0.8950524737631185,
        "recall": 0.8349650349650349,
        "f1-score": 0.8639652677279305,
        "support": 715
    },
    "macro avg": {
        "precision": 0.8903508771929823,
        "recall": 0.7907804377474931,
        "f1-score": 0.8334112567005914,
        "support": 715
    },
    "weighted avg": {
        "precision": 0.8949743044479886,
        "recall": 0.8349650349650349,
        "f1-score": 0.8632738303549269,
        "support": 715
    },
    "training_time": 217.72182059288025
}