{
    "ACH": {
        "precision": 0.907608695652174,
        "recall": 0.8743455497382199,
        "f1-score": 0.8906666666666667,
        "support": 191
    },
    "ATE": {
        "precision": 0.7380952380952381,
        "recall": 0.8157894736842105,
        "f1-score": 0.775,
        "support": 38
    },
    "BOR": {
        "precision": 0.7272727272727273,
        "recall": 0.5,
        "f1-score": 0.5925925925925926,
        "support": 16
    },
    "CAL": {
        "precision": 0.9558823529411765,
        "recall": 0.9027777777777778,
        "f1-score": 0.9285714285714286,
        "support": 144
    },
    "LOC": {
        "precision": 0.8235294117647058,
        "recall": 0.8369565217391305,
        "f1-score": 0.8301886792452831,
        "support": 184
    },
    "TAM": {
        "precision": 0.9027777777777778,
        "recall": 0.9154929577464789,
        "f1-score": 0.9090909090909091,
        "support": 142
    },
    "micro avg": {
        "precision": 0.8806818181818182,
        "recall": 0.8671328671328671,
        "f1-score": 0.8738548273431993,
        "support": 715
    },
    "macro avg": {
        "precision": 0.8425277005839665,
        "recall": 0.8075603801143029,
        "f1-score": 0.8210183793611466,
        "support": 715
    },
    "weighted avg": {
        "precision": 0.8816897322884303,
        "recall": 0.8671328671328671,
        "f1-score": 0.8735786386029954,
        "support": 715
    },
    "training_time": 243.12712383270264
}