{
    "ACH": {
        "precision": 0.824390243902439,
        "recall": 0.8848167539267016,
        "f1-score": 0.8535353535353535,
        "support": 191
    },
    "ATE": {
        "precision": 0.8055555555555556,
        "recall": 0.7631578947368421,
        "f1-score": 0.7837837837837838,
        "support": 38
    },
    "BOR": {
        "precision": 0.8235294117647058,
        "recall": 0.875,
        "f1-score": 0.8484848484848485,
        "support": 16
    },
    "CAL": {
        "precision": 0.95,
        "recall": 0.9236111111111112,
        "f1-score": 0.9366197183098592,
        "support": 144
    },
    "LOC": {
        "precision": 0.7842105263157895,
        "recall": 0.8097826086956522,
        "f1-score": 0.7967914438502673,
        "support": 184
    },
    "TAM": {
        "precision": 0.9117647058823529,
        "recall": 0.8732394366197183,
        "f1-score": 0.8920863309352517,
        "support": 142
    },
    "micro avg": {
        "precision": 0.8535911602209945,
        "recall": 0.8643356643356643,
        "f1-score": 0.8589298123697012,
        "support": 715
    },
    "macro avg": {
        "precision": 0.8499084072368074,
        "recall": 0.8549346341816708,
        "f1-score": 0.8518835798165606,
        "support": 715
    },
    "weighted avg": {
        "precision": 0.8556803403665897,
        "recall": 0.8643356643356643,
        "f1-score": 0.8595019831925433,
        "support": 715
    },
    "training_time": 316.98074674606323
}