{
    "ACH": {
        "precision": 0.8829787234042553,
        "recall": 0.8691099476439791,
        "f1-score": 0.8759894459102903,
        "support": 191
    },
    "ATE": {
        "precision": 0.8,
        "recall": 0.8421052631578947,
        "f1-score": 0.8205128205128205,
        "support": 38
    },
    "BOR": {
        "precision": 0.5555555555555556,
        "recall": 0.3125,
        "f1-score": 0.39999999999999997,
        "support": 16
    },
    "CAL": {
        "precision": 0.8979591836734694,
        "recall": 0.9166666666666666,
        "f1-score": 0.9072164948453607,
        "support": 144
    },
    "LOC": {
        "precision": 0.7839195979899497,
        "recall": 0.8478260869565217,
        "f1-score": 0.8146214099216709,
        "support": 184
    },
    "TAM": {
        "precision": 0.8169934640522876,
        "recall": 0.8802816901408451,
        "f1-score": 0.847457627118644,
        "support": 142
    },
    "micro avg": {
        "precision": 0.8369565217391305,
        "recall": 0.8615384615384616,
        "f1-score": 0.8490696071674707,
        "support": 715
    },
    "macro avg": {
        "precision": 0.7895677541125864,
        "recall": 0.7780816090943179,
        "f1-score": 0.7776329663847976,
        "support": 715
    },
    "weighted avg": {
        "precision": 0.8356618537533661,
        "recall": 0.8615384615384616,
        "f1-score": 0.8472195371783487,
        "support": 715
    },
    "training_time": 119.39489006996155
}