{
    "ACH": {
        "precision": 0.8882978723404256,
        "recall": 0.8743455497382199,
        "f1-score": 0.8812664907651715,
        "support": 191
    },
    "ATE": {
        "precision": 0.775,
        "recall": 0.8157894736842105,
        "f1-score": 0.7948717948717949,
        "support": 38
    },
    "BOR": {
        "precision": 0.8888888888888888,
        "recall": 0.5,
        "f1-score": 0.64,
        "support": 16
    },
    "CAL": {
        "precision": 0.9357142857142857,
        "recall": 0.9097222222222222,
        "f1-score": 0.9225352112676057,
        "support": 144
    },
    "LOC": {
        "precision": 0.7603686635944701,
        "recall": 0.8967391304347826,
        "f1-score": 0.8229426433915212,
        "support": 184
    },
    "TAM": {
        "precision": 0.8484848484848485,
        "recall": 0.9859154929577465,
        "f1-score": 0.9120521172638436,
        "support": 142
    },
    "micro avg": {
        "precision": 0.8458498023715415,
        "recall": 0.8979020979020979,
        "f1-score": 0.871099050203528,
        "support": 715
    },
    "macro avg": {
        "precision": 0.8494590931704864,
        "recall": 0.8304186448395304,
        "f1-score": 0.828944709593323,
        "support": 715
    },
    "weighted avg": {
        "precision": 0.8510107070885756,
        "recall": 0.8979020979020979,
        "f1-score": 0.870692231327716,
        "support": 715
    },
    "training_time": 140.06937980651855
}