{
    "ACH": {
        "precision": 0.9101123595505618,
        "recall": 0.8481675392670157,
        "f1-score": 0.8780487804878049,
        "support": 191
    },
    "ATE": {
        "precision": 0.8333333333333334,
        "recall": 0.7894736842105263,
        "f1-score": 0.8108108108108109,
        "support": 38
    },
    "BOR": {
        "precision": 0.6666666666666666,
        "recall": 0.625,
        "f1-score": 0.6451612903225806,
        "support": 16
    },
    "CAL": {
        "precision": 0.9635036496350365,
        "recall": 0.9166666666666666,
        "f1-score": 0.9395017793594307,
        "support": 144
    },
    "LOC": {
        "precision": 0.8439306358381503,
        "recall": 0.7934782608695652,
        "f1-score": 0.8179271708683473,
        "support": 184
    },
    "TAM": {
        "precision": 0.8159509202453987,
        "recall": 0.9366197183098591,
        "f1-score": 0.8721311475409835,
        "support": 142
    },
    "micro avg": {
        "precision": 0.8732193732193733,
        "recall": 0.8573426573426574,
        "f1-score": 0.8652081863091038,
        "support": 715
    },
    "macro avg": {
        "precision": 0.8389162608781913,
        "recall": 0.8182343115539389,
        "f1-score": 0.827263496564993,
        "support": 715
    },
    "weighted avg": {
        "precision": 0.8756050170965065,
        "recall": 0.8573426573426574,
        "f1-score": 0.8649932687377572,
        "support": 715
    },
    "training_time": 190.19323253631592
}