{
    "ACH": {
        "precision": 0.8160377358490566,
        "recall": 0.9057591623036649,
        "f1-score": 0.8585607940446651,
        "support": 191
    },
    "ATE": {
        "precision": 0.8205128205128205,
        "recall": 0.8421052631578947,
        "f1-score": 0.8311688311688312,
        "support": 38
    },
    "BOR": {
        "precision": 0.7272727272727273,
        "recall": 0.5,
        "f1-score": 0.5925925925925926,
        "support": 16
    },
    "CAL": {
        "precision": 0.9492753623188406,
        "recall": 0.9097222222222222,
        "f1-score": 0.9290780141843973,
        "support": 144
    },
    "LOC": {
        "precision": 0.782608695652174,
        "recall": 0.782608695652174,
        "f1-score": 0.782608695652174,
        "support": 184
    },
    "TAM": {
        "precision": 0.8132530120481928,
        "recall": 0.9507042253521126,
        "f1-score": 0.8766233766233766,
        "support": 142
    },
    "micro avg": {
        "precision": 0.8306666666666667,
        "recall": 0.8713286713286713,
        "f1-score": 0.8505119453924914,
        "support": 715
    },
    "macro avg": {
        "precision": 0.818160058942302,
        "recall": 0.815149928114678,
        "f1-score": 0.8117720507110061,
        "support": 715
    },
    "weighted avg": {
        "precision": 0.8319673262206672,
        "recall": 0.8713286713286713,
        "f1-score": 0.8493968702818192,
        "support": 715
    },
    "training_time": 121.09471821784973
}