{
    "ACH": {
        "precision": 0.8852459016393442,
        "recall": 0.8481675392670157,
        "f1-score": 0.8663101604278075,
        "support": 191
    },
    "ATE": {
        "precision": 0.8108108108108109,
        "recall": 0.7894736842105263,
        "f1-score": 0.8,
        "support": 38
    },
    "BOR": {
        "precision": 0.9333333333333333,
        "recall": 0.875,
        "f1-score": 0.9032258064516129,
        "support": 16
    },
    "CAL": {
        "precision": 0.9230769230769231,
        "recall": 0.9166666666666666,
        "f1-score": 0.9198606271777002,
        "support": 144
    },
    "LOC": {
        "precision": 0.848314606741573,
        "recall": 0.8206521739130435,
        "f1-score": 0.8342541436464088,
        "support": 184
    },
    "TAM": {
        "precision": 0.924812030075188,
        "recall": 0.8661971830985915,
        "f1-score": 0.8945454545454545,
        "support": 142
    },
    "micro avg": {
        "precision": 0.888243831640058,
        "recall": 0.855944055944056,
        "f1-score": 0.8717948717948718,
        "support": 715
    },
    "macro avg": {
        "precision": 0.8875989342795286,
        "recall": 0.852692874525974,
        "f1-score": 0.8696993653748307,
        "support": 715
    },
    "weighted avg": {
        "precision": 0.8883389988691777,
        "recall": 0.855944055944056,
        "f1-score": 0.8717552459229645,
        "support": 715
    },
    "training_time": 142.33386397361755
}