{
    "ACH": {
        "precision": 0.9217877094972067,
        "recall": 0.8638743455497382,
        "f1-score": 0.8918918918918919,
        "support": 191
    },
    "ATE": {
        "precision": 0.8108108108108109,
        "recall": 0.7894736842105263,
        "f1-score": 0.8,
        "support": 38
    },
    "BOR": {
        "precision": 0.75,
        "recall": 0.5625,
        "f1-score": 0.6428571428571429,
        "support": 16
    },
    "CAL": {
        "precision": 0.8874172185430463,
        "recall": 0.9305555555555556,
        "f1-score": 0.9084745762711864,
        "support": 144
    },
    "LOC": {
        "precision": 0.7674418604651163,
        "recall": 0.8967391304347826,
        "f1-score": 0.8270676691729323,
        "support": 184
    },
    "TAM": {
        "precision": 0.793939393939394,
        "recall": 0.9225352112676056,
        "f1-score": 0.8534201954397396,
        "support": 142
    },
    "micro avg": {
        "precision": 0.8353096179183136,
        "recall": 0.8867132867132868,
        "f1-score": 0.8602442333785618,
        "support": 715
    },
    "macro avg": {
        "precision": 0.8218994988759291,
        "recall": 0.827612987836368,
        "f1-score": 0.8206185792721489,
        "support": 715
    },
    "weighted avg": {
        "precision": 0.84001264204189,
        "recall": 0.8867132867132868,
        "f1-score": 0.8604524804201106,
        "support": 715
    },
    "training_time": 191.74501085281372
}