{
    "ACH": {
        "precision": 0.9329608938547486,
        "recall": 0.8743455497382199,
        "f1-score": 0.9027027027027027,
        "support": 191
    },
    "ATE": {
        "precision": 0.9,
        "recall": 0.7105263157894737,
        "f1-score": 0.7941176470588235,
        "support": 38
    },
    "BOR": {
        "precision": 0.8333333333333334,
        "recall": 0.625,
        "f1-score": 0.7142857142857143,
        "support": 16
    },
    "CAL": {
        "precision": 0.9295774647887324,
        "recall": 0.9166666666666666,
        "f1-score": 0.9230769230769231,
        "support": 144
    },
    "LOC": {
        "precision": 0.8387096774193549,
        "recall": 0.8478260869565217,
        "f1-score": 0.8432432432432434,
        "support": 184
    },
    "TAM": {
        "precision": 0.87248322147651,
        "recall": 0.9154929577464789,
        "f1-score": 0.8934707903780068,
        "support": 142
    },
    "micro avg": {
        "precision": 0.8911174785100286,
        "recall": 0.8699300699300699,
        "f1-score": 0.8803963198867657,
        "support": 715
    },
    "macro avg": {
        "precision": 0.8845107651454466,
        "recall": 0.8149762628162268,
        "f1-score": 0.8451495034575691,
        "support": 715
    },
    "weighted avg": {
        "precision": 0.8920324714461448,
        "recall": 0.8699300699300699,
        "f1-score": 0.87968383796718,
        "support": 715
    },
    "training_time": 125.32394862174988
}