{
    "ACH": {
        "precision": 0.8269230769230769,
        "recall": 0.900523560209424,
        "f1-score": 0.8621553884711779,
        "support": 191
    },
    "ATE": {
        "precision": 0.7380952380952381,
        "recall": 0.8157894736842105,
        "f1-score": 0.775,
        "support": 38
    },
    "BOR": {
        "precision": 0.8235294117647058,
        "recall": 0.875,
        "f1-score": 0.8484848484848485,
        "support": 16
    },
    "CAL": {
        "precision": 0.95,
        "recall": 0.9236111111111112,
        "f1-score": 0.9366197183098592,
        "support": 144
    },
    "LOC": {
        "precision": 0.7596153846153846,
        "recall": 0.8586956521739131,
        "f1-score": 0.8061224489795917,
        "support": 184
    },
    "TAM": {
        "precision": 0.7716049382716049,
        "recall": 0.8802816901408451,
        "f1-score": 0.8223684210526316,
        "support": 142
    },
    "micro avg": {
        "precision": 0.8146718146718147,
        "recall": 0.8853146853146853,
        "f1-score": 0.8485254691689008,
        "support": 715
    },
    "macro avg": {
        "precision": 0.811628008278335,
        "recall": 0.875650247886584,
        "f1-score": 0.8417918042163515,
        "support": 715
    },
    "weighted avg": {
        "precision": 0.8186063347300148,
        "recall": 0.8853146853146853,
        "f1-score": 0.8498930386183089,
        "support": 715
    },
    "training_time": 147.1292576789856
}