{
    "ACH": {
        "precision": 0.890625,
        "recall": 0.8952879581151832,
        "f1-score": 0.8929503916449085,
        "support": 191
    },
    "ATE": {
        "precision": 0.8484848484848485,
        "recall": 0.7368421052631579,
        "f1-score": 0.7887323943661972,
        "support": 38
    },
    "BOR": {
        "precision": 0.875,
        "recall": 0.875,
        "f1-score": 0.875,
        "support": 16
    },
    "CAL": {
        "precision": 0.9507042253521126,
        "recall": 0.9375,
        "f1-score": 0.9440559440559442,
        "support": 144
    },
    "LOC": {
        "precision": 0.7568807339449541,
        "recall": 0.8967391304347826,
        "f1-score": 0.8208955223880597,
        "support": 184
    },
    "TAM": {
        "precision": 0.8106508875739645,
        "recall": 0.9647887323943662,
        "f1-score": 0.8810289389067524,
        "support": 142
    },
    "micro avg": {
        "precision": 0.8441558441558441,
        "recall": 0.9090909090909091,
        "f1-score": 0.8754208754208753,
        "support": 715
    },
    "macro avg": {
        "precision": 0.8553909492259799,
        "recall": 0.8843596543679149,
        "f1-score": 0.8671105318936436,
        "support": 715
    },
    "weighted avg": {
        "precision": 0.8498345297545497,
        "recall": 0.9090909090909091,
        "f1-score": 0.8763920240256093,
        "support": 715
    },
    "training_time": 198.73537945747375
}