{
    "ACH": {
        "precision": 0.896551724137931,
        "recall": 0.8167539267015707,
        "f1-score": 0.8547945205479452,
        "support": 191
    },
    "ATE": {
        "precision": 0.8387096774193549,
        "recall": 0.6842105263157895,
        "f1-score": 0.7536231884057972,
        "support": 38
    },
    "BOR": {
        "precision": 0.6666666666666666,
        "recall": 0.125,
        "f1-score": 0.21052631578947367,
        "support": 16
    },
    "CAL": {
        "precision": 0.9154929577464789,
        "recall": 0.9027777777777778,
        "f1-score": 0.9090909090909091,
        "support": 144
    },
    "LOC": {
        "precision": 0.7939698492462312,
        "recall": 0.8586956521739131,
        "f1-score": 0.825065274151436,
        "support": 184
    },
    "TAM": {
        "precision": 0.8148148148148148,
        "recall": 0.9295774647887324,
        "f1-score": 0.8684210526315789,
        "support": 142
    },
    "micro avg": {
        "precision": 0.849507735583685,
        "recall": 0.8447552447552448,
        "f1-score": 0.8471248246844321,
        "support": 715
    },
    "macro avg": {
        "precision": 0.821034281671913,
        "recall": 0.7195025579596305,
        "f1-score": 0.7369202101028568,
        "support": 715
    },
    "weighted avg": {
        "precision": 0.8495163015376925,
        "recall": 0.8447552447552448,
        "f1-score": 0.8409912537948933,
        "support": 715
    },
    "training_time": 72.57255935668945
}