{
    "ACH": {
        "precision": 0.8691099476439791,
        "recall": 0.8691099476439791,
        "f1-score": 0.8691099476439791,
        "support": 191
    },
    "ATE": {
        "precision": 0.7567567567567568,
        "recall": 0.7368421052631579,
        "f1-score": 0.7466666666666667,
        "support": 38
    },
    "BOR": {
        "precision": 0.9,
        "recall": 0.5625,
        "f1-score": 0.6923076923076923,
        "support": 16
    },
    "CAL": {
        "precision": 0.9166666666666666,
        "recall": 0.9166666666666666,
        "f1-score": 0.9166666666666666,
        "support": 144
    },
    "LOC": {
        "precision": 0.6638297872340425,
        "recall": 0.8478260869565217,
        "f1-score": 0.7446300715990454,
        "support": 184
    },
    "TAM": {
        "precision": 0.8024691358024691,
        "recall": 0.9154929577464789,
        "f1-score": 0.8552631578947367,
        "support": 142
    },
    "micro avg": {
        "precision": 0.7971758664955071,
        "recall": 0.8685314685314686,
        "f1-score": 0.8313253012048193,
        "support": 715
    },
    "macro avg": {
        "precision": 0.8181387156839857,
        "recall": 0.8080729607128007,
        "f1-score": 0.8041073671297978,
        "support": 715
    },
    "weighted avg": {
        "precision": 0.8073455313171625,
        "recall": 0.8685314685314686,
        "f1-score": 0.8334399412664804,
        "support": 715
    },
    "training_time": 90.23885798454285
}