{
    "ACH": {
        "precision": 0.8592964824120602,
        "recall": 0.8952879581151832,
        "f1-score": 0.8769230769230768,
        "support": 191
    },
    "ATE": {
        "precision": 0.8,
        "recall": 0.7368421052631579,
        "f1-score": 0.7671232876712328,
        "support": 38
    },
    "BOR": {
        "precision": 0.7777777777777778,
        "recall": 0.4375,
        "f1-score": 0.56,
        "support": 16
    },
    "CAL": {
        "precision": 0.9290780141843972,
        "recall": 0.9097222222222222,
        "f1-score": 0.9192982456140351,
        "support": 144
    },
    "LOC": {
        "precision": 0.746606334841629,
        "recall": 0.8967391304347826,
        "f1-score": 0.8148148148148148,
        "support": 184
    },
    "TAM": {
        "precision": 0.7988505747126436,
        "recall": 0.9788732394366197,
        "f1-score": 0.8797468354430379,
        "support": 142
    },
    "micro avg": {
        "precision": 0.8228498074454429,
        "recall": 0.8965034965034965,
        "f1-score": 0.8580990629183401,
        "support": 715
    },
    "macro avg": {
        "precision": 0.8186015306547514,
        "recall": 0.8091607759119942,
        "f1-score": 0.8029843767443663,
        "support": 715
    },
    "weighted avg": {
        "precision": 0.8273701452416172,
        "recall": 0.8965034965034965,
        "f1-score": 0.857107575595906,
        "support": 715
    },
    "training_time": 131.62096858024597
}