{
    "ACH": {
        "precision": 0.8944444444444445,
        "recall": 0.8429319371727748,
        "f1-score": 0.8679245283018867,
        "support": 191
    },
    "ATE": {
        "precision": 0.7878787878787878,
        "recall": 0.6842105263157895,
        "f1-score": 0.732394366197183,
        "support": 38
    },
    "BOR": {
        "precision": 0.75,
        "recall": 0.375,
        "f1-score": 0.5,
        "support": 16
    },
    "CAL": {
        "precision": 0.9230769230769231,
        "recall": 0.9166666666666666,
        "f1-score": 0.9198606271777002,
        "support": 144
    },
    "LOC": {
        "precision": 0.7947368421052632,
        "recall": 0.8206521739130435,
        "f1-score": 0.8074866310160427,
        "support": 184
    },
    "TAM": {
        "precision": 0.8561151079136691,
        "recall": 0.8380281690140845,
        "f1-score": 0.8469750889679715,
        "support": 142
    },
    "micro avg": {
        "precision": 0.8585858585858586,
        "recall": 0.8321678321678322,
        "f1-score": 0.8451704545454546,
        "support": 715
    },
    "macro avg": {
        "precision": 0.8343753509031813,
        "recall": 0.7462482455137266,
        "f1-score": 0.7791068736101306,
        "support": 715
    },
    "weighted avg": {
        "precision": 0.8580437538775794,
        "recall": 0.8321678321678322,
        "f1-score": 0.8432342711540503,
        "support": 715
    },
    "training_time": 73.97042965888977
}