{
    "ACH": {
        "precision": 0.8907103825136612,
        "recall": 0.8534031413612565,
        "f1-score": 0.8716577540106952,
        "support": 191
    },
    "ATE": {
        "precision": 0.7380952380952381,
        "recall": 0.8157894736842105,
        "f1-score": 0.775,
        "support": 38
    },
    "BOR": {
        "precision": 1.0,
        "recall": 0.5,
        "f1-score": 0.6666666666666666,
        "support": 16
    },
    "CAL": {
        "precision": 0.9635036496350365,
        "recall": 0.9166666666666666,
        "f1-score": 0.9395017793594307,
        "support": 144
    },
    "LOC": {
        "precision": 0.7916666666666666,
        "recall": 0.8260869565217391,
        "f1-score": 0.8085106382978724,
        "support": 184
    },
    "TAM": {
        "precision": 0.9090909090909091,
        "recall": 0.9154929577464789,
        "f1-score": 0.9122807017543859,
        "support": 142
    },
    "micro avg": {
        "precision": 0.873758865248227,
        "recall": 0.8615384615384616,
        "f1-score": 0.867605633802817,
        "support": 715
    },
    "macro avg": {
        "precision": 0.8821778076669187,
        "recall": 0.8045731993300586,
        "f1-score": 0.8289362566815085,
        "support": 715
    },
    "weighted avg": {
        "precision": 0.8778676970807683,
        "recall": 0.8615384615384616,
        "f1-score": 0.8674145049040544,
        "support": 715
    },
    "training_time": 91.91504645347595
}