{
    "ACH": {
        "precision": 0.7104072398190046,
        "recall": 0.8219895287958116,
        "f1-score": 0.7621359223300971,
        "support": 191
    },
    "ATE": {
        "precision": 0.7631578947368421,
        "recall": 0.7631578947368421,
        "f1-score": 0.7631578947368421,
        "support": 38
    },
    "BOR": {
        "precision": 0.5555555555555556,
        "recall": 0.3125,
        "f1-score": 0.39999999999999997,
        "support": 16
    },
    "CAL": {
        "precision": 0.9523809523809523,
        "recall": 0.8333333333333334,
        "f1-score": 0.888888888888889,
        "support": 144
    },
    "LOC": {
        "precision": 0.7631578947368421,
        "recall": 0.7880434782608695,
        "f1-score": 0.7754010695187166,
        "support": 184
    },
    "TAM": {
        "precision": 0.8291139240506329,
        "recall": 0.9225352112676056,
        "f1-score": 0.8733333333333334,
        "support": 142
    },
    "micro avg": {
        "precision": 0.7911051212938005,
        "recall": 0.820979020979021,
        "f1-score": 0.8057652711050104,
        "support": 715
    },
    "macro avg": {
        "precision": 0.7622955768799716,
        "recall": 0.7402599077324105,
        "f1-score": 0.7438195181346464,
        "support": 715
    },
    "weighted avg": {
        "precision": 0.7956290331243983,
        "recall": 0.820979020979021,
        "f1-score": 0.8051120157899662,
        "support": 715
    },
    "training_time": 133.1263165473938
}