{
    "ACH": {
        "precision": 0.9222222222222223,
        "recall": 0.8691099476439791,
        "f1-score": 0.8948787061994611,
        "support": 191
    },
    "ATE": {
        "precision": 0.7878787878787878,
        "recall": 0.6842105263157895,
        "f1-score": 0.732394366197183,
        "support": 38
    },
    "BOR": {
        "precision": 0.7,
        "recall": 0.4375,
        "f1-score": 0.5384615384615384,
        "support": 16
    },
    "CAL": {
        "precision": 0.9379310344827586,
        "recall": 0.9444444444444444,
        "f1-score": 0.9411764705882353,
        "support": 144
    },
    "LOC": {
        "precision": 0.7718446601941747,
        "recall": 0.8641304347826086,
        "f1-score": 0.8153846153846153,
        "support": 184
    },
    "TAM": {
        "precision": 0.8366013071895425,
        "recall": 0.9014084507042254,
        "f1-score": 0.8677966101694916,
        "support": 142
    },
    "micro avg": {
        "precision": 0.8555708390646493,
        "recall": 0.8699300699300699,
        "f1-score": 0.8626907073509015,
        "support": 715
    },
    "macro avg": {
        "precision": 0.8260796686612476,
        "recall": 0.7834673006485078,
        "f1-score": 0.7983487178334207,
        "support": 715
    },
    "weighted avg": {
        "precision": 0.8575702243999983,
        "recall": 0.8699300699300699,
        "f1-score": 0.8617559483279966,
        "support": 715
    },
    "training_time": 76.72677063941956
}