{
    "ACH": {
        "precision": 0.9042553191489362,
        "recall": 0.8900523560209425,
        "f1-score": 0.8970976253298154,
        "support": 191
    },
    "ATE": {
        "precision": 0.775,
        "recall": 0.8157894736842105,
        "f1-score": 0.7948717948717949,
        "support": 38
    },
    "BOR": {
        "precision": 0.6666666666666666,
        "recall": 0.625,
        "f1-score": 0.6451612903225806,
        "support": 16
    },
    "CAL": {
        "precision": 0.9166666666666666,
        "recall": 0.9166666666666666,
        "f1-score": 0.9166666666666666,
        "support": 144
    },
    "LOC": {
        "precision": 0.7920792079207921,
        "recall": 0.8695652173913043,
        "f1-score": 0.8290155440414507,
        "support": 184
    },
    "TAM": {
        "precision": 0.8461538461538461,
        "recall": 0.9295774647887324,
        "f1-score": 0.8859060402684563,
        "support": 142
    },
    "micro avg": {
        "precision": 0.8523489932885906,
        "recall": 0.8881118881118881,
        "f1-score": 0.8698630136986302,
        "support": 715
    },
    "macro avg": {
        "precision": 0.8168036177594845,
        "recall": 0.8411085297586426,
        "f1-score": 0.8281198269167941,
        "support": 715
    },
    "weighted avg": {
        "precision": 0.8541620322173222,
        "recall": 0.8881118881118881,
        "f1-score": 0.870224997356688,
        "support": 715
    },
    "training_time": 94.65347194671631
}