{
    "ACH": {
        "precision": 0.8564356435643564,
        "recall": 0.9057591623036649,
        "f1-score": 0.8804071246819339,
        "support": 191
    },
    "ATE": {
        "precision": 0.7619047619047619,
        "recall": 0.8421052631578947,
        "f1-score": 0.8,
        "support": 38
    },
    "BOR": {
        "precision": 0.8125,
        "recall": 0.8125,
        "f1-score": 0.8125,
        "support": 16
    },
    "CAL": {
        "precision": 0.95,
        "recall": 0.9236111111111112,
        "f1-score": 0.9366197183098592,
        "support": 144
    },
    "LOC": {
        "precision": 0.8009950248756219,
        "recall": 0.875,
        "f1-score": 0.8363636363636364,
        "support": 184
    },
    "TAM": {
        "precision": 0.8181818181818182,
        "recall": 0.9507042253521126,
        "f1-score": 0.8794788273615635,
        "support": 142
    },
    "micro avg": {
        "precision": 0.8446475195822454,
        "recall": 0.9048951048951049,
        "f1-score": 0.8737339635381499,
        "support": 715
    },
    "macro avg": {
        "precision": 0.8333362080877597,
        "recall": 0.884946626987464,
        "f1-score": 0.8575615511194986,
        "support": 715
    },
    "weighted avg": {
        "precision": 0.8474076806043435,
        "recall": 0.9048951048951049,
        "f1-score": 0.8744166473106577,
        "support": 715
    },
    "training_time": 137.75789713859558
}