{
    "ACH": {
        "precision": 0.907103825136612,
        "recall": 0.8691099476439791,
        "f1-score": 0.8877005347593583,
        "support": 191
    },
    "ATE": {
        "precision": 0.8571428571428571,
        "recall": 0.7894736842105263,
        "f1-score": 0.8219178082191781,
        "support": 38
    },
    "BOR": {
        "precision": 0.8,
        "recall": 0.75,
        "f1-score": 0.7741935483870969,
        "support": 16
    },
    "CAL": {
        "precision": 0.9565217391304348,
        "recall": 0.9166666666666666,
        "f1-score": 0.9361702127659574,
        "support": 144
    },
    "LOC": {
        "precision": 0.8579881656804734,
        "recall": 0.7880434782608695,
        "f1-score": 0.8215297450424929,
        "support": 184
    },
    "TAM": {
        "precision": 0.9172932330827067,
        "recall": 0.8591549295774648,
        "f1-score": 0.8872727272727273,
        "support": 142
    },
    "micro avg": {
        "precision": 0.9019316493313522,
        "recall": 0.848951048951049,
        "f1-score": 0.8746397694524496,
        "support": 715
    },
    "macro avg": {
        "precision": 0.8826749700288473,
        "recall": 0.8287414510599177,
        "f1-score": 0.8547974294078019,
        "support": 715
    },
    "weighted avg": {
        "precision": 0.9013886030632947,
        "recall": 0.848951048951049,
        "f1-score": 0.8743125687054595,
        "support": 715
    },
    "training_time": 651.3343825340271
}