{
    "ACH": {
        "precision": 0.9226804123711341,
        "recall": 0.9179487179487179,
        "f1-score": 0.9203084832904883,
        "support": 195
    },
    "ATE": {
        "precision": 0.8529411764705882,
        "recall": 0.8787878787878788,
        "f1-score": 0.8656716417910447,
        "support": 33
    },
    "BOR": {
        "precision": 0.5555555555555556,
        "recall": 0.5555555555555556,
        "f1-score": 0.5555555555555556,
        "support": 18
    },
    "CAL": {
        "precision": 0.9733333333333334,
        "recall": 0.9240506329113924,
        "f1-score": 0.948051948051948,
        "support": 158
    },
    "LOC": {
        "precision": 0.8829787234042553,
        "recall": 0.8556701030927835,
        "f1-score": 0.8691099476439791,
        "support": 194
    },
    "TAM": {
        "precision": 0.9290322580645162,
        "recall": 0.9056603773584906,
        "f1-score": 0.9171974522292995,
        "support": 159
    },
    "micro avg": {
        "precision": 0.912043301759134,
        "recall": 0.8903566710700133,
        "f1-score": 0.9010695187165775,
        "support": 757
    },
    "macro avg": {
        "precision": 0.8527535765332304,
        "recall": 0.8396122109424698,
        "f1-score": 0.8459825047603857,
        "support": 757
    },
    "weighted avg": {
        "precision": 0.9126425459382441,
        "recall": 0.8903566710700133,
        "f1-score": 0.9012698163280687,
        "support": 757
    },
    "training_time": 209.77600049972534
}