{
    "ACH": {
        "precision": 0.9267015706806283,
        "recall": 0.9076923076923077,
        "f1-score": 0.9170984455958548,
        "support": 195
    },
    "ATE": {
        "precision": 0.7894736842105263,
        "recall": 0.9090909090909091,
        "f1-score": 0.8450704225352113,
        "support": 33
    },
    "BOR": {
        "precision": 0.7222222222222222,
        "recall": 0.7222222222222222,
        "f1-score": 0.7222222222222222,
        "support": 18
    },
    "CAL": {
        "precision": 0.9554140127388535,
        "recall": 0.9493670886075949,
        "f1-score": 0.9523809523809524,
        "support": 158
    },
    "LOC": {
        "precision": 0.8465346534653465,
        "recall": 0.8814432989690721,
        "f1-score": 0.8636363636363636,
        "support": 194
    },
    "TAM": {
        "precision": 0.9141104294478528,
        "recall": 0.9371069182389937,
        "f1-score": 0.9254658385093167,
        "support": 159
    },
    "micro avg": {
        "precision": 0.8972691807542262,
        "recall": 0.9114927344782034,
        "f1-score": 0.9043250327653998,
        "support": 757
    },
    "macro avg": {
        "precision": 0.8590760954609049,
        "recall": 0.8844871241368502,
        "f1-score": 0.8709790408133203,
        "support": 757
    },
    "weighted avg": {
        "precision": 0.8986606775811024,
        "recall": 0.9114927344782034,
        "f1-score": 0.90474535558716,
        "support": 757
    },
    "training_time": 232.40364027023315
}