{
    "ACH": {
        "precision": 0.9382022471910112,
        "recall": 0.8564102564102564,
        "f1-score": 0.8954423592493297,
        "support": 195
    },
    "ATE": {
        "precision": 0.8888888888888888,
        "recall": 0.7272727272727273,
        "f1-score": 0.7999999999999999,
        "support": 33
    },
    "BOR": {
        "precision": 0.6153846153846154,
        "recall": 0.4444444444444444,
        "f1-score": 0.5161290322580646,
        "support": 18
    },
    "CAL": {
        "precision": 0.959731543624161,
        "recall": 0.9050632911392406,
        "f1-score": 0.9315960912052117,
        "support": 158
    },
    "LOC": {
        "precision": 0.8950617283950617,
        "recall": 0.7474226804123711,
        "f1-score": 0.8146067415730337,
        "support": 194
    },
    "TAM": {
        "precision": 0.9090909090909091,
        "recall": 0.8805031446540881,
        "f1-score": 0.8945686900958466,
        "support": 159
    },
    "micro avg": {
        "precision": 0.91800878477306,
        "recall": 0.8282694848084544,
        "f1-score": 0.8708333333333333,
        "support": 757
    },
    "macro avg": {
        "precision": 0.8677266554291078,
        "recall": 0.760186090722188,
        "f1-score": 0.808723819063581,
        "support": 757
    },
    "weighted avg": {
        "precision": 0.9156997468417668,
        "recall": 0.8282694848084544,
        "f1-score": 0.8689087115390964,
        "support": 757
    },
    "training_time": 301.95947790145874
}