{
    "ACH": {
        "precision": 0.9336734693877551,
        "recall": 0.9384615384615385,
        "f1-score": 0.9360613810741688,
        "support": 195
    },
    "ATE": {
        "precision": 0.8157894736842105,
        "recall": 0.9393939393939394,
        "f1-score": 0.8732394366197183,
        "support": 33
    },
    "BOR": {
        "precision": 0.6666666666666666,
        "recall": 0.6666666666666666,
        "f1-score": 0.6666666666666666,
        "support": 18
    },
    "CAL": {
        "precision": 0.9493670886075949,
        "recall": 0.9493670886075949,
        "f1-score": 0.9493670886075949,
        "support": 158
    },
    "LOC": {
        "precision": 0.893048128342246,
        "recall": 0.8608247422680413,
        "f1-score": 0.8766404199475065,
        "support": 194
    },
    "TAM": {
        "precision": 0.8982035928143712,
        "recall": 0.9433962264150944,
        "f1-score": 0.920245398773006,
        "support": 159
    },
    "micro avg": {
        "precision": 0.9070680628272252,
        "recall": 0.9154557463672391,
        "f1-score": 0.911242603550296,
        "support": 757
    },
    "macro avg": {
        "precision": 0.8594580699171407,
        "recall": 0.8830183669688125,
        "f1-score": 0.8703700652814436,
        "support": 757
    },
    "weighted avg": {
        "precision": 0.9075998511467266,
        "recall": 0.9154557463672391,
        "f1-score": 0.9111441619453603,
        "support": 757
    },
    "training_time": 213.4019365310669
}