{
    "ACH": {
        "precision": 0.91,
        "recall": 0.9333333333333333,
        "f1-score": 0.9215189873417723,
        "support": 195
    },
    "ATE": {
        "precision": 0.7435897435897436,
        "recall": 0.8787878787878788,
        "f1-score": 0.8055555555555556,
        "support": 33
    },
    "BOR": {
        "precision": 0.7222222222222222,
        "recall": 0.7222222222222222,
        "f1-score": 0.7222222222222222,
        "support": 18
    },
    "CAL": {
        "precision": 0.9433962264150944,
        "recall": 0.9493670886075949,
        "f1-score": 0.9463722397476341,
        "support": 158
    },
    "LOC": {
        "precision": 0.868421052631579,
        "recall": 0.8505154639175257,
        "f1-score": 0.8593750000000001,
        "support": 194
    },
    "TAM": {
        "precision": 0.930379746835443,
        "recall": 0.9245283018867925,
        "f1-score": 0.9274447949526813,
        "support": 159
    },
    "micro avg": {
        "precision": 0.8979057591623036,
        "recall": 0.9062087186261559,
        "f1-score": 0.9020381328073636,
        "support": 757
    },
    "macro avg": {
        "precision": 0.8530014986156803,
        "recall": 0.8764590481258913,
        "f1-score": 0.8637481333033109,
        "support": 757
    },
    "weighted avg": {
        "precision": 0.8988759963928774,
        "recall": 0.9062087186261559,
        "f1-score": 0.9022309407431722,
        "support": 757
    },
    "training_time": 236.3318955898285
}