{
    "ACH": {
        "precision": 0.9119170984455959,
        "recall": 0.9025641025641026,
        "f1-score": 0.9072164948453609,
        "support": 195
    },
    "ATE": {
        "precision": 0.8333333333333334,
        "recall": 0.9090909090909091,
        "f1-score": 0.8695652173913043,
        "support": 33
    },
    "BOR": {
        "precision": 0.7777777777777778,
        "recall": 0.7777777777777778,
        "f1-score": 0.7777777777777778,
        "support": 18
    },
    "CAL": {
        "precision": 0.9615384615384616,
        "recall": 0.9493670886075949,
        "f1-score": 0.9554140127388535,
        "support": 158
    },
    "LOC": {
        "precision": 0.9086021505376344,
        "recall": 0.8711340206185567,
        "f1-score": 0.8894736842105262,
        "support": 194
    },
    "TAM": {
        "precision": 0.9423076923076923,
        "recall": 0.9245283018867925,
        "f1-score": 0.9333333333333333,
        "support": 159
    },
    "micro avg": {
        "precision": 0.9208053691275168,
        "recall": 0.9062087186261559,
        "f1-score": 0.9134487350199734,
        "support": 757
    },
    "macro avg": {
        "precision": 0.8892460856567492,
        "recall": 0.889077033424289,
        "f1-score": 0.8887967533828594,
        "support": 757
    },
    "weighted avg": {
        "precision": 0.9211924060781932,
        "recall": 0.9062087186261559,
        "f1-score": 0.9134956108564588,
        "support": 757
    },
    "training_time": 306.6284635066986
}