{
    "ACH": {
        "precision": 0.9368421052631579,
        "recall": 0.9128205128205128,
        "f1-score": 0.9246753246753245,
        "support": 195
    },
    "ATE": {
        "precision": 0.896551724137931,
        "recall": 0.7878787878787878,
        "f1-score": 0.8387096774193549,
        "support": 33
    },
    "BOR": {
        "precision": 0.5,
        "recall": 0.3888888888888889,
        "f1-score": 0.43750000000000006,
        "support": 18
    },
    "CAL": {
        "precision": 0.9423076923076923,
        "recall": 0.930379746835443,
        "f1-score": 0.9363057324840764,
        "support": 158
    },
    "LOC": {
        "precision": 0.8716577540106952,
        "recall": 0.8402061855670103,
        "f1-score": 0.8556430446194225,
        "support": 194
    },
    "TAM": {
        "precision": 0.9225806451612903,
        "recall": 0.89937106918239,
        "f1-score": 0.910828025477707,
        "support": 159
    },
    "micro avg": {
        "precision": 0.908344733242134,
        "recall": 0.8771466314398944,
        "f1-score": 0.8924731182795699,
        "support": 757
    },
    "macro avg": {
        "precision": 0.8449899868134613,
        "recall": 0.7932575318621722,
        "f1-score": 0.8172769674459809,
        "support": 757
    },
    "weighted avg": {
        "precision": 0.9061386521350104,
        "recall": 0.8771466314398944,
        "f1-score": 0.8911714928746822,
        "support": 757
    },
    "training_time": 218.34311079978943
}