{
    "ACH": {
        "precision": 0.9319371727748691,
        "recall": 0.9128205128205128,
        "f1-score": 0.9222797927461139,
        "support": 195
    },
    "ATE": {
        "precision": 0.8484848484848485,
        "recall": 0.8484848484848485,
        "f1-score": 0.8484848484848486,
        "support": 33
    },
    "BOR": {
        "precision": 0.8125,
        "recall": 0.7222222222222222,
        "f1-score": 0.7647058823529411,
        "support": 18
    },
    "CAL": {
        "precision": 0.967741935483871,
        "recall": 0.9493670886075949,
        "f1-score": 0.9584664536741213,
        "support": 158
    },
    "LOC": {
        "precision": 0.8971428571428571,
        "recall": 0.8092783505154639,
        "f1-score": 0.8509485094850948,
        "support": 194
    },
    "TAM": {
        "precision": 0.9513888888888888,
        "recall": 0.8616352201257862,
        "f1-score": 0.9042904290429044,
        "support": 159
    },
    "micro avg": {
        "precision": 0.9285714285714286,
        "recall": 0.8758256274768824,
        "f1-score": 0.9014276002719238,
        "support": 757
    },
    "macro avg": {
        "precision": 0.9015326171292225,
        "recall": 0.8506347071294048,
        "f1-score": 0.874862652631004,
        "support": 757
    },
    "weighted avg": {
        "precision": 0.928101086019285,
        "recall": 0.8758256274768824,
        "f1-score": 0.9008099791364418,
        "support": 757
    },
    "training_time": 243.10327982902527
}