{
    "ACH": {
        "precision": 0.8440860215053764,
        "recall": 0.8051282051282052,
        "f1-score": 0.8241469816272967,
        "support": 195
    },
    "ATE": {
        "precision": 0.7560975609756098,
        "recall": 0.9393939393939394,
        "f1-score": 0.8378378378378378,
        "support": 33
    },
    "BOR": {
        "precision": 0.7857142857142857,
        "recall": 0.6111111111111112,
        "f1-score": 0.6875000000000001,
        "support": 18
    },
    "CAL": {
        "precision": 0.9733333333333334,
        "recall": 0.9240506329113924,
        "f1-score": 0.948051948051948,
        "support": 158
    },
    "LOC": {
        "precision": 0.8947368421052632,
        "recall": 0.8762886597938144,
        "f1-score": 0.8854166666666666,
        "support": 194
    },
    "TAM": {
        "precision": 0.9363057324840764,
        "recall": 0.9245283018867925,
        "f1-score": 0.930379746835443,
        "support": 159
    },
    "micro avg": {
        "precision": 0.8970189701897019,
        "recall": 0.8745046235138706,
        "f1-score": 0.88561872909699,
        "support": 757
    },
    "macro avg": {
        "precision": 0.8650456293529908,
        "recall": 0.8467501417042093,
        "f1-score": 0.8522221968365321,
        "support": 757
    },
    "weighted avg": {
        "precision": 0.8981890044235885,
        "recall": 0.8745046235138706,
        "f1-score": 0.8853708466820979,
        "support": 757
    },
    "training_time": 316.85898447036743
}