{
    "ACH": {
        "precision": 0.8702702702702703,
        "recall": 0.8256410256410256,
        "f1-score": 0.8473684210526314,
        "support": 195
    },
    "ATE": {
        "precision": 0.8055555555555556,
        "recall": 0.8787878787878788,
        "f1-score": 0.8405797101449276,
        "support": 33
    },
    "BOR": {
        "precision": 0.6666666666666666,
        "recall": 0.5555555555555556,
        "f1-score": 0.606060606060606,
        "support": 18
    },
    "CAL": {
        "precision": 0.8881578947368421,
        "recall": 0.8544303797468354,
        "f1-score": 0.8709677419354839,
        "support": 158
    },
    "LOC": {
        "precision": 0.8367346938775511,
        "recall": 0.845360824742268,
        "f1-score": 0.8410256410256411,
        "support": 194
    },
    "TAM": {
        "precision": 0.9281045751633987,
        "recall": 0.8930817610062893,
        "f1-score": 0.9102564102564102,
        "support": 159
    },
    "micro avg": {
        "precision": 0.8697421981004071,
        "recall": 0.8467635402906208,
        "f1-score": 0.8580990629183399,
        "support": 757
    },
    "macro avg": {
        "precision": 0.8325816093783808,
        "recall": 0.8088095709133087,
        "f1-score": 0.8193764217459502,
        "support": 757
    },
    "weighted avg": {
        "precision": 0.8698945065623281,
        "recall": 0.8467635402906208,
        "f1-score": 0.8578437387908675,
        "support": 757
    },
    "training_time": 119.16002416610718
}