{
    "ACH": {
        "precision": 0.8387096774193549,
        "recall": 0.9333333333333333,
        "f1-score": 0.883495145631068,
        "support": 195
    },
    "ATE": {
        "precision": 0.6666666666666666,
        "recall": 0.9090909090909091,
        "f1-score": 0.7692307692307692,
        "support": 33
    },
    "BOR": {
        "precision": 0.6666666666666666,
        "recall": 0.6666666666666666,
        "f1-score": 0.6666666666666666,
        "support": 18
    },
    "CAL": {
        "precision": 0.8895348837209303,
        "recall": 0.9683544303797469,
        "f1-score": 0.9272727272727274,
        "support": 158
    },
    "LOC": {
        "precision": 0.7772727272727272,
        "recall": 0.8814432989690721,
        "f1-score": 0.8260869565217391,
        "support": 194
    },
    "TAM": {
        "precision": 0.8248587570621468,
        "recall": 0.9182389937106918,
        "f1-score": 0.8690476190476191,
        "support": 159
    },
    "micro avg": {
        "precision": 0.817432273262662,
        "recall": 0.916776750330251,
        "f1-score": 0.8642590286425903,
        "support": 757
    },
    "macro avg": {
        "precision": 0.7772848964680822,
        "recall": 0.87952127202507,
        "f1-score": 0.8236333140617648,
        "support": 757
    },
    "weighted avg": {
        "precision": 0.8190731178183245,
        "recall": 0.916776750330251,
        "f1-score": 0.8647486138514576,
        "support": 757
    },
    "training_time": 140.14122009277344
}