{
    "ACH": {
        "precision": 0.9518716577540107,
        "recall": 0.9128205128205128,
        "f1-score": 0.9319371727748691,
        "support": 195
    },
    "ATE": {
        "precision": 0.7777777777777778,
        "recall": 0.8484848484848485,
        "f1-score": 0.8115942028985507,
        "support": 33
    },
    "BOR": {
        "precision": 0.6,
        "recall": 0.5,
        "f1-score": 0.5454545454545454,
        "support": 18
    },
    "CAL": {
        "precision": 0.9741935483870968,
        "recall": 0.9556962025316456,
        "f1-score": 0.9648562300319489,
        "support": 158
    },
    "LOC": {
        "precision": 0.8254716981132075,
        "recall": 0.9020618556701031,
        "f1-score": 0.8620689655172413,
        "support": 194
    },
    "TAM": {
        "precision": 0.9440559440559441,
        "recall": 0.8490566037735849,
        "f1-score": 0.8940397350993377,
        "support": 159
    },
    "micro avg": {
        "precision": 0.9037433155080213,
        "recall": 0.892998678996037,
        "f1-score": 0.8983388704318936,
        "support": 757
    },
    "macro avg": {
        "precision": 0.8455617710146729,
        "recall": 0.8280200038801159,
        "f1-score": 0.8349918086294155,
        "support": 757
    },
    "weighted avg": {
        "precision": 0.9065397953932859,
        "recall": 0.892998678996037,
        "f1-score": 0.8985066324189181,
        "support": 757
    },
    "training_time": 190.7391698360443
}