{
    "ACH": {
        "precision": 0.9193548387096774,
        "recall": 0.8769230769230769,
        "f1-score": 0.8976377952755904,
        "support": 195
    },
    "ATE": {
        "precision": 0.84375,
        "recall": 0.8181818181818182,
        "f1-score": 0.8307692307692308,
        "support": 33
    },
    "BOR": {
        "precision": 0.7142857142857143,
        "recall": 0.5555555555555556,
        "f1-score": 0.6250000000000001,
        "support": 18
    },
    "CAL": {
        "precision": 0.9675324675324676,
        "recall": 0.9430379746835443,
        "f1-score": 0.9551282051282052,
        "support": 158
    },
    "LOC": {
        "precision": 0.8870056497175142,
        "recall": 0.8092783505154639,
        "f1-score": 0.8463611859838276,
        "support": 194
    },
    "TAM": {
        "precision": 0.9285714285714286,
        "recall": 0.89937106918239,
        "f1-score": 0.9137380191693292,
        "support": 159
    },
    "micro avg": {
        "precision": 0.9163179916317992,
        "recall": 0.8678996036988111,
        "f1-score": 0.8914518317503392,
        "support": 757
    },
    "macro avg": {
        "precision": 0.876750016469467,
        "recall": 0.8170579741736416,
        "f1-score": 0.8447724060543639,
        "support": 757
    },
    "weighted avg": {
        "precision": 0.9148839755134937,
        "recall": 0.8678996036988111,
        "f1-score": 0.8904800874942762,
        "support": 757
    },
    "training_time": 121.04281949996948
}