{
    "ACH": {
        "precision": 0.8823529411764706,
        "recall": 0.9230769230769231,
        "f1-score": 0.9022556390977443,
        "support": 195
    },
    "ATE": {
        "precision": 0.7560975609756098,
        "recall": 0.9393939393939394,
        "f1-score": 0.8378378378378378,
        "support": 33
    },
    "BOR": {
        "precision": 0.7058823529411765,
        "recall": 0.6666666666666666,
        "f1-score": 0.6857142857142857,
        "support": 18
    },
    "CAL": {
        "precision": 0.9615384615384616,
        "recall": 0.9493670886075949,
        "f1-score": 0.9554140127388535,
        "support": 158
    },
    "LOC": {
        "precision": 0.9015544041450777,
        "recall": 0.8969072164948454,
        "f1-score": 0.8992248062015503,
        "support": 194
    },
    "TAM": {
        "precision": 0.9144736842105263,
        "recall": 0.8742138364779874,
        "f1-score": 0.8938906752411576,
        "support": 159
    },
    "micro avg": {
        "precision": 0.8990825688073395,
        "recall": 0.9062087186261559,
        "f1-score": 0.9026315789473685,
        "support": 757
    },
    "macro avg": {
        "precision": 0.8536499008312205,
        "recall": 0.8749376117863262,
        "f1-score": 0.8623895428052383,
        "support": 757
    },
    "weighted avg": {
        "precision": 0.9008479161311016,
        "recall": 0.9062087186261559,
        "f1-score": 0.9028599725161819,
        "support": 757
    },
    "training_time": 142.41874504089355
}