{
    "ACH": {
        "precision": 0.9222797927461139,
        "recall": 0.9128205128205128,
        "f1-score": 0.9175257731958762,
        "support": 195
    },
    "ATE": {
        "precision": 0.7435897435897436,
        "recall": 0.8787878787878788,
        "f1-score": 0.8055555555555556,
        "support": 33
    },
    "BOR": {
        "precision": 0.7058823529411765,
        "recall": 0.6666666666666666,
        "f1-score": 0.6857142857142857,
        "support": 18
    },
    "CAL": {
        "precision": 0.9666666666666667,
        "recall": 0.9177215189873418,
        "f1-score": 0.9415584415584415,
        "support": 158
    },
    "LOC": {
        "precision": 0.9081081081081082,
        "recall": 0.865979381443299,
        "f1-score": 0.8865435356200528,
        "support": 194
    },
    "TAM": {
        "precision": 0.9426751592356688,
        "recall": 0.9308176100628931,
        "f1-score": 0.9367088607594937,
        "support": 159
    },
    "micro avg": {
        "precision": 0.9176788124156545,
        "recall": 0.8982826948480845,
        "f1-score": 0.9078771695594126,
        "support": 757
    },
    "macro avg": {
        "precision": 0.8648669705479128,
        "recall": 0.862132261461432,
        "f1-score": 0.8622677420672842,
        "support": 757
    },
    "weighted avg": {
        "precision": 0.9192609776772427,
        "recall": 0.8982826948480845,
        "f1-score": 0.9082379191369483,
        "support": 757
    },
    "training_time": 191.92516827583313
}