{
    "ACH": {
        "precision": 0.8774509803921569,
        "recall": 0.9179487179487179,
        "f1-score": 0.8972431077694235,
        "support": 195
    },
    "ATE": {
        "precision": 0.7692307692307693,
        "recall": 0.9090909090909091,
        "f1-score": 0.8333333333333333,
        "support": 33
    },
    "BOR": {
        "precision": 0.6875,
        "recall": 0.6111111111111112,
        "f1-score": 0.6470588235294118,
        "support": 18
    },
    "CAL": {
        "precision": 0.8975903614457831,
        "recall": 0.9430379746835443,
        "f1-score": 0.9197530864197531,
        "support": 158
    },
    "LOC": {
        "precision": 0.7962962962962963,
        "recall": 0.8865979381443299,
        "f1-score": 0.8390243902439023,
        "support": 194
    },
    "TAM": {
        "precision": 0.8895705521472392,
        "recall": 0.9119496855345912,
        "f1-score": 0.9006211180124224,
        "support": 159
    },
    "micro avg": {
        "precision": 0.8532338308457711,
        "recall": 0.9062087186261559,
        "f1-score": 0.8789237668161435,
        "support": 757
    },
    "macro avg": {
        "precision": 0.8196064932520407,
        "recall": 0.8632893894188672,
        "f1-score": 0.839505643218041,
        "support": 757
    },
    "weighted avg": {
        "precision": 0.8541678110203595,
        "recall": 0.9062087186261559,
        "f1-score": 0.8789959603225631,
        "support": 757
    },
    "training_time": 125.17935037612915
}