{
    "ACH": {
        "precision": 0.9020618556701031,
        "recall": 0.8974358974358975,
        "f1-score": 0.8997429305912596,
        "support": 195
    },
    "ATE": {
        "precision": 0.8787878787878788,
        "recall": 0.8787878787878788,
        "f1-score": 0.8787878787878788,
        "support": 33
    },
    "BOR": {
        "precision": 0.631578947368421,
        "recall": 0.6666666666666666,
        "f1-score": 0.6486486486486486,
        "support": 18
    },
    "CAL": {
        "precision": 0.9490445859872612,
        "recall": 0.9430379746835443,
        "f1-score": 0.946031746031746,
        "support": 158
    },
    "LOC": {
        "precision": 0.8606965174129353,
        "recall": 0.8917525773195877,
        "f1-score": 0.8759493670886076,
        "support": 194
    },
    "TAM": {
        "precision": 0.9308176100628931,
        "recall": 0.9308176100628931,
        "f1-score": 0.9308176100628931,
        "support": 159
    },
    "micro avg": {
        "precision": 0.8990825688073395,
        "recall": 0.9062087186261559,
        "f1-score": 0.9026315789473685,
        "support": 757
    },
    "macro avg": {
        "precision": 0.8588312325482487,
        "recall": 0.868083100826078,
        "f1-score": 0.8633296968685057,
        "support": 757
    },
    "weighted avg": {
        "precision": 0.8998608347059425,
        "recall": 0.9062087186261559,
        "f1-score": 0.902949458691119,
        "support": 757
    },
    "training_time": 147.02924752235413
}