{
    "ACH": {
        "precision": 0.9333333333333333,
        "recall": 0.9333333333333333,
        "f1-score": 0.9333333333333333,
        "support": 195
    },
    "ATE": {
        "precision": 0.7777777777777778,
        "recall": 0.8484848484848485,
        "f1-score": 0.8115942028985507,
        "support": 33
    },
    "BOR": {
        "precision": 0.7647058823529411,
        "recall": 0.7222222222222222,
        "f1-score": 0.7428571428571428,
        "support": 18
    },
    "CAL": {
        "precision": 0.9612903225806452,
        "recall": 0.9430379746835443,
        "f1-score": 0.952076677316294,
        "support": 158
    },
    "LOC": {
        "precision": 0.8913043478260869,
        "recall": 0.845360824742268,
        "f1-score": 0.8677248677248677,
        "support": 194
    },
    "TAM": {
        "precision": 0.9235668789808917,
        "recall": 0.9119496855345912,
        "f1-score": 0.9177215189873418,
        "support": 159
    },
    "micro avg": {
        "precision": 0.9153225806451613,
        "recall": 0.8996036988110965,
        "f1-score": 0.9073950699533645,
        "support": 757
    },
    "macro avg": {
        "precision": 0.8753297571419462,
        "recall": 0.8673981481668012,
        "f1-score": 0.8708846238529219,
        "support": 757
    },
    "weighted avg": {
        "precision": 0.9155553774808246,
        "recall": 0.8996036988110965,
        "f1-score": 0.9073163779929548,
        "support": 757
    },
    "training_time": 199.6010046005249
}