{
    "ACH": {
        "precision": 0.8795811518324608,
        "recall": 0.8615384615384616,
        "f1-score": 0.8704663212435234,
        "support": 195
    },
    "ATE": {
        "precision": 0.8181818181818182,
        "recall": 0.8181818181818182,
        "f1-score": 0.8181818181818182,
        "support": 33
    },
    "BOR": {
        "precision": 0.6153846153846154,
        "recall": 0.4444444444444444,
        "f1-score": 0.5161290322580646,
        "support": 18
    },
    "CAL": {
        "precision": 0.9235668789808917,
        "recall": 0.9177215189873418,
        "f1-score": 0.9206349206349206,
        "support": 158
    },
    "LOC": {
        "precision": 0.8461538461538461,
        "recall": 0.8505154639175257,
        "f1-score": 0.8483290488431877,
        "support": 194
    },
    "TAM": {
        "precision": 0.9210526315789473,
        "recall": 0.8805031446540881,
        "f1-score": 0.9003215434083601,
        "support": 159
    },
    "micro avg": {
        "precision": 0.8812415654520918,
        "recall": 0.8626155878467635,
        "f1-score": 0.8718291054739653,
        "support": 757
    },
    "macro avg": {
        "precision": 0.8339868236854299,
        "recall": 0.7954841419539466,
        "f1-score": 0.8123437807616458,
        "support": 757
    },
    "weighted avg": {
        "precision": 0.8799471983330682,
        "recall": 0.8626155878467635,
        "f1-score": 0.8708302953249106,
        "support": 757
    },
    "training_time": 72.61170363426208
}