{
    "ACH": {
        "precision": 0.9081632653061225,
        "recall": 0.9128205128205128,
        "f1-score": 0.9104859335038363,
        "support": 195
    },
    "ATE": {
        "precision": 0.8,
        "recall": 0.7272727272727273,
        "f1-score": 0.761904761904762,
        "support": 33
    },
    "BOR": {
        "precision": 0.8,
        "recall": 0.4444444444444444,
        "f1-score": 0.5714285714285714,
        "support": 18
    },
    "CAL": {
        "precision": 0.9736842105263158,
        "recall": 0.9367088607594937,
        "f1-score": 0.9548387096774194,
        "support": 158
    },
    "LOC": {
        "precision": 0.884393063583815,
        "recall": 0.788659793814433,
        "f1-score": 0.8337874659400544,
        "support": 194
    },
    "TAM": {
        "precision": 0.9586206896551724,
        "recall": 0.8742138364779874,
        "f1-score": 0.9144736842105264,
        "support": 159
    },
    "micro avg": {
        "precision": 0.9206798866855525,
        "recall": 0.8586525759577279,
        "f1-score": 0.8885850991114149,
        "support": 757
    },
    "macro avg": {
        "precision": 0.8874768715119044,
        "recall": 0.7806866959315997,
        "f1-score": 0.8244865211108617,
        "support": 757
    },
    "weighted avg": {
        "precision": 0.9190579735644442,
        "recall": 0.8586525759577279,
        "f1-score": 0.8863856390656487,
        "support": 757
    },
    "training_time": 89.98602890968323
}