{
    "ACH": {
        "precision": 0.912568306010929,
        "recall": 0.8564102564102564,
        "f1-score": 0.8835978835978836,
        "support": 195
    },
    "ATE": {
        "precision": 0.8235294117647058,
        "recall": 0.8484848484848485,
        "f1-score": 0.8358208955223881,
        "support": 33
    },
    "BOR": {
        "precision": 0.6470588235294118,
        "recall": 0.6111111111111112,
        "f1-score": 0.6285714285714287,
        "support": 18
    },
    "CAL": {
        "precision": 0.9662162162162162,
        "recall": 0.9050632911392406,
        "f1-score": 0.934640522875817,
        "support": 158
    },
    "LOC": {
        "precision": 0.8571428571428571,
        "recall": 0.865979381443299,
        "f1-score": 0.8615384615384615,
        "support": 194
    },
    "TAM": {
        "precision": 0.9290322580645162,
        "recall": 0.9056603773584906,
        "f1-score": 0.9171974522292995,
        "support": 159
    },
    "micro avg": {
        "precision": 0.9017735334242838,
        "recall": 0.8731836195508587,
        "f1-score": 0.887248322147651,
        "support": 757
    },
    "macro avg": {
        "precision": 0.8559246454547726,
        "recall": 0.8321182109912076,
        "f1-score": 0.843561107389213,
        "support": 757
    },
    "weighted avg": {
        "precision": 0.9028247748534087,
        "recall": 0.8731836195508587,
        "f1-score": 0.8875086150930132,
        "support": 757
    },
    "training_time": 131.2187945842743
}