{
    "ACH": {
        "precision": 0.8730964467005076,
        "recall": 0.882051282051282,
        "f1-score": 0.8775510204081632,
        "support": 195
    },
    "ATE": {
        "precision": 0.7575757575757576,
        "recall": 0.7575757575757576,
        "f1-score": 0.7575757575757576,
        "support": 33
    },
    "BOR": {
        "precision": 0.6923076923076923,
        "recall": 0.5,
        "f1-score": 0.5806451612903226,
        "support": 18
    },
    "CAL": {
        "precision": 0.9477124183006536,
        "recall": 0.9177215189873418,
        "f1-score": 0.932475884244373,
        "support": 158
    },
    "LOC": {
        "precision": 0.8448275862068966,
        "recall": 0.7577319587628866,
        "f1-score": 0.7989130434782609,
        "support": 194
    },
    "TAM": {
        "precision": 0.9530201342281879,
        "recall": 0.8930817610062893,
        "f1-score": 0.922077922077922,
        "support": 159
    },
    "micro avg": {
        "precision": 0.8901251738525731,
        "recall": 0.845442536327609,
        "f1-score": 0.8672086720867209,
        "support": 757
    },
    "macro avg": {
        "precision": 0.8447566725532827,
        "recall": 0.7846937130639261,
        "f1-score": 0.8115397981791332,
        "support": 757
    },
    "weighted avg": {
        "precision": 0.8888780194531842,
        "recall": 0.845442536327609,
        "f1-score": 0.865924401107795,
        "support": 757
    },
    "training_time": 74.01382994651794
}