{
    "ACH": {
        "precision": 0.8872549019607843,
        "recall": 0.9282051282051282,
        "f1-score": 0.9072681704260651,
        "support": 195
    },
    "ATE": {
        "precision": 0.6511627906976745,
        "recall": 0.8484848484848485,
        "f1-score": 0.736842105263158,
        "support": 33
    },
    "BOR": {
        "precision": 0.631578947368421,
        "recall": 0.6666666666666666,
        "f1-score": 0.6486486486486486,
        "support": 18
    },
    "CAL": {
        "precision": 0.9433962264150944,
        "recall": 0.9493670886075949,
        "f1-score": 0.9463722397476341,
        "support": 158
    },
    "LOC": {
        "precision": 0.8246445497630331,
        "recall": 0.8969072164948454,
        "f1-score": 0.8592592592592592,
        "support": 194
    },
    "TAM": {
        "precision": 0.9090909090909091,
        "recall": 0.9433962264150944,
        "f1-score": 0.9259259259259259,
        "support": 159
    },
    "micro avg": {
        "precision": 0.867665418227216,
        "recall": 0.9180977542932629,
        "f1-score": 0.8921694480102695,
        "support": 757
    },
    "macro avg": {
        "precision": 0.8078547208826526,
        "recall": 0.872171195812363,
        "f1-score": 0.8373860582117817,
        "support": 757
    },
    "weighted avg": {
        "precision": 0.871142140027841,
        "recall": 0.9180977542932629,
        "f1-score": 0.8934664343211193,
        "support": 757
    },
    "training_time": 91.61445498466492
}