{
    "ACH": {
        "precision": 0.8984771573604061,
        "recall": 0.9076923076923077,
        "f1-score": 0.9030612244897959,
        "support": 195
    },
    "ATE": {
        "precision": 0.7073170731707317,
        "recall": 0.8787878787878788,
        "f1-score": 0.7837837837837839,
        "support": 33
    },
    "BOR": {
        "precision": 0.4666666666666667,
        "recall": 0.3888888888888889,
        "f1-score": 0.42424242424242425,
        "support": 18
    },
    "CAL": {
        "precision": 0.967948717948718,
        "recall": 0.9556962025316456,
        "f1-score": 0.9617834394904459,
        "support": 158
    },
    "LOC": {
        "precision": 0.8403755868544601,
        "recall": 0.9226804123711341,
        "f1-score": 0.8796068796068797,
        "support": 194
    },
    "TAM": {
        "precision": 0.9036144578313253,
        "recall": 0.9433962264150944,
        "f1-score": 0.9230769230769232,
        "support": 159
    },
    "micro avg": {
        "precision": 0.8794416243654822,
        "recall": 0.9154557463672391,
        "f1-score": 0.8970873786407767,
        "support": 757
    },
    "macro avg": {
        "precision": 0.7973999433053846,
        "recall": 0.8328569861144915,
        "f1-score": 0.8125924457817087,
        "support": 757
    },
    "weighted avg": {
        "precision": 0.8805653489838267,
        "recall": 0.9154557463672391,
        "f1-score": 0.8969259129844052,
        "support": 757
    },
    "training_time": 133.17881202697754
}