{
    "ACH": {
        "precision": 0.9030612244897959,
        "recall": 0.9076923076923077,
        "f1-score": 0.9053708439897699,
        "support": 195
    },
    "ATE": {
        "precision": 0.7714285714285715,
        "recall": 0.8181818181818182,
        "f1-score": 0.7941176470588236,
        "support": 33
    },
    "BOR": {
        "precision": 0.7222222222222222,
        "recall": 0.7222222222222222,
        "f1-score": 0.7222222222222222,
        "support": 18
    },
    "CAL": {
        "precision": 0.9487179487179487,
        "recall": 0.9367088607594937,
        "f1-score": 0.9426751592356688,
        "support": 158
    },
    "LOC": {
        "precision": 0.8848167539267016,
        "recall": 0.8711340206185567,
        "f1-score": 0.8779220779220779,
        "support": 194
    },
    "TAM": {
        "precision": 0.9308176100628931,
        "recall": 0.9308176100628931,
        "f1-score": 0.9308176100628931,
        "support": 159
    },
    "micro avg": {
        "precision": 0.9033112582781457,
        "recall": 0.9009247027741083,
        "f1-score": 0.9021164021164021,
        "support": 757
    },
    "macro avg": {
        "precision": 0.8601773884746887,
        "recall": 0.8644594732562152,
        "f1-score": 0.8621875934152424,
        "support": 757
    },
    "weighted avg": {
        "precision": 0.9037066945731427,
        "recall": 0.9009247027741083,
        "f1-score": 0.9022625564162022,
        "support": 757
    },
    "training_time": 76.9605803489685
}