{
    "ACH": {
        "precision": 0.9428571428571428,
        "recall": 0.8461538461538461,
        "f1-score": 0.8918918918918919,
        "support": 195
    },
    "ATE": {
        "precision": 0.6944444444444444,
        "recall": 0.7575757575757576,
        "f1-score": 0.7246376811594203,
        "support": 33
    },
    "BOR": {
        "precision": 0.47368421052631576,
        "recall": 0.5,
        "f1-score": 0.4864864864864865,
        "support": 18
    },
    "CAL": {
        "precision": 0.9530201342281879,
        "recall": 0.8987341772151899,
        "f1-score": 0.9250814332247557,
        "support": 158
    },
    "LOC": {
        "precision": 0.8709677419354839,
        "recall": 0.8350515463917526,
        "f1-score": 0.8526315789473684,
        "support": 194
    },
    "TAM": {
        "precision": 0.9251700680272109,
        "recall": 0.8553459119496856,
        "f1-score": 0.888888888888889,
        "support": 159
    },
    "micro avg": {
        "precision": 0.8974719101123596,
        "recall": 0.8441215323645971,
        "f1-score": 0.8699795779441797,
        "support": 757
    },
    "macro avg": {
        "precision": 0.810023957003131,
        "recall": 0.7821435398810386,
        "f1-score": 0.7949363267664685,
        "support": 757
    },
    "weighted avg": {
        "precision": 0.9008548074942501,
        "recall": 0.8441215323645971,
        "f1-score": 0.8711960967669363,
        "support": 757
    },
    "training_time": 94.71104741096497
}