{
    "ACH": {
        "precision": 0.9292929292929293,
        "recall": 0.9435897435897436,
        "f1-score": 0.9363867684478372,
        "support": 195
    },
    "ATE": {
        "precision": 0.7777777777777778,
        "recall": 0.8484848484848485,
        "f1-score": 0.8115942028985507,
        "support": 33
    },
    "BOR": {
        "precision": 0.5833333333333334,
        "recall": 0.7777777777777778,
        "f1-score": 0.6666666666666666,
        "support": 18
    },
    "CAL": {
        "precision": 0.949685534591195,
        "recall": 0.9556962025316456,
        "f1-score": 0.9526813880126183,
        "support": 158
    },
    "LOC": {
        "precision": 0.8737373737373737,
        "recall": 0.8917525773195877,
        "f1-score": 0.8826530612244898,
        "support": 194
    },
    "TAM": {
        "precision": 0.9551282051282052,
        "recall": 0.9371069182389937,
        "f1-score": 0.946031746031746,
        "support": 159
    },
    "micro avg": {
        "precision": 0.9066147859922179,
        "recall": 0.9233817701453104,
        "f1-score": 0.9149214659685864,
        "support": 757
    },
    "macro avg": {
        "precision": 0.8448258589768024,
        "recall": 0.8924013446570994,
        "f1-score": 0.8660023055469847,
        "support": 757
    },
    "weighted avg": {
        "precision": 0.9099069187115348,
        "recall": 0.9233817701453104,
        "f1-score": 0.9161894707339138,
        "support": 757
    },
    "training_time": 137.97460651397705
}