{
    "ACH": {
        "precision": 0.9019607843137255,
        "recall": 0.9435897435897436,
        "f1-score": 0.9223057644110275,
        "support": 195
    },
    "ATE": {
        "precision": 0.7297297297297297,
        "recall": 0.8181818181818182,
        "f1-score": 0.7714285714285715,
        "support": 33
    },
    "BOR": {
        "precision": 0.7647058823529411,
        "recall": 0.7222222222222222,
        "f1-score": 0.7428571428571428,
        "support": 18
    },
    "CAL": {
        "precision": 0.9382716049382716,
        "recall": 0.9620253164556962,
        "f1-score": 0.95,
        "support": 158
    },
    "LOC": {
        "precision": 0.8543689320388349,
        "recall": 0.9072164948453608,
        "f1-score": 0.88,
        "support": 194
    },
    "TAM": {
        "precision": 0.93125,
        "recall": 0.9371069182389937,
        "f1-score": 0.9341692789968652,
        "support": 159
    },
    "micro avg": {
        "precision": 0.8918575063613231,
        "recall": 0.9260237780713342,
        "f1-score": 0.9086195722618275,
        "support": 757
    },
    "macro avg": {
        "precision": 0.8533811555622505,
        "recall": 0.8817237522556391,
        "f1-score": 0.8667934596156012,
        "support": 757
    },
    "weighted avg": {
        "precision": 0.8927230862620759,
        "recall": 0.9260237780713342,
        "f1-score": 0.9088918241072963,
        "support": 757
    },
    "training_time": 658.1302676200867
}